0.0050 38.8593 6.61 -0.02
0.0373 46.9400 7.34 0.08
0.0484 -0.3604 7.25 1.20
0.0533 38.3040 6.53 0.95
0.0795 -44.2906 6.28 0.76
0.0996 26.9181 6.43 0.51
0.1123 -16.6970 7.46 0.47
0.1289 59.5597 6.18 1.03
0.1352 -40.6905 7.31 1.16
0.1430 -53.0977 6.49 0.62
0.1582 -66.6832 7.40 0.55
0.1737 62.1759 7.05 0.52
0.1818 45.2533 6.36 -0.05
0.2204 66.8480 6.90 1.45
0.2232 -50.4465 7.42 1.52
0.2691 -48.8099 5.71 0.91
0.3160 60.3553 7.04 2.83
0.3205 -41.4874 7.05 1.55
0.3302 49.9816 6.22 0.97
0.3338 -50.3374 5.53 1.61
0.3466 6.7915 7.23 0.39
0.3726 -62.9231 7.46 0.16
0.3902 44.6754 6.82 1.07
0.3964 28.4237 6.83 1.20
0.3992 -77.0657 4.78 1.25
0.4001 72.2366 7.21 1.17
0.4042 61.2228 5.58 0.41
0.4140 73.6118 6.50 0.18
0.4235 -40.1487 6.62 0.55
0.4287 24.2531 6.60 1.15
0.4327 42.3671 6.25 -0.04
0.4538 66.3060 7.33 0.73
0.4560 -3.0275 5.13 -0.13
0.4803 -37.2300 7.04 1.06
0.4901 -6.0141 4.37 1.63
0.5008 -37.9019 7.09 1.00
0.5109 -2.7662 6.93 0.29
0.5421 27.0823 5.80 0.69
0.5695 -13.4074 6.90 0.53
0.5738 60.7032 6.77 1.83
0.5830 -29.7204 5.04 -0.15
0.6007 8.9568 6.33 0.18
0.6238 8.4855 5.70 0.32
0.6350 16.2566 7.24 0.07
0.6504 66.0990 5.87 1.07
0.6602 66.1004 7.20 0.09
0.6744 82.9732 7.29 0.12
0.6966 2.1302 7.17 0.62
0.7395 -20.0459 6.25 0.53
0.7827 -24.1451 6.46 1.18
0.7848 42.7479 6.73 0.05
0.8055 17.5523 6.59 1.12
0.8500 73.1745 7.36 0.15
0.8571 63.6405 6.24 0.33
0.8580 20.6655 7.49 0.64
0.8595 -36.2512 6.96 0.35
0.8771 12.3568 7.45 0.35
0.9244 48.4369 6.80 0.06
0.9350 -17.3360 4.55 -0.05
0.9351 42.0235 7.45 0.24
0.9651 66.7122 6.31 1.63
0.9837 14.3789 7.09 0.30
1.0010 12.1458 7.26 0.35
1.0427 49.8702 7.38 1.00
1.0496 -30.1349 7.09 -0.09
1.0569 62.2877 5.90 0.27
1.0825 -16.5290 5.78 1.08
1.0846 -29.2688 6.38 0.01
1.1255 -10.5095 4.99 1.62
1.1272 -72.8973 7.33 0.44
1.1524 42.0925 6.11 0.16
1.1594 -51.5833 7.13 1.26
1.1658 -70.4043 7.46 1.07
1.1670 34.2651 7.02 1.10
1.1720 -71.4369 5.59 -0.10
1.1719 14.9652 7.37 0.42
1.1746 67.1664 5.68 1.05
1.2236 34.6598 6.09 0.63
1.2291 58.5322 6.61 0.03
1.2333 26.6488 6.25 1.37
1.2397 45.6738 7.47 0.55
1.2549 27.6748 6.47 0.95
1.2659 -0.5030 6.32 1.10
1.2756 61.3140 5.80 -0.07
1.2868 67.8400 7.41 1.29
1.2907 45.2290 6.71 0.07
1.2928 -32.4687 7.10 1.13
1.3042 35.5710 6.88 0.17
1.3329 68.8844 7.08 -0.01
1.3331 -38.8572 6.93 0.94
1.3339 -5.7076 4.61 1.03
1.3402 -56.9556 7.42 0.19
1.3427 3.6061 6.91 1.12
1.3601 -14.4222 7.39 0.99
1.3668 -42.8874 7.47 1.62
1.3677 -7.6654 6.97 1.44
1.3799 -9.6175 7.13 0.45
1.3955 53.1717 7.23 1.17
1.3990 -61.3099 7.36 0.99
1.4011 -51.2605 7.36 1.44
1.4155 55.7099 6.99 1.19
1.4248 13.3963 5.55 0.90
1.4781 18.2350 7.45 0.60
1.4864 24.5690 6.90 1.56
1.5022 28.2769 6.62 1.53
1.5141 63.6797 7.36 0.13
1.5177 40.4185 6.65 0.91
1.5653 58.4367 5.98 0.69
1.5792 -49.0752 5.70 0.52
1.5841 40.8987 6.93 1.09
1.6040 -18.0383 7.31 0.40
1.6105 64.1962 5.57 -0.02
1.6481 28.5534 6.68 0.99
1.6531 29.0215 6.07 0.75
1.7087 -23.1075 6.19 0.39
1.7220 -38.8777 6.91 1.12
1.7672 6.8755 7.44 0.20
1.8261 -17.3870 6.20 0.13
1.8419 -56.8369 7.48 1.53
1.8439 -25.3566 7.06 0.46
1.8440 26.4506 7.33 1.01
1.8671 -56.0115 7.48 0.47
1.8966 31.6690 6.87 1.12
1.9024 -62.3151 7.50 1.70
1.9033 -86.0388 7.39 -0.02
1.9071 40.0785 7.39 1.01
1.9080 40.1480 6.73 0.95
1.9206 -65.9324 6.83 1.16
1.9296 37.1854 7.44 0.48
1.9338 -2.5487 6.43 -0.15
1.9454 -22.5086 5.93 0.14
2.0015 -78.5988 7.18 0.16
2.0072 31.3912 7.12 0.18
2.0145 -33.5293 5.67 1.12
2.0400 31.3790 7.27 0.21
2.0504 -2.4477 6.18 1.37
2.0682 -14.8245 7.04 0.62
2.0731 -8.8241 5.99 1.03
2.0969 29.0904 2.07 -0.04
2.1186 34.9345 7.41 0.61
2.1369 63.2040 6.41 1.00
2.1396 -17.5782 6.11 1.66
2.1616 -74.2385 7.38 1.33
2.1707 36.6271 6.21 0.50
2.1796 -2.2226 7.05 0.96
2.1832 74.2148 7.44 -0.01
2.2031 8.0219 7.43 0.30
2.2083 40.4945 6.82 1.57
2.2172 25.4630 6.24 0.98
2.2177 0.6925 7.31 1.43
2.2235 -22.1795 7.13 1.64
2.2468 -21.2064 7.21 1.09
2.2507 28.2475 6.47 0.24
2.2601 18.2120 5.57 1.04
2.2599 -54.0019 6.32 0.74
2.2652 40.8429 6.93 0.80
2.2680 19.9247 7.11 0.48
2.2857 -50.1668 7.05 -0.12
2.2933 59.1498 2.28 0.38
2.3194 65.0709 7.02 0.93
2.3310 17.5339 7.07 0.64
2.3329 79.7145 6.01 0.20
2.3378 -27.9879 5.42 0.41
2.3525 -45.7474 3.88 1.01
2.3649 46.3879 7.17 0.03
2.3668 1.2440 7.27 1.22
2.4222 -63.5898 7.40 1.57
2.4671 -62.2968 6.34 0.16
2.4792 -2.5613 6.84 1.61
2.4865 -44.6664 7.19 0.97
2.5092 11.1458 5.54 -0.06
2.5094 -82.2240 5.29 1.05
2.5139 -8.9742 7.10 0.34
2.5333 -78.3007 6.97 1.38
2.5686 52.2551 7.20 -0.05
2.5786 -5.2486 5.84 0.97
2.5802 46.0723 5.01 0.41
2.6115 28.6529 7.11 1.53
2.6236 57.1655 6.74 -0.07
2.6350 33.1309 6.83 1.43
2.6444 59.6734 6.70 -0.02
2.6599 -73.2244 6.66 0.37
2.6785 -12.5799 5.84 1.00
2.6954 -34.8607 6.89 0.95
2.7735 4.1331 7.44 1.00
2.7828 57.5879 6.68 1.21
2.7902 -3.3214 6.74 1.02
2.8161 -15.4680 4.89 0.49
2.8420 74.4845 7.15 1.00
2.8797 40.3990 7.47 1.53
2.8934 -27.7997 5.41 1.35
2.8972 -18.6007 6.93 0.99
2.9030 -80.1737 7.21 0.92
2.9048 58.2118 7.09 0.14
2.9122 55.9615 7.47 0.20
2.9333 -35.1331 5.24 0.46
2.9364 57.2715 7.06 0.63
2.9480 9.1400 7.45 0.89
2.9602 66.1263 7.32 0.04
2.9807 -75.4768 7.49 1.60
2.9836 -42.1721 6.53 1.04
2.9961 48.1524 6.18 1.47
3.0057 23.4717 6.58 0.99
3.0060 28.6065 7.19 0.40
3.0126 -13.8132 6.56 1.07
3.0285 47.4911 7.36 1.08
3.0336 53.6239 6.87 0.26
3.0416 -17.9383 5.29 1.48
3.0580 39.9016 7.43 0.34
3.1401 44.5907 7.44 1.52
3.1403 -88.3629 7.22 0.05
3.1423 44.7072 6.50 1.11
3.1492 44.3163 7.01 1.11
3.1681 -1.2272 7.22 1.05
3.1885 57.2275 7.34 1.64
3.2001 46.0954 6.63 0.40
3.2094 37.6937 6.71 -0.12
3.2096 -57.9126 7.22 0.78
3.2297 -3.3815 7.37 1.62
3.2575 49.9265 7.17 0.20
3.2663 -22.4702 6.66 0.96
3.2896 16.9215 6.52 1.05
3.3028 62.0409 6.63 0.23
3.3075 -37.8229 7.21 1.53
3.3090 15.1836 2.83 -0.19
3.3144 -26.3253 7.44 1.28
3.3263 -20.6187 7.45 0.48
3.3315 -84.9940 5.78 1.71
3.3355 49.7234 7.32 0.06
3.3497 26.9875 6.24 0.68
3.3786 41.0354 5.71 0.33
3.4111 42.9494 7.26 1.26
3.4260 -26.0223 5.94 1.55
3.4349 -26.2850 6.14 1.49
3.4379 -48.6842 6.97 0.18
3.4395 -23.2148 6.86 1.10
3.4404 8.1935 7.41 0.44
3.4482 1.3836 6.79 1.26
3.4710 -56.9997 7.15 0.51
3.4817 -17.5454 7.39 -0.17
3.4841 59.9993 6.91 1.12
3.5051 -3.9088 7.41 0.95
3.5095 33.2060 6.22 0.01
3.5107 76.0270 7.17 1.63
3.5170 -74.9120 6.97 1.34
3.5376 26.2588 7.00 0.53
3.5427 -7.1991 7.32 0.52
3.5613 -55.0697 6.66 0.46
3.5842 -27.5314 7.42 0.64
3.5867 -62.7720 6.63 1.70
3.5867 -21.1970 6.89 0.50
3.6019 -2.1980 7.19 1.34
3.6151 -7.7805 5.13 1.60
3.6168 -14.4318 6.95 0.49
3.6405 41.0326 6.68 1.17
3.6507 20.2067 4.79 1.57
3.6524 1.2968 7.03 0.46
3.6601 -18.9329 4.44 1.64
3.6686 -14.8052 6.63 1.03
3.6845 -46.0334 7.13 1.17
3.7009 -14.1777 6.82 0.26
3.7271 -9.5696 5.77 -0.08
3.7323 -3.0274 6.64 1.50
3.7329 22.2842 6.25 -0.00
3.7347 21.5421 7.06 1.00
3.7427 -34.9042 6.17 1.34
3.7452 8.8210 6.02 0.31
3.7782 33.0305 7.34 1.02
3.7790 31.5357 6.34 1.55
3.7940 27.2834 6.35 -0.00
3.8128 -40.0960 7.50 1.03
3.8243 44.2034 6.76 -0.05
3.8398 28.5872 7.33 0.44
3.8905 50.0503 7.45 1.62
3.9110 5.8438 6.98 1.15
3.9651 -5.6012 7.48 0.95
3.9786 61.0002 6.43 0.84
3.9789 -75.9116 6.49 0.98
3.9888 4.2511 7.13 0.05
4.0369 -31.4464 5.66 1.35
4.0479 -79.8512 6.59 0.75
4.0579 76.9508 6.35 -0.04
4.0897 43.5950 6.12 0.07
4.1016 -70.3924 7.18 0.25
4.1071 53.9456 7.22 1.02
4.1352 -32.7604 7.34 1.20
4.1416 -13.4039 7.15 0.22
4.1418 8.2402 6.12 0.92
4.1643 1.8506 6.98 1.60
4.1735 54.6601 7.43 0.27
4.1753 -32.6884 6.67 1.08
4.1764 -20.2101 6.50 -0.11
4.1793 36.6298 6.99 0.05
4.1902 13.9168 7.46 0.17
4.1903 10.2448 6.51 1.86
4.2010 -78.7802 6.78 0.45
4.2156 46.6143 7.18 1.07
4.2241 -52.6511 6.84 0.66
4.2248 49.4619 6.52 1.77
4.2292 23.2562 6.95 1.06
4.2377 61.5332 5.74 0.90
4.2729 38.6816 4.61 0.06
4.2877 47.9474 5.86 -0.08
4.3523 8.8765 6.66 0.59
4.3863 -19.0511 6.46 0.39
4.4294 51.4331 6.11 -0.15
4.4487 1.6887 6.19 0.94
4.4515 -1.8627 7.10 0.90
4.4582 16.3310 7.21 0.48
4.4635 20.2270 6.91 1.58
4.4701 44.5779 7.38 1.03
4.4846 12.7715 6.54 0.97
4.4953 -13.4556 6.51 0.60
4.5329 3.7968 7.20 0.31
4.5384 46.2143 6.83 1.32
4.5706 -21.1385 6.69 -0.01
4.5719 11.2062 6.07 1.04
4.5768 -36.5099 6.67 1.30
4.5772 -2.0148 7.21 1.31
4.5819 36.7852 4.51 0.05
4.5824 44.5584 7.19 1.61
4.5863 -49.9056 7.27 1.13
4.5865 30.3959 7.08 1.19
4.6086 -63.4775 7.46 0.54
4.6149 76.2765 7.18 -0.05
4.6199 62.2028 6.97 1.52
4.6229 -46.5321 7.47 0.47
4.6275 26.1403 7.27 0.17
4.6594 31.5172 5.88 -0.01
4.6652 22.8797 7.14 0.89
4.6696 44.6300 7.05 0.12
4.6744 -8.0530 6.47 0.67
4.6757 43.7911 6.10 -0.07
4.6773 -43.2356 6.33 1.21
4.8255 73.1226 7.31 1.06
4.8280 59.1390 7.26 0.05
4.8354 -46.4990 7.45 1.53
4.8570 -8.8239 3.56 1.21
4.8954 -50.4294 7.44 1.65
4.9020 -7.2240 7.03 0.51
4.9232 40.7295 6.35 1.18
4.9447 36.9624 7.26 1.30
4.9620 -2.4789 6.96 0.85
4.9845 16.2509 6.60 0.98
4.9915 -25.1219 7.45 1.12
5.0018 38.2274 6.97 0.64
5.0121 -64.8748 4.23 0.58
5.0123 -17.7004 6.73 1.25
5.0211 6.2926 6.81 1.53
5.0215 48.8654 6.53 0.05
5.0440 -13.0615 6.85 1.03
5.1017 30.9356 5.89 -0.10
5.1264 10.9177 7.03 1.04
5.1289 48.9686 6.46 0.56
5.1374 45.5089 7.00 0.56
5.1423 56.5569 6.73 0.82
5.1494 8.1903 5.38 1.34
5.1627 -69.6249 5.50 -0.05
5.1815 61.8796 6.80 2.02
5.1897 26.5137 7.39 1.42
5.1897 32.9112 5.79 1.59
5.2024 -23.6302 6.78 0.31
5.2239 -39.2399 7.14 0.51
5.2255 32.9780 6.90 0.48
5.2275 10.9769 6.57 0.06
5.2477 12.7717 7.20 0.27
5.2678 -2.9096 6.92 1.04
5.2803 37.9686 5.16 0.44
5.2885 35.8788 7.37 0.24
5.3047 -3.3118 7.36 0.53
5.3113 -35.7990 7.14 1.57
5.3424 67.0054 7.23 0.01
5.3698 -77.4269 5.96 1.40
5.3787 -65.7517 7.26 1.25
5.3800 -28.9815 5.18 1.01
5.3892 -66.3046 7.36 0.01
5.3962 38.1871 6.86 1.09
5.4268 67.8230 6.55 0.98
5.4428 -20.0580 5.61 1.58
5.4687 -23.0080 7.40 0.63
5.5593 -5.1919 7.11 0.15
5.5721 37.7612 7.50 0.98
5.5886 -50.9925 6.68 1.10
5.5984 35.5363 7.02 1.61
5.6062 13.4825 6.25 1.23
5.6422 -61.0349 7.30 0.04
5.6991 54.6454 7.16 0.87
5.7001 -39.2624 6.75 0.37
5.7078 29.4543 6.95 0.21
5.7158 -12.2094 6.39 0.66
5.7161 -37.4034 7.03 1.59
5.7390 38.7543 6.69 1.56
5.7501 -6.4630 7.49 1.23
5.7631 44.5252 7.31 0.09
5.7683 -15.9426 6.43 1.59
5.8025 -31.0358 6.55 -0.06
5.8423 -29.8473 6.81 1.56
5.8542 -18.8916 7.11 0.99
5.9719 60.9614 6.57 0.38
5.9982 -17.8104 7.42 0.51
5.9993 -3.4753 7.35 0.13
6.0219 44.2647 6.66 0.41
6.0652 52.0199 5.58 -0.11
6.1235 -2.2191 6.08 1.22
6.1590 14.3155 6.48 1.16
6.1653 31.3731 6.76 -0.06
6.1769 -53.9840 7.27 0.68
6.1860 -51.0439 6.81 0.60
6.1979 61.8311 5.38 0.01
6.2068 -18.4719 6.90 1.43
6.2767 53.0468 5.72 -0.06
6.3239 35.0372 7.37 1.57
6.3421 -39.2604 6.91 0.95
6.3458 -17.4277 7.06 1.43
6.3509 1.9397 5.77 0.85
6.4187 -77.2542 2.82 0.62
6.4240 54.9942 6.78 1.68
6.4246 7.6911 6.77 1.30
6.4400 -27.7102 6.88 1.29
6.4635 71.8071 6.91 -0.02
6.4678 65.3835 7.45 0.26
6.4692 -8.3515 7.41 1.15
6.4943 21.0243 7.50 0.93
6.5153 20.1469 6.67 -0.04
6.5265 55.4909 7.12 1.20
6.5503 56.7792 6.71 0.88
6.5507 -43.6798 3.93 0.17
6.5559 -39.6494 7.11 1.00
6.5687 3.8258 6.90 -0.13
6.5708 -42.3060 2.40 1.08
6.5906 -18.6936 6.24 1.62
6.5909 49.0490 6.94 1.29
6.6559 -0.0495 6.16 0.89
6.6644 56.6412 6.58 0.02
6.6748 -69.3071 6.98 1.38
6.7690 25.0421 6.66 0.49
6.7726 -5.0038 7.05 1.12
6.7789 -9.8730 7.29 0.93
6.7805 80.0521 6.53 -0.08
6.7825 31.1771 7.35 1.69
6.8019 49.9857 6.95 -0.01
6.8023 25.5785 7.49 1.19
6.8113 -25.5472 5.99 1.02
6.8344 2.8141 7.18 0.89
6.8423 -28.2432 7.01 0.97
6.8794 16.0255 6.44 0.23
6.9066 -20.1345 6.78 0.26
6.9184 -16.4094 7.20 0.50
6.9188 58.5539 7.47 0.04
6.9821 -33.0072 4.86 1.63
6.9936 19.5140 6.40 0.99
7.0023 -11.6588 7.35 1.21
7.0121 17.8931 5.01 1.58
7.0429 20.7960 7.48 1.58
7.0529 16.4451 6.05 1.58
7.0568 44.3945 5.18 0.04
7.0588 -29.0403 6.75 1.13
7.0835 10.1898 6.05 0.45
7.0879 -20.3351 6.44 0.59
7.1102 -29.2848 7.10 0.50
7.1104 -39.9150 5.42 1.56
7.1155 33.7989 7.13 1.02
7.1191 32.4377 6.87 0.11
7.1384 -11.2372 6.86 0.54
7.1538 33.6340 7.47 1.47
7.1795 -50.5329 6.26 1.09
7.2115 -24.6367 7.14 0.32
7.2260 57.2097 7.30 0.89
7.2361 36.8997 6.28 0.92
7.2375 48.4137 7.04 1.62
7.2935 -11.5981 7.35 1.62
7.3370 28.8278 7.34 1.47
7.3464 -40.6654 6.82 1.27
7.3723 -3.4693 6.95 1.31
7.3836 10.3872 7.29 1.18
7.4004 62.0642 7.00 1.06
7.4128 -2.8404 6.89 1.46
7.4542 -32.1160 6.59 1.35
7.4653 38.3241 7.47 0.54
7.4662 -14.8641 6.15 0.39
7.4806 -1.1177 7.46 0.35
7.5098 -3.9573 5.72 1.54
7.5307 29.7516 5.20 0.27
7.5362 4.8601 6.52 0.45
7.5682 64.7490 7.27 0.01
7.5763 15.7954 7.40 1.28
7.5830 59.9776 5.94 -0.00
7.5944 -23.7877 5.17 0.13
7.6086 -48.2149 5.67 0.37
7.6159 -40.9396 6.18 0.32
7.6221 -39.5185 6.60 1.14
7.6697 -9.4078 7.43 1.57
7.6734 62.3540 7.39 -0.01
7.6965 16.0376 6.83 0.13
7.7266 77.0194 6.18 0.88
7.7496 -10.0847 6.86 0.20
7.7605 50.2540 7.37 0.87
7.7664 55.7026 6.57 1.15
7.8024 69.7853 7.37 0.50
7.8038 43.9465 6.76 -0.06
7.8539 -48.8035 4.76 0.02
7.8545 38.9806 7.32 0.11
7.8550 66.5196 6.18 -0.10
7.8568 33.5816 5.88 1.13
7.8762 11.5322 7.18 0.28
7.8781 20.8295 7.17 1.35
7.8806 21.1102 7.48 1.61
7.8859 -62.9582 4.36 -0.06
7.8892 -62.9656 4.53 0.15
7.9004 16.0209 6.89 1.27
7.9056 9.1612 6.99 1.41
7.9198 -1.7937 7.07 0.07
7.9216 52.8395 5.59 1.16
7.9228 12.9135 7.25 0.91
7.9309 19.4820 7.44 0.95
7.9431 54.5223 4.74 -0.10
7.9473 45.9263 7.48 1.10
7.9629 18.1053 7.22 0.54
7.9787 19.6430 6.87 1.64
8.0196 -18.2220 7.07 1.25
8.0474 53.8151 6.94 1.52
8.0585 34.9939 6.74 0.19
8.0908 58.3386 7.10 0.38
8.0924 -24.6462 7.32 0.39
8.0991 6.9555 5.69 -0.01
8.1117 43.4948 6.69 -0.01
8.1250 51.7283 6.94 1.10
8.1330 18.7949 6.79 1.54
8.1440 27.5808 6.68 0.08
8.1478 20.2943 5.38 1.07
8.1641 -25.3597 6.72 1.18
8.1648 23.1934 6.84 0.92
8.1800 38.8438 6.90 0.36
8.1827 -63.0315 5.07 0.04
8.1979 54.1199 6.91 1.25
8.2045 28.2802 6.26 0.96
8.2326 16.1672 6.90 0.51
8.2500 62.9318 4.17 0.13
8.2932 54.8950 5.93 1.04
8.2970 -3.8479 7.36 1.30
8.2993 -46.9518 7.47 0.28
8.3301 70.9818 6.41 -0.01
8.3469 -71.2662 6.11 0.27
8.3714 -0.6088 7.18 0.34
8.3738 -55.3283 7.21 0.00
8.3851 -38.1134 7.27 0.61
8.4014 -26.0918 7.29 1.46
8.4210 -29.5583 5.55 1.26
8.4325 -35.0021 6.41 0.62
8.4500 -39.9246 7.42 -0.02
8.4539 43.6666 7.50 1.61
8.4760 3.3199 7.47 0.94
8.5450 10.2992 6.76 0.95
8.5811 -42.4312 6.88 0.18
8.6037 66.7504 6.47 -0.05
8.6048 -45.4258 6.80 1.29
8.6132 -6.5039 6.90 0.48
8.6156 -52.3731 5.57 0.47
8.6233 47.9155 7.38 0.55
8.6242 -4.5465 7.02 0.73
8.6559 67.5165 7.36 0.18
8.6684 -37.9960 7.42 1.13
8.7307 13.3711 6.39 1.14
8.7901 36.8322 6.58 1.45
8.7972 62.9894 7.26 0.57
8.8073 51.8382 7.37 0.60
8.8120 -3.5928 5.20 0.57
8.8712 54.2035 6.95 0.10
8.8868 -0.5056 5.94 0.44
8.8889 -54.8219 6.04 1.00
8.8926 -39.7463 7.45 0.73
8.8970 53.4889 7.27 0.06
8.9049 67.9260 6.92 2.04
8.9215 -48.0009 5.51 0.46
8.9529 49.0211 6.89 0.61
8.9588 16.5695 7.32 0.43
8.9784 13.2071 6.32 0.52
9.0035 -59.7172 6.91 0.37
9.0077 -5.5707 6.72 0.47
9.0132 -14.9730 6.45 1.06
9.0277 38.2520 7.08 1.64
9.0286 -22.8423 6.06 0.30
9.0346 54.1684 5.08 -0.10
9.0409 24.0254 7.23 1.09
9.0837 27.2548 6.51 -0.07
9.0843 44.6389 7.31 -0.06
9.1139 60.3262 5.78 0.29
9.1567 -65.1244 6.43 1.26
9.1577 -49.1323 6.79 0.64
9.1935 44.4886 5.14 1.59
9.1939 54.9574 6.77 1.42
9.1971 15.2317 5.89 -0.15
9.2069 -76.3096 6.72 0.39
9.2202 33.7193 4.34 -0.12
9.2428 53.8969 3.69 -0.20
9.2565 55.2172 7.43 1.27
9.2800 24.0141 6.18 1.17
9.3181 58.0162 7.39 -0.00
9.3243 11.4366 7.04 0.33
9.3259 -54.3938 6.40 0.99
9.3359 -24.7673 5.57 0.71
9.3384 35.3995 5.45 0.89
9.3435 -37.2881 6.99 0.72
9.3600 40.3324 6.85 0.02
9.3770 3.1354 6.43 1.34
9.4197 21.0997 6.84 1.10
9.4404 72.8949 6.96 -0.01
9.5189 -0.5035 6.64 1.30
9.5265 -41.5922 7.23 0.67
9.5344 -66.0428 7.37 0.61
9.5613 84.6750 7.11 0.55
9.5749 -73.9628 7.43 0.48
9.6141 -45.9013 7.41 0.50
9.6327 -20.2966 6.73 -0.13
9.6393 60.3248 6.77 1.73
9.6390 29.3118 4.34 0.87
9.6505 -23.5992 7.11 0.42
9.6694 -73.1376 6.87 0.11
9.6732 46.9568 6.72 0.96
9.7032 -25.1078 6.43 1.48
9.7053 59.8262 6.72 -0.02
9.7396 26.3238 6.92 1.38
9.7912 49.3546 5.45 1.64
9.7970 -57.9679 6.81 0.47
9.8053 3.1339 7.34 0.63
9.8319 30.8610 3.27 1.27
9.8409 21.2505 5.88 0.85
9.9094 -85.7009 6.81 1.26
9.9196 11.5323 7.43 0.54
9.9317 -11.1508 6.83 0.43
9.9487 82.4938 6.38 0.55
9.9664 -44.7963 6.00 1.14
9.9815 21.4385 5.36 1.16
9.9908 -33.9614 6.68 0.52
9.9978 76.8711 6.73 1.20
10.0825 24.0539 7.21 0.19
10.0834 59.4642 7.04 1.12
10.1017 -7.6567 7.43 0.57
10.1049 -59.4546 5.89 0.56
10.1034 59.5138 7.26 1.92
10.1068 70.7082 7.30 0.03
10.1191 -16.5167 6.49 0.91
10.1261 -55.5115 7.49 1.38
10.1267 56.5373 2.24 1.17
10.1366 -23.8049 6.14 0.72
10.1389 -29.4209 6.75 1.00
10.1766 -4.3518 5.90 1.09
10.1978 -7.2326 7.02 0.62
10.2050 40.1872 7.36 0.94
10.2147 -53.2099 7.37 0.54
10.2467 21.0205 7.05 1.05
10.2726 57.1716 7.44 0.12
10.2799 39.4587 5.30 0.89
10.2995 9.3551 6.52 0.53
10.3030 52.1977 6.74 0.07
10.3315 -46.0850 4.59 0.95
10.3936 -25.1966 6.55 1.24
10.3940 65.8682 6.95 0.58
10.4001 24.6290 6.06 0.30
10.4431 -56.5013 5.72 0.13
10.4896 -43.1248 7.06 0.36
10.4908 59.9147 7.42 0.28
10.5060 40.6883 7.03 0.45
10.5143 66.1476 5.83 1.04
10.5162 50.5125 4.80 -0.10
10.5607 -11.8049 6.78 1.35
10.5911 43.9374 7.33 1.04
10.6180 -65.4680 5.38 0.52
10.6207 27.6429 7.20 0.34
10.6293 58.7534 6.18 -0.00
10.6564 -36.0222 7.07 1.60
10.6583 52.3372 6.94 0.06
10.6668 71.3659 7.22 0.02
10.6723 -65.6085 7.01 0.19
10.6741 -60.2628 5.99 1.32
10.6787 -38.4635 6.05 -0.02
10.6984 30.1026 7.37 1.08
10.7040 45.9295 7.06 1.52
10.7086 64.2913 7.28 0.64
10.7114 -9.9217 6.63 0.53
10.7198 16.6625 6.56 1.18
10.7576 -3.8563 7.22 0.43
10.8229 -45.1813 6.98 1.05
10.8285 -6.3368 7.42 1.33
10.8385 -57.4631 4.36 0.02
10.8670 47.0245 4.95 0.17
10.8973 -17.9866 2.04 1.02
10.9587 -12.0118 6.01 1.11
10.9678 33.3107 6.92 0.31
10.9974 49.0704 7.10 1.05
11.0125 70.8234 6.75 0.92
11.0469 46.2356 7.49 0.47
11.0475 -10.6096 4.77 1.00
11.0502 -38.4217 5.90 1.14
11.0599 -49.3859 6.86 0.14
11.1092 47.8640 5.66 -0.11
11.1316 -62.4976 6.06 0.45
11.1473 -78.0822 6.61 1.08
11.1549 40.6794 7.18 1.61
11.1631 -65.6495 6.55 0.66
11.1813 48.2844 4.48 -0.07
11.1850 -22.0061 5.22 0.35
11.1996 67.1582 6.90 0.49
11.2277 -63.1966 6.94 1.50
11.2378 -42.6766 5.94 0.30
11.2481 -12.1443 7.24 1.06
11.2494 -53.7149 6.15 0.52
11.2600 62.5286 6.62 1.33
11.2665 75.9378 7.19 0.76
11.2957 0.2533 7.01 0.54
11.3034 23.5908 7.40 0.00
11.3216 55.2214 5.41 0.02
11.3505 -4.6292 6.15 1.65
11.3695 -12.8808 6.15 0.60
11.4129 74.9881 5.64 0.08
11.4238 -16.4242 6.47 0.31
11.4398 -47.5520 5.80 0.64
11.4415 56.7749 6.95 0.41
11.4438 26.1730 7.41 1.52
11.4968 -16.6526 7.27 0.45
11.5450 44.8615 6.03 -0.06
11.5489 -22.5221 5.49 0.98
11.5627 55.3054 6.51 0.18
11.6014 30.9426 7.15 0.96
11.6056 -57.9276 7.23 1.17
11.6127 30.9516 7.34 1.12
11.6373 15.4755 5.36 1.56
11.6470 -58.0485 7.39 1.56
11.6553 -30.1909 6.81 1.23
11.6575 46.8938 6.86 1.20
11.6597 69.3254 6.39 0.42
11.6769 59.5745 6.41 1.08
11.6868 21.6243 6.95 0.56
11.7156 46.3636 7.48 0.72
11.7494 -24.2167 7.50 0.23
11.7561 11.9738 5.51 0.99
11.8068 19.5787 6.11 0.27
11.8347 24.2672 4.08 1.10
11.8485 6.7410 5.98 0.94
11.9037 -2.3219 7.17 1.54
11.9220 -31.3530 7.09 1.39
11.9301 -18.0613 5.70 1.30
11.9376 26.2917 6.93 1.08
11.9418 74.8476 5.42 -0.07
11.9784 20.9253 6.51 0.52
11.9960 51.4448 6.86 0.10
12.0044 -21.7225 5.57 -0.06
12.0373 72.6745 5.86 1.01
12.0486 65.1196 6.91 0.95
12.0725 7.2999 5.92 1.10
12.0957 5.2806 5.74 0.89
12.1467 -74.9234 5.09 1.34
12.1706 7.5851 4.44 1.50
12.1713 52.1008 6.82 0.84
12.1719 -28.4954 6.78 0.35
12.1942 78.4673 7.11 0.97
12.2084 50.9682 4.90 -0.09
12.2364 -46.6976 6.28 0.90
12.2446 16.9406 5.07 0.50
12.2694 14.8092 6.95 1.52
12.2739 57.8152 3.46 0.59
12.2759 -21.1511 7.04 0.91
12.2904 28.7193 7.18 0.93
12.3078 57.0750 7.12 1.72
12.3081 -24.1367 5.90 0.94
12.3173 41.0818 7.06 1.02
12.3567 -13.5613 5.59 1.32
12.3614 -23.2125 7.15 0.77
12.3797 46.5110 7.18 1.02
12.3893 -23.3621 6.27 0.13
12.4051 47.7639 6.66 0.28
12.4535 41.0789 4.53 -0.14
12.4715 27.7103 5.55 0.40
12.4790 -0.2241 6.64 1.37
12.4844 -57.3862 7.19 1.56
12.4939 34.9742 7.26 0.61
12.5094 70.7742 6.90 -0.06
12.5157 -43.3949 6.49 0.29
12.5194 81.9672 7.38 1.08
12.5316 -10.6443 5.17 0.51
12.5614 28.3690 7.23 1.10
12.5760 45.0023 6.13 0.04
12.6607 25.5849 7.21 0.90
12.6715 -50.9868 5.24 0.36
12.6816 64.2475 5.35 0.53
12.7184 -71.1514 6.86 0.45
12.7337 77.9535 6.76 0.27
12.7389 51.5080 6.38 0.31
12.7952 -5.0393 6.98 0.66
12.8011 38.0422 7.15 1.34
12.8183 61.8055 6.04 1.88
12.8263 3.3850 6.39 1.07
12.8328 -9.4055 6.89 0.49
12.8420 -38.5288 7.14 0.59
12.8538 32.6571 7.28 0.56
12.8580 63.7812 6.87 0.49
12.8756 41.2319 7.26 -0.02
12.8862 -3.1431 7.25 0.12
12.8908 51.5714 6.22 0.03
12.8954 12.7848 6.70 0.34
12.9041 22.6234 7.14 1.03
12.9055 -8.8183 7.23 1.42
12.9461 48.0566 7.49 1.10
12.9673 -43.7090 6.89 0.36
12.9770 50.7746 7.40 1.09
12.9879 33.8900 6.87 1.38
13.0534 -22.6173 7.13 0.53
13.1022 -69.5038 6.67 0.52
13.1174 21.4099 7.28 0.49
13.1203 13.6488 7.38 0.08
13.1583 45.1334 7.44 1.53
13.1693 -24.0058 5.47 1.27
13.1692 -21.4387 7.44 1.63
13.1884 68.8658 7.20 0.10
13.2157 40.2456 6.76 0.59
13.2224 38.5488 6.70 0.03
13.2521 -1.1443 4.78 1.55
13.2545 -30.3569 7.15 0.94
13.2677 61.1240 4.80 0.54
13.2734 57.2192 7.26 -0.03
13.2824 30.3492 7.27 1.50
13.3019 -24.7769 6.44 0.44
13.3254 19.7665 7.42 0.36
13.3307 49.6556 7.11 -0.01
13.3312 4.0862 7.20 0.36
13.3429 69.9561 7.08 1.48
13.3676 37.4182 6.07 1.14
13.3994 29.0802 7.33 0.12
13.4041 29.4893 6.70 0.87
13.4076 -62.8714 5.73 1.57
13.4188 43.3634 7.19 0.62
13.4222 -4.5256 6.53 0.99
13.4258 -13.9203 7.48 0.94
13.4482 52.6893 6.27 0.19
13.4569 28.5582 7.33 1.03
13.4962 -48.7914 6.82 0.96
13.5016 25.4883 7.26 1.06
13.5209 57.0141 7.41 0.38
13.5252 66.4355 7.05 0.40
13.5415 32.8884 7.22 1.54
13.5623 -57.4031 7.33 1.04
13.5733 -8.7407 6.15 0.91
13.6250 56.3196 7.16 0.29
13.6468 19.1884 5.80 -0.02
13.7200 83.7074 5.59 0.10
13.7421 23.6283 5.46 1.01
13.7434 -45.2199 7.43 1.06
13.7470 24.1003 7.41 0.65
13.7483 -74.3024 6.68 0.99
13.7507 58.9727 4.83 1.22
13.7513 -69.5271 5.45 1.09
13.7717 48.6785 6.28 1.68
13.7907 57.2761 7.43 1.78
13.7996 -47.4060 6.73 0.50
13.8111 24.5571 6.19 1.55
13.8315 6.8542 7.37 1.14
13.8450 -24.6602 7.07 1.01
13.8551 28.5594 7.20 0.20
13.9267 -7.3471 5.88 1.52
13.9707 -53.1925 6.61 1.09
13.9814 -27.7758 6.11 1.67
13.9938 27.2094 6.08 0.13
14.0062 -11.2665 5.35 1.50
14.0090 -3.7380 7.41 0.44
14.0346 -8.0236 7.44 0.55
14.0380 13.9520 6.46 0.96
14.0540 57.9966 6.20 1.38
14.0617 35.2286 6.93 0.11
14.0875 -63.9584 7.17 0.81
14.1278 42.9788 6.53 1.03
14.1665 59.1811 4.62 0.96
14.1771 60.7167 2.15 -0.05
14.1883 38.4993 3.86 0.13
14.1952 -2.7299 6.99 0.29
14.1957 60.3628 5.56 -0.05
14.2046 -25.3634 7.19 0.12
14.2294 68.7757 6.39 0.38
14.2311 64.5323 6.98 0.92
14.3017 23.4176 4.40 0.94
14.3102 54.9524 7.14 0.12
14.3315 61.4219 6.44 0.94
14.3342 52.2399 7.10 1.65
14.3393 -76.5539 7.39 1.09
14.3744 21.4862 7.02 1.10
14.4073 -18.9986 6.92 0.08
14.4152 45.8394 6.10 1.03
14.4152 1.7856 6.97 1.19
14.4590 28.9922 5.44 1.08
14.4592 -1.7660 6.56 1.00
14.4670 -66.5609 7.17 0.82
14.4740 29.5214 7.21 1.25
14.4761 75.4938 7.49 0.14
14.4771 13.6959 6.30 0.90
14.4824 52.1368 7.30 0.11
14.5110 37.4995 7.39 0.28
14.5406 -15.6828 7.07 0.46
14.5412 39.4754 6.55 1.15
14.5530 70.4964 6.97 -0.05
14.5592 33.9509 5.99 1.00
14.5685 45.5971 7.23 0.21
14.5787 21.4045 6.47 0.09
14.5811 6.8443 6.74 1.06
14.5925 -60.6962 6.23 0.10
14.6102 24.5221 7.33 0.50
14.6186 26.7858 7.36 1.53
14.6293 66.3518 5.97 -0.01
14.6515 -29.3574 4.30 -0.15
14.6796 47.0366 6.84 -0.10
14.6825 -19.6327 7.12 1.60
14.6828 -11.3800 5.62 0.95
14.6906 -5.8828 6.57 1.14
14.7627 27.6571 6.99 1.38
14.7774 32.4558 7.37 0.18
14.8845 48.9663 6.90 0.41
14.9570 6.4832 6.14 1.65
14.9623 -8.3232 7.41 1.18
14.9650 -49.7506 7.39 1.58
14.9987 48.0200 7.13 -0.10
15.0116 60.5100 7.09 0.97
15.0148 44.7132 5.69 -0.01
15.0154 -2.0190 7.35 0.46
15.0553 47.3185 7.28 1.44
15.0655 18.1990 7.34 1.07
15.0882 17.2263 7.25 1.02
15.1166 21.2491 6.83 1.37
15.1235 80.5454 6.67 0.39
15.1236 18.6916 7.16 1.10
15.1288 70.9830 6.40 0.14
15.1309 37.7915 7.21 0.13
15.1365 58.3641 7.12 0.20
15.1394 -25.7492 7.34 0.97
15.1472 -36.2382 6.99 1.43
15.1669 -52.5828 7.34 0.40
15.1672 -20.0902 7.22 1.27
15.1683 -1.6586 6.85 1.60
15.2087 -9.3735 7.40 0.22
15.2573 -4.6484 7.34 0.55
15.3261 -38.9165 5.59 1.19
15.3292 45.4520 6.86 0.90
15.3291 -60.8601 6.91 0.65
15.3627 49.5442 6.48 1.10
15.3756 69.3585 6.67 0.02
15.3924 -38.2148 6.61 0.91
15.3930 -6.7995 7.22 1.62
15.4110 -16.2656 6.47 1.18
15.4315 25.2922 6.71 0.78
15.4408 57.8167 6.77 0.28
15.5076 -57.0024 6.12 0.94
15.5319 56.3287 6.71 1.11
15.5765 81.8756 6.90 0.01
15.5769 51.0349 6.48 0.12
15.6101 -31.5520 5.50 0.08
15.6234 8.8216 7.08 0.29
15.6484 27.7480 6.88 0.45
15.6534 -77.5510 7.24 1.39
15.6653 52.8509 7.39 0.03
15.6777 9.1330 6.83 0.50
15.6788 -65.4561 6.25 1.63
15.7046 31.8043 5.50 -0.04
15.7050 -46.3973 5.39 0.90
15.7096 26.2994 7.21 0.41
15.7099 62.6091 7.25 0.91
15.7241 51.7981 6.84 -0.02
15.7261 41.3452 5.95 0.16
15.7359 7.8901 4.27 0.95
15.7563 47.3762 6.46 0.25
15.7606 -4.8366 5.40 1.11
15.7911 53.1404 7.39 1.53
15.8238 -29.5258 6.28 0.93
15.8249 -60.0975 6.81 0.48
15.8273 -41.0211 6.99 1.59
15.9042 61.0748 5.92 0.51
15.9043 58.9092 6.75 1.69
15.9143 84.6069 6.74 0.25
15.9465 6.7648 7.07 0.09
15.9543 1.3668 6.06 0.27
15.9723 47.6423 6.82 -0.06
15.9816 -40.6483 7.03 0.15
15.9892 48.8613 7.19 0.44
15.9948 35.4695 7.20 0.23
16.0090 -40.5306 7.28 0.45
16.0099 52.5022 5.99 1.45
16.0188 38.6885 7.14 1.66
16.0649 57.1167 7.04 1.02
16.0694 54.2042 6.84 0.53
16.0813 61.5802 5.83 0.57
16.0997 -47.9403 6.84 1.60
16.1151 29.6588 6.20 0.44
16.1358 -33.5328 6.44 1.07
16.1518 39.9911 6.77 0.33
16.1684 33.1830 7.07 1.61
16.1817 2.3137 7.21 1.20
16.1950 51.0098 6.53 -0.08
16.2060 -20.7325 7.50 0.49
16.2079 74.3721 6.82 0.04
16.2193 5.6563 6.03 1.52
16.2298 16.2422 7.20 1.67
16.2662 -13.7596 7.30 1.08
16.2723 14.9461 5.64 0.42
16.2825 -71.7339 7.37 1.09
16.2860 -83.5903 7.37 1.08
16.3009 19.1978 7.44 1.57
16.3412 -40.2700 7.18 0.42
16.4037 -9.9793 6.09 1.01
16.4206 21.4732 5.33 0.00
16.4238 21.4654 5.55 -0.05
16.4246 4.1985 7.30 1.13
16.4551 4.9084 6.35 0.38
16.4643 4.9094 7.26 0.48
16.4707 65.9711 7.26 0.10
16.5165 57.7565 7.12 0.02
16.5211 -46.7184 3.32 0.89
16.5214 -9.8394 5.58 0.01
16.5241 3.2747 7.31 1.34
16.5265 -10.9854 6.84 1.00
16.5321 -23.9925 6.12 1.08
16.5349 35.5161 7.41 0.40
16.5467 32.1815 6.28 1.31
16.5948 62.7614 6.52 0.21
16.6107 -35.6607 6.61 0.14
16.6154 -39.8563 6.64 1.55
16.6401 12.9560 6.14 0.96
16.6522 13.8846 7.22 0.45
16.6568 8.3600 6.93 0.30
16.6848 -15.5103 7.17 1.00
16.7250 59.8586 6.87 0.00
16.7293 70.9314 6.63 0.16
16.7505 56.9350 6.41 1.19
16.7666 11.5521 7.22 0.33
16.7800 20.1511 6.99 0.96
16.7894 53.4982 6.31 1.50
16.7958 -1.7321 7.02 0.56
16.7967 -24.8551 7.48 1.19
16.8038 -23.9963 6.36 0.24
16.8078 49.5554 6.81 -0.03
16.8124 44.6167 7.48 1.44
16.8276 -61.7753 5.36 0.88
16.8383 43.5235 7.26 0.40
16.8442 38.0289 7.14 -0.04
16.8697 41.2589 7.24 0.54
16.8834 -41.7467 7.01 0.57
16.9425 -9.7856 5.71 0.45
16.9448 41.5133 7.26 0.03
16.9494 -41.4869 5.21 0.16
16.9565 46.8421 7.41 1.19
16.9882 20.7391 5.56 0.12
16.9986 1.9930 6.44 0.85
17.0034 43.9421 5.04 0.11
17.0055 32.0121 6.23 0.40
17.0162 -61.8716 7.48 0.25
17.0440 44.7961 7.46 -0.08
17.0622 54.9203 5.17 0.70
17.0639 28.8679 6.86 0.37
17.0910 9.9082 6.71 1.66
17.0925 5.6498 5.51 0.33
17.0941 54.2314 7.11 0.08
17.0961 -55.2458 3.94 -0.12
17.1394 58.2634 5.77 -0.02
17.1410 -46.6680 6.89 0.29
17.1475 -10.1823 3.46 1.16
17.1703 70.6815 7.48 0.03
17.1842 86.2571 4.24 1.21
17.2327 9.7305 7.31 -0.06
17.3011 80.0116 6.24 0.92
17.3045 69.6865 6.93 0.24
17.3060 33.9415 7.36 0.14
17.3424 -56.5952 7.14 0.46
17.3755 47.2418 4.26 0.01
17.3958 57.3500 6.65 0.44
17.4131 23.7942 6.65 0.34
17.4329 35.6206 2.07 1.58
17.4550 19.6584 5.57 0.70
17.4659 49.0539 7.19 0.07
17.4677 54.7390 6.75 1.14
17.4872 33.8814 6.97 0.55
17.5137 -26.1937 7.34 1.13
17.5307 -57.6944 6.41 0.89
17.5477 15.6739 6.07 1.53
17.5498 -8.9061 6.40 1.03
17.5650 -56.8630 6.98 0.31
17.5782 42.0815 5.67 0.60
17.5810 25.4578 5.81 1.47
17.6344 64.1746 7.30 0.22
17.6352 52.1292 7.49 0.17
17.6398 2.4457 5.97 1.49
17.6430 51.0133 6.90 0.43
17.6637 68.7786 5.32 -0.01
17.6792 -4.8422 7.32 0.39
17.7104 67.7801 6.55 0.55
17.7177 49.1644 7.30 1.63
17.7262 9.5639 7.23 0.57
17.7446 56.7744 7.24 -0.02
17.7571 -18.8049 7.15 1.50
17.7753 55.1499 4.34 0.17
17.7782 31.4247 5.15 0.26
17.7928 37.7241 5.80 -0.10
17.7941 46.1839 6.60 1.60
17.8122 46.6298 7.31 -0.03
17.8221 -13.5033 7.10 1.49
17.8564 64.2027 5.56 -0.05
17.8634 21.0346 4.66 1.02
17.8707 10.2919 6.49 0.89
17.8837 -12.8431 7.48 0.59
17.9151 30.0896 4.51 1.09
17.9224 65.0189 5.57 -0.07
17.9313 -2.2511 5.93 1.40
18.0435 -73.9071 7.17 0.59
18.0659 -10.9402 7.38 1.09
18.0690 79.6740 5.60 0.01
18.0798 12.2818 6.89 0.49
18.0971 -30.8021 6.54 0.47
18.1277 2.4716 6.55 0.45
18.1420 45.3375 6.13 1.65
18.1892 -37.8565 5.95 0.28
18.1947 -35.2056 6.97 1.05
18.1988 -6.7834 6.59 0.93
18.2208 32.0754 7.00 0.04
18.2245 51.6023 7.30 0.38
18.2400 47.1953 7.07 0.99
18.2478 30.0642 6.24 0.98
18.2596 33.1549 7.41 0.55
18.2750 41.6543 7.24 0.77
18.2910 61.7062 6.40 0.02
18.3174 34.0984 6.73 -0.14
18.3233 62.8289 7.30 1.21
18.3465 -2.5508 7.25 1.13
18.3604 -39.5401 7.26 0.42
18.3858 44.1722 7.43 1.23
18.3865 29.7362 6.74 0.99
18.4329 7.5754 5.21 0.32
18.4373 24.5837 4.67 1.05
18.4386 7.5783 6.44 0.49
18.4671 -4.8474 7.15 0.43
18.5050 -13.4753 6.88 0.31
18.5061 34.4927 7.05 0.58
18.5152 60.8831 7.18 0.03
18.5204 28.5296 6.33 1.68
18.5318 16.1335 5.97 -0.08
18.5437 58.8123 7.18 0.55
18.5865 -50.4163 7.34 1.13
18.5869 30.5421 7.36 0.00
18.6002 -7.9228 5.14 0.45
18.6222 -5.0474 7.50 0.57
18.6491 49.4296 7.34 -0.01
18.6726 -57.3840 7.41 1.35
18.6766 6.9951 6.04 1.08
18.6908 60.9390 7.25 0.47
18.7049 -0.9738 5.70 0.43
18.7263 -15.8188 7.34 0.47
18.7523 -68.8189 7.22 1.00
18.7956 -45.5317 4.97 0.57
18.8678 20.4145 6.99 0.09
18.8985 0.9125 6.71 0.13
18.9406 -68.8759 4.25 0.48
18.9447 9.7849 7.16 0.47
18.9719 20.5022 7.24 1.01
18.9737 -23.9731 7.15 0.31
19.0159 49.8963 7.45 1.60
19.0185 61.9074 7.32 0.42
19.0210 25.7694 6.76 2.61
19.0496 71.7438 5.87 2.04
19.0502 -42.0097 6.58 1.19
19.0526 87.1455 6.20 1.11
19.0788 33.1147 6.04 1.16
19.1021 48.0822 6.61 -0.04
19.1157 23.5895 6.69 0.05
19.1207 -67.4310 6.91 0.38
19.1220 42.9394 6.59 0.59
19.1292 79.9100 6.27 0.44
19.1510 74.0268 7.07 0.06
19.1512 -2.5004 5.42 0.89
19.1754 -41.1804 7.41 1.10
19.2099 21.0519 7.03 0.41
19.2459 -2.2792 6.52 0.56
19.2655 -66.3979 6.23 0.05
19.2711 44.9020 6.11 1.59
19.2908 2.0153 7.26 1.02
19.3192 39.4805 6.69 0.02
19.3312 1.8413 7.47 0.80
19.3505 31.7446 6.36 1.13
19.3595 57.6321 6.86 0.05
19.3874 14.2427 7.18 1.31
19.3959 -65.2118 6.92 1.57
19.4241 44.6319 6.78 1.57
19.4265 -7.6595 6.80 0.27
19.4387 56.6316 6.68 1.02
19.4499 49.0084 6.99 0.55
19.4498 3.6145 5.13 0.07
19.4599 55.4454 7.40 -0.13
19.4618 -67.1105 7.28 1.17
19.4966 -52.1058 7.40 0.29
19.5423 47.4197 6.29 1.36
19.5579 57.8032 6.39 1.59
19.5778 67.8164 6.68 0.02
19.6057 -23.0132 7.30 0.26
19.6383 43.2811 7.13 1.57
19.6759 72.8779 6.99 1.20
19.6840 -43.3329 6.78 1.49
19.6915 72.4014 6.87 1.21
19.6959 37.3863 6.44 0.23
19.7215 39.9633 7.46 1.06
19.7631 45.7059 7.17 1.61
19.7796 80.8618 7.22 0.39
19.7955 76.7966 7.29 1.24
19.8350 -53.6364 7.31 1.45
19.8512 3.2897 7.48 1.15
19.8666 27.2641 4.74 0.03
19.8723 80.8942 6.70 0.02
19.8914 -47.2923 7.48 1.64
19.9388 -68.8982 7.07 0.51
19.9512 -0.5090 5.87 0.64
19.9656 58.2081 6.99 0.41
19.9907 -15.8143 6.70 0.58
19.9929 -57.3492 7.44 0.44
20.0125 -9.8838 6.65 0.41
20.0204 41.9705 6.95 0.35
20.0205 58.2316 4.95 0.68
20.0219 -20.4709 7.48 1.61
20.0490 52.1314 7.48 0.17
20.0525 -60.0742 7.29 1.46
20.0597 -72.7493 7.45 0.33
20.0657 -36.2429 7.45 0.04
20.0750 43.5102 7.06 1.10
20.0810 77.5707 6.31 0.91
20.0941 -28.9869 7.39 1.08
20.1161 -57.3385 7.00 0.55
20.1159 -11.2390 6.16 1.10
20.1441 -3.2470 6.26 1.01
20.1541 54.9624 7.21 0.59
20.1690 51.5948 7.10 0.04
20.1694 -13.8900 6.84 0.99
20.1712 15.6960 7.25 0.84
20.2212 -1.3106 7.35 0.28
20.2681 54.6287 7.34 -0.03
20.2718 64.6581 6.33 0.11
20.2807 28.7382 5.23 1.40
20.3124 22.3747 7.01 1.56
20.3230 -6.1595 6.78 0.97
20.3267 -49.7415 6.75 0.44
20.3302 11.5367 6.89 0.40
20.3525 -50.9369 6.60 1.08
20.3804 74.5803 7.19 0.31
20.3840 -45.1374 7.46 0.37
20.4127 -33.2324 7.01 1.23
20.4536 -66.3841 6.94 0.22
20.4664 50.1220 6.54 1.10
20.4929 12.6042 6.97 0.95
20.4944 -69.7188 7.26 0.42
20.4957 76.2388 6.37 0.28
20.4966 76.7103 7.17 0.83
20.5103 15.7892 7.35 0.51
20.5106 79.0252 7.22 1.26
20.5385 -37.0516 6.71 0.26
20.5479 31.7060 7.30 1.00
20.5524 43.5841 6.69 -0.13
20.5744 18.6827 6.96 0.63
20.5851 45.5288 4.87 1.08
20.5882 -61.3294 7.22 1.65
20.5928 16.8257 7.01 1.08
20.5976 5.2514 7.48 0.34
20.6011 -43.6026 7.03 0.34
20.6270 -19.0812 6.35 0.49
20.6451 -0.4497 6.50 1.08
20.6540 1.7263 6.21 1.48
20.6794 -36.5965 6.71 0.99
20.6796 17.1970 7.16 0.47
20.6811 4.7382 6.87 1.04
20.6811 10.3695 7.47 0.68
20.7233 11.3665 6.77 1.12
20.7352 31.8412 7.45 1.72
20.7365 7.4193 7.30 0.83
20.7603 -37.7024 7.33 1.64
20.7784 9.1876 7.43 0.33
20.8215 -33.5480 6.80 1.52
20.8254 36.5146 6.80 0.03
20.8254 45.3329 7.27 0.02
20.8390 58.1430 6.36 0.46
20.8395 -17.9339 7.05 1.63
20.8540 20.4690 5.97 1.68
20.8790 -30.9456 5.84 1.61
20.8956 -24.3528 6.66 0.24
20.9060 34.2459 6.28 0.83
20.9192 37.7149 5.60 0.28
20.9196 -40.9561 7.21 1.12
20.9451 78.7261 6.07 0.39
20.9619 17.8183 6.59 0.40
21.0058 -8.1833 3.60 1.06
21.0106 -8.0074 6.21 0.23
21.0339 72.8471 7.07 0.57
21.0512 -31.8120 6.85 0.57
21.0778 43.1421 6.69 0.04
21.0854 -6.9147 5.92 0.41
21.0983 36.8835 7.28 0.06
21.1052 57.1982 7.38 1.70
21.1664 -15.6605 6.17 0.92
21.1680 -34.1400 6.69 1.00
21.1699 -41.4925 5.42 1.03
21.1747 -44.5286 6.26 1.12
21.2028 -2.8486 6.17 0.96
21.2037 -6.9860 7.39 0.27
21.2274 3.3494 7.36 0.10
21.2524 -5.9464 6.76 0.23
21.2720 -64.3695 5.92 1.56
21.3021 28.5667 7.12 0.58
21.3296 16.2571 6.99 1.62
21.3328 -59.4987 7.07 0.39
21.3338 1.4609 7.38 0.68
21.3987 23.5115 6.18 0.45
21.4051 -14.5988 4.90 1.23
21.4194 2.9721 6.99 0.44
21.4230 44.7865 7.25 1.01
21.4429 70.9799 6.34 -0.01
21.4532 60.2353 2.66 0.16
21.4682 -3.9274 6.50 1.35
21.4799 -8.5044 6.57 1.11
21.4831 68.1300 4.72 1.05
21.4927 10.4070 7.21 0.05
21.5209 -22.7984 7.11 1.26
21.5365 34.5797 6.34 0.50
21.5636 19.1723 5.35 0.40
21.5703 42.3112 7.23 0.26
21.5778 43.4577 5.98 0.52
21.5983 20.0708 6.44 0.95
21.6139 -0.3990 6.42 1.24
21.6205 -30.2756 7.46 1.21
21.6736 19.2404 5.50 1.11
21.6795 43.6919 6.90 0.39
21.6824 27.2466 6.75 1.01
21.7149 -13.0565 5.51 0.32
21.7231 3.5356 6.59 -0.06
21.7419 -41.7474 6.67 1.35
21.7421 -32.5432 6.57 2.45
21.7637 -20.4915 7.03 1.56
21.7702 -30.2359 6.71 0.98
21.7732 25.4397 7.22 1.51
21.7763 34.3776 6.27 0.45
21.8354 29.7710 7.27 0.42
21.8471 -22.3382 6.43 1.12
21.8548 -20.3518 6.89 0.46
21.8611 41.1012 6.42 0.31
21.8679 -9.2972 6.86 1.43
21.8723 -45.8462 6.96 1.49
21.9072 66.0770 6.98 1.84
21.9124 -71.7041 7.26 0.96
21.9137 45.4067 4.83 0.42
21.9159 5.3528 7.01 0.62
21.9280 31.9665 6.78 1.02
21.9439 -10.9016 6.13 1.32
21.9454 40.3358 6.59 -0.03
21.9977 -22.0369 6.57 0.92
22.0047 -2.0353 7.04 0.34
22.0085 -27.1093 7.41 1.03
22.0111 -20.4337 7.29 1.06
22.0244 -17.2615 7.37 0.38
22.0516 44.0492 6.65 -0.06
22.0671 -12.2460 6.91 0.33
22.0787 -49.0058 6.96 0.79
22.0797 30.5577 6.90 0.51
22.0914 -43.3182 3.41 1.54
22.0955 7.9614 6.22 1.11
22.1015 17.0793 6.60 0.53
22.1431 42.2677 6.66 0.51
22.1738 -68.1751 7.49 1.19
22.1812 -33.7640 6.59 0.30
22.1996 -24.7979 7.03 0.25
22.2072 -36.8331 7.46 1.62
22.2395 -17.9374 6.66 0.46
22.2532 51.6861 7.02 1.01
22.2574 74.2050 7.24 0.67
22.2629 7.2941 6.54 0.35
22.3035 36.6278 7.14 1.21
22.3138 60.0357 7.11 0.74
22.3480 25.2754 6.66 1.20
22.3601 42.2819 7.18 0.45
22.3772 -46.7564 6.25 1.66
22.3843 -9.4891 6.88 0.95
22.3864 -52.3661 7.36 1.47
22.4006 -21.6293 5.11 0.03
22.4210 -13.2238 7.17 0.38
22.4216 22.8262 6.77 0.10
22.4284 -25.6177 6.37 1.14
22.4446 65.1711 6.71 1.33
22.4640 60.2513 7.29 -0.01
22.4703 18.3557 6.01 0.16
22.4737 -5.5959 6.69 0.41
22.5254 47.0073 5.27 1.00
22.5463 6.1438 4.84 1.37
22.5762 59.7820 6.91 1.45
22.5809 -52.4936 7.02 1.50
22.5954 -26.2079 5.92 1.33
22.6631 25.9150 7.25 0.41
22.7169 66.0981 6.15 0.07
22.7456 49.3432 6.84 1.36
22.7490 -4.9597 7.05 0.97
22.8067 70.2646 5.82 0.49
22.8128 -49.0727 3.93 0.97
22.8132 -65.1184 7.24 0.89
22.8189 -49.9040 7.36 0.36
22.8313 29.4131 7.32 0.62
22.8596 38.7671 7.25 -0.06
22.8709 15.3458 3.62 0.97
22.8745 -29.9850 6.62 0.90
22.8915 -19.0230 6.85 0.26
22.9035 -12.2582 7.14 0.31
22.9059 -61.2493 7.39 0.40
22.9125 -45.5757 6.17 0.07
22.9131 -19.0322 7.38 1.00
22.9278 10.8894 7.03 0.99
22.9302 -30.2831 5.79 1.07
22.9490 -10.2573 7.49 0.26
22.9730 -27.7031 7.30 1.12
23.0037 -6.7187 7.46 1.21
23.0130 16.9472 6.78 0.93
23.0316 34.8000 6.39 -0.10
23.0317 -23.6485 7.24 0.29
23.0622 3.6852 7.41 1.50
23.0648 38.2719 7.33 0.93
23.1014 68.4089 6.82 1.24
23.1356 70.0194 6.96 -0.00
23.1516 -49.7277 6.27 0.46
23.1801 63.5938 7.18 1.30
23.1988 35.8427 6.60 1.08
23.2335 -36.8652 5.49 1.02
23.2647 -9.0147 6.60 -0.04
23.3039 -79.9266 7.21 0.12
23.3084 60.6864 7.23 0.29
23.3158 -24.1780 6.97 0.77
23.3262 8.2087 6.31 0.80
23.3386 55.8177 7.13 1.24
23.3571 58.3273 5.69 1.44
23.3598 54.9449 6.92 1.85
23.3696 23.5904 7.37 0.95
23.3883 62.5266 7.07 1.17
23.3912 40.9015 7.43 0.34
23.4135 -78.5048 6.11 0.97
23.4285 -7.0253 5.75 0.64
23.4523 89.0156 6.46 0.11
23.4765 35.6082 6.93 1.60
23.4829 59.2320 4.68 0.99
23.4993 -62.4762 6.91 0.31
23.5226 -28.7835 7.04 1.45
23.5692 37.2371 5.90 -0.07
23.5859 -45.6912 6.92 0.89
23.5975 -28.2367 6.87 1.66
23.6402 68.9481 6.52 0.69
23.6552 35.1117 7.22 1.10
23.6574 -15.6764 5.62 0.07
23.6942 -2.0337 7.47 1.05
23.7036 0.9448 6.90 0.53
23.7043 20.1727 6.65 1.09
23.7044 18.4605 5.90 1.54
23.7116 -31.8923 6.11 1.11
23.7138 -3.5239 6.44 1.34
23.7149 -23.6997 6.41 1.31
23.7151 12.5586 7.28 0.19
23.7190 8.2749 6.96 1.16
23.7421 33.1179 6.74 0.63
23.7542 -29.9103 7.11 0.91
23.7765 -2.3353 7.44 0.18
23.8120 -58.1395 6.03 0.38
23.8506 53.3456 6.86 -0.01
23.8512 63.0820 6.73 0.98
23.8579 56.0437 7.02 0.06
23.8596 -13.3810 7.17 0.59
23.8889 72.4420 6.83 0.77
23.9038 52.1638 7.40 1.53
23.9095 28.2696 6.89 1.03
23.9435 14.6614 6.23 -0.04
23.9602 33.8353 6.53 0.99
23.9607 -39.9471 6.43 0.41
23.9689 41.0764 6.39 1.12
23.9711 -17.5325 7.15 0.71
23.9781 17.4338 5.95 0.26
23.9957 -15.4002 5.41 1.23
24.0119 7.6453 6.78 0.47
24.0128 47.1145 7.07 -0.05
24.0354 -29.9073 5.69 0.34
24.0948 47.3259 7.38 0.94
24.0980 67.6150 7.14 0.07
24.1134 48.7228 6.20 1.24
24.1168 54.6961 7.36 0.01
24.1719 6.7180 7.03 1.11
24.1814 7.8315 6.39 1.60
24.1866 -58.2710 6.18 1.61
24.1948 48.3155 7.42 0.41
24.1995 41.4055 4.10 0.54
24.2014 -48.8039 6.85 0.94
24.2022 59.6260 7.17 0.34
24.2035 -32.2972 7.15 1.39
24.2746 12.1415 5.54 0.35
24.3173 -0.3503 7.08 0.67
24.3425 74.3010 6.58 0.01
24.3453 58.6374 7.25 0.04
24.3477 -82.2818 7.15 0.87
24.3544 55.0708 7.47 0.95
24.3546 25.1678 6.99 0.90
24.3658 -84.7696 5.66 0.94
24.3858 -38.1348 7.27 1.44
24.4071 -9.4038 6.24 0.53
24.4203 12.0784 6.77 0.65
24.4283 -57.2368 0.45 -0.16
24.4352 48.4127 6.77 0.47
24.4467 64.7394 6.49 0.78
24.4670 -3.4407 6.43 1.57
24.4733 -60.5115 7.33 0.63
24.4794 -82.9750 5.88 0.62
24.4981 48.6282 3.59 1.27
24.5155 -46.0838 6.97 1.16
24.5315 57.9776 5.55 1.39
24.5527 62.3518 6.72 -0.01
24.5673 -47.9348 7.28 0.34
24.5830 2.5861 6.94 1.44
24.6030 -83.2478 7.32 1.03
24.6069 -15.8720 7.43 1.27
24.6145 -36.5283 5.94 1.04
24.6281 -42.9279 6.67 0.33
24.6289 73.0400 5.28 0.97
24.6326 45.3997 6.38 -0.02
24.6492 -65.6065 7.11 1.19
24.6553 21.3982 6.66 1.43
24.6595 -32.1693 7.46 0.73
24.6785 46.3465 7.47 1.42
24.6865 -5.7354 7.35 0.47
24.7023 -53.4389 7.11 0.43
24.7083 -25.0222 6.69 -0.08
24.7158 -21.2754 5.58 0.35
24.7158 31.6495 7.49 1.11
24.7799 61.0791 6.88 0.83
24.7816 -56.4294 7.08 0.47
24.7822 36.5433 7.23 -0.00
24.7839 -48.7755 7.29 0.09
24.8096 27.7564 7.15 1.20
24.8134 16.6255 6.74 0.87
24.8143 14.2856 6.74 1.12
24.8190 -29.0224 7.43 0.33
24.8224 54.6005 7.39 0.14
24.8375 44.3862 5.01 0.88
24.8397 -33.5648 6.55 1.15
24.8999 45.8778 6.60 0.69
24.9201 16.4059 5.98 1.12
24.9229 -37.4734 7.24 1.17
24.9263 55.7842 7.40 0.24
24.9416 -17.5504 7.38 1.11
24.9475 -56.1964 5.76 0.88
24.9540 -55.1493 7.47 1.42
24.9741 -22.9134 7.25 1.65
24.9922 41.6667 6.84 0.92
25.0180 40.6838 6.67 1.00
25.0266 -48.7612 7.05 1.61
25.0293 -0.2423 7.27 0.45
25.0525 54.4457 7.44 -0.03
25.0546 53.8683 6.35 1.61
25.0715 39.5877 7.18 0.95
25.1291 59.0528 6.97 -0.04
25.1319 81.4298 7.14 -0.01
25.1451 40.5770 4.96 -0.07
25.1455 8.7608 6.34 0.40
25.1651 43.2977 5.63 0.21
25.1932 -2.6219 6.74 1.21
25.2210 77.9690 6.73 -0.01
25.2527 49.1040 7.40 0.63
25.2801 23.0253 7.45 0.98
25.3006 -33.3982 7.20 1.08
25.3265 25.7457 6.20 0.46
25.3388 -79.1482 6.33 0.95
25.3552 9.0730 7.31 1.33
25.3579 5.4876 4.45 1.35
25.3638 -38.1328 6.20 0.40
25.4135 30.0471 5.97 1.01
25.4217 -50.0386 6.63 0.13
25.4368 -11.3247 5.75 0.44
25.4457 42.6134 4.96 0.62
25.4498 -60.7893 5.70 1.26
25.5121 61.0382 6.69 -0.03
25.5125 -36.8323 5.70 -0.01
25.5145 35.2457 5.63 -0.06
25.5162 43.6400 7.21 0.00
25.5358 -32.3270 5.25 1.04
25.5391 66.7923 6.96 1.16
25.5621 -17.8888 7.45 0.62
25.5737 58.6277 6.35 -0.03
25.5853 68.0430 5.57 -0.05
25.6003 32.9619 6.99 1.56
25.6219 -53.7408 5.52 0.55
25.6241 20.2685 5.24 0.84
25.6334 -8.6595 6.99 1.12
25.6490 -20.1726 7.18 1.41
25.6493 10.2446 7.29 0.28
25.6535 60.5480 6.98 1.31
25.6545 40.3774 6.71 1.36
25.6706 38.5154 7.22 1.17
25.6813 -3.6902 4.98 1.38
25.7324 70.6225 5.18 -0.02
25.7333 -83.3672 7.22 0.71
25.7406 58.1158 7.01 0.43
25.7430 61.4211 6.33 0.01
25.7963 48.5168 6.82 1.87
25.8186 45.3226 6.33 1.02
25.8323 60.5513 5.78 -0.01
25.8393 59.6328 6.57 1.07
25.9009 51.5158 6.66 1.61
25.9116 52.8858 6.76 0.43
25.9151 50.6887 4.01 -0.10
25.9460 55.8775 6.94 0.23
25.9502 74.6045 6.59 1.03
25.9589 32.1920 6.32 0.88
25.9711 49.6564 7.43 0.01
25.9783 -4.7655 6.20 1.54
26.0172 -15.9375 3.49 0.73
26.0484 61.8498 7.31 1.22
26.0572 48.2113 7.01 0.03
26.0587 54.8864 7.27 0.60
26.0633 9.4841 7.15 0.55
26.0748 57.5366 6.18 0.13
26.0950 32.5159 6.73 0.25
26.0965 37.6684 7.19 -0.01
26.1105 46.1397 6.32 1.42
26.1373 -61.0187 6.79 -0.07
26.1498 3.2237 6.73 1.60
26.1533 -34.4061 6.82 1.43
26.1612 36.9383 7.30 0.19
26.1820 -6.7662 6.45 0.86
26.1862 75.8722 7.26 0.33
26.1923 57.0892 6.25 0.06
26.2130 28.4581 7.50 0.00
26.2326 20.0831 6.27 0.72
26.2399 -28.7265 6.95 1.57
26.2521 69.5025 7.02 1.14
26.2708 2.5032 7.19 1.06
26.2838 -14.5623 7.20 0.99
26.3393 -3.1690 7.38 1.65
26.3485 9.1577 4.26 0.94
26.3494 -77.3569 7.35 0.50
26.4114 -25.0526 5.29 0.40
26.4272 8.5592 6.55 -0.03
26.4326 3.6672 6.99 0.14
26.4792 3.4176 6.83 0.36
26.4969 -5.7333 5.37 1.52
26.5044 -27.3488 6.38 0.37
26.5248 -50.8163 5.49 1.61
26.5259 -53.5220 5.04 0.03
26.5797 43.7057 7.48 -0.01
26.6471 17.4127 6.55 0.26
26.6565 -74.7387 7.35 0.80
26.6968 59.1561 7.35 0.61
26.7432 -13.8887 6.70 0.07
26.7659 -3.1155 7.39 0.37
26.7879 10.8442 7.05 -0.02
26.8158 -17.4835 7.37 0.17
26.8196 -41.7599 6.18 1.54
26.8248 58.0212 6.76 1.07
26.9076 -46.2572 7.02 1.67
26.9118 -20.8452 6.55 1.39
26.9263 54.0045 7.44 -0.06
26.9350 63.8525 5.63 0.80
26.9444 -80.1763 6.05 0.34
26.9490 -37.1595 6.33 1.02
26.9501 46.2298 6.33 0.46
27.0456 16.9556 5.86 -0.04
27.0854 -41.4951 7.13 0.64
27.0867 17.0228 7.35 0.68
27.1084 3.6854 5.91 0.97
27.1460 58.4578 7.43 0.28
27.1497 -26.2537 7.11 0.28
27.1535 -14.7652 7.23 1.59
27.1621 37.9529 5.94 0.97
27.1692 7.6839 7.04 1.19
27.1732 32.6902 5.78 0.57
27.2514 1.3315 7.37 0.26
27.3148 47.8969 6.01 0.17
27.3309 -31.0725 6.35 1.22
27.3473 -10.7036 6.72 0.65
27.3632 26.4726 6.90 -0.07
27.3963 -10.6864 4.66 0.33
27.3995 -81.3591 7.48 1.22
27.4499 -64.3860 7.43 1.26
27.4536 -38.4028 6.37 0.52
27.4713 80.8864 7.07 0.03
27.4833 7.2235 7.43 0.62
27.4898 -29.0409 7.20 1.60
27.5357 22.2753 5.83 0.74
27.5598 -58.9396 7.36 1.12
27.5644 -6.7041 7.07 0.57
27.5659 -12.8869 6.88 1.63
27.5839 -47.8164 6.14 1.00
27.6066 -62.9579 7.39 1.11
27.7165 11.0434 5.92 0.30
27.7212 35.8450 7.13 0.58
27.7269 -50.2061 5.94 0.15
27.7380 51.9334 5.96 0.42
27.7470 -54.2807 7.42 1.40
27.7607 47.4195 7.27 -0.01
27.7887 38.0239 7.27 1.59
27.7894 20.5144 6.70 0.33
27.8056 24.6522 7.16 0.37
27.8099 81.3746 7.42 0.13
27.8109 -30.9028 7.20 0.47
27.8205 64.8550 6.54 2.21
27.8598 -39.8359 6.44 1.09
27.8606 -45.4711 7.06 1.31
27.8609 54.9247 7.14 -0.05
27.8651 -10.3350 3.74 1.14
27.8705 -4.2201 7.20 0.32
27.9016 -2.6378 7.18 0.36
27.9055 47.0867 7.45 0.50
27.9075 -6.8741 6.42 1.23
27.9170 -13.2338 6.95 1.52
27.9421 -15.6475 6.44 1.61
27.9466 18.2900 6.59 1.10
27.9496 75.5896 6.94 0.49
27.9675 -37.0420 7.43 0.54
27.9971 55.1474 5.53 -0.17
28.0106 10.8106 7.39 0.10
28.0390 50.7928 5.70 -0.07
28.0431 24.1173 6.74 1.14
28.0930 37.4298 6.89 0.44
28.1448 -67.9445 6.77 -0.05
28.1762 -12.7279 7.41 1.39
28.2114 51.4748 6.28 0.05
28.2171 -16.9292 5.78 0.26
28.2704 29.5788 3.42 0.49
28.2758 -1.3269 7.43 0.64
28.2940 28.8189 6.86 1.48
28.2947 37.3212 7.05 0.42
28.3223 40.7298 5.42 1.31
28.3465 -38.5946 6.09 1.12
28.3624 -33.5647 7.35 1.17
28.3713 49.4448 7.07 1.11
28.3747 12.6824 7.07 0.48
28.3825 19.2939 3.88 -0.05
28.3890 3.1875 4.61 0.93
28.4094 7.6339 7.44 1.38
28.4115 -46.3027 4.39 1.60
28.4520 55.5976 6.44 0.18
28.4759 49.9430 6.87 1.35
28.4904 10.6140 6.77 0.47
28.5253 -77.4912 7.01 0.29
28.5369 -57.9190 7.34 1.50
28.5845 69.1823 7.03 1.64
28.5918 -42.4969 5.12 -0.06
28.5923 8.7810 6.60 1.68
28.5988 63.6701 3.35 -0.15
28.6024 11.4027 7.11 1.16
28.6426 68.1512 7.31 0.01
28.6579 40.6560 7.06 1.46
28.6600 20.8080 2.64 0.17
28.6716 78.1965 6.67 1.01
28.6767 39.9493 7.39 0.95
28.6873 50.2958 6.83 1.58
28.6967 13.7570 7.45 0.97
28.7241 40.7020 6.25 1.26
28.7336 -67.6473 4.68 0.93
28.7349 56.5825 6.82 1.15
28.7402 37.1283 6.28 1.17
28.7459 54.1888 7.41 1.02
28.7681 -24.8897 6.92 1.29
28.7809 28.7979 7.34 0.48
28.8319 -60.3125 6.43 0.41
28.8640 76.2246 6.97 0.38
28.9245 -84.7512 6.97 1.63
28.9267 81.9590 6.85 1.64
28.9286 59.2734 7.06 0.00
28.9436 -60.8610 6.07 0.36
28.9453 51.6881 7.26 1.09
28.9509 -55.0722 6.72 0.17
28.9518 30.3546 6.85 0.24
28.9576 -29.1139 7.36 1.03
28.9596 -78.3485 6.15 0.45
28.9627 23.5773 5.76 1.19
28.9694 -68.3919 7.10 0.91
28.9743 1.8500 6.01 0.55
28.9770 37.2778 5.89 1.60
28.9885 -51.6089 3.69 0.84
29.0001 68.6852 4.97 -0.08
29.0029 43.0609 7.31 1.40
29.0108 80.9084 7.09 1.22
29.0389 37.2518 5.69 1.06
29.0392 -49.8364 6.37 -0.08
29.0982 61.2811 7.43 0.09
29.1321 70.2038 7.24 2.24
29.1341 41.8921 6.98 -0.04
29.1443 -32.1383 6.52 0.99
29.1565 -81.4992 6.93 0.38
29.1565 53.3045 7.09 -0.01
29.1675 -22.5268 4.92 1.43
29.2171 52.4894 7.10 1.48
29.2242 -75.3657 7.47 1.38
29.2494 -51.7662 6.10 0.49
29.2496 -25.6202 7.38 1.20
29.2843 -31.0844 7.28 1.17
29.2900 -10.2424 6.42 0.82
29.2919 -47.3853 4.82 0.86
29.2961 71.7249 7.21 0.14
29.3038 -7.8138 7.49 1.32
29.3377 17.8175 5.09 0.92
29.3511 -36.0574 6.98 0.27
29.4323 27.8044 5.84 1.58
29.4710 75.3361 6.62 0.96
29.4723 -65.4247 6.36 0.91
29.4811 40.7606 6.87 0.50
29.4822 23.5961 4.79 0.29
29.4849 41.6946 6.77 -0.07
29.4968 47.0955 6.48 1.20
29.4975 -2.0595 6.52 0.17
29.5048 28.5199 7.11 -0.02
29.5135 49.6427 6.97 1.20
29.5157 31.1344 6.94 1.25
29.5771 59.6260 6.65 0.08
29.6112 -33.0668 6.37 1.01
29.6166 -41.1701 7.23 0.33
29.6384 61.6978 6.02 -0.04
29.6396 49.2044 5.70 1.00
29.6918 -61.5699 2.86 0.29
29.6917 -11.3010 6.46 1.13
29.6935 36.6028 7.31 0.16
29.7090 73.1524 6.87 1.22
29.7270 18.3581 6.79 1.20
29.7274 -21.1327 7.31 0.49
29.7359 -42.9491 7.38 1.60
29.7530 -22.9198 6.62 0.48
29.7775 33.2097 7.14 0.77
29.8060 -15.1223 7.32 1.06
29.8120 67.0435 7.36 0.20
29.8290 24.8290 7.30 0.31
29.8316 -26.4322 6.79 0.02
29.8579 12.2949 6.09 0.19
29.8585 -40.7272 6.93 0.93
29.8793 -13.8725 6.80 1.58
29.8987 21.0586 5.89 1.03
29.8988 -65.4482 7.30 0.42
29.9084 64.6216 5.29 0.00
29.9118 -42.0305 5.57 1.05
29.9138 60.0077 7.29 1.79
29.9213 -66.0666 6.09 1.18
29.9301 41.3499 7.48 0.89
29.9425 -20.8245 5.43 1.64
29.9431 49.4781 7.23 0.43
29.9934 6.0355 6.75 1.00
30.0013 -21.0778 3.99 1.55
30.0382 3.0970 5.89 0.61
30.0530 6.9180 7.41 1.74
30.0617 -3.3683 6.89 0.34
30.0626 44.4200 6.87 1.15
30.0703 -55.0128 6.51 0.97
30.0729 38.5976 7.49 0.06
30.0908 4.3895 7.09 0.94
30.1118 -8.5239 5.43 1.39
30.1170 -41.7757 7.16 1.55
30.1335 -40.7312 7.37 0.65
30.1603 75.9528 7.01 1.86
30.1765 -24.4218 7.04 1.43
30.2019 59.9593 6.72 0.14
30.2061 -8.4717 6.92 0.96
30.2367 -78.8703 6.84 0.58
30.2930 24.4444 7.47 0.93
30.3006 -66.3488 7.49 1.65
30.3068 41.2124 6.85 1.43
30.3114 -30.0018 5.34 0.88
30.3766 17.9539 7.24 1.52
30.3891 23.3954 6.61 0.34
30.4266 -44.7135 5.15 1.47
30.4589 -63.6227 6.88 0.56
30.4600 15.0671 6.54 1.15
30.4680 -74.4457 6.80 1.63
30.4686 7.8644 7.06 0.51
30.4897 70.9070 4.49 0.16
30.4961 61.9050 7.46 1.69
30.5118 2.7638 3.82 0.02
30.5299 22.1041 7.21 0.50
30.5330 28.4002 6.57 1.01
30.5387 75.5022 6.64 -0.03
30.5640 -49.4092 7.28 1.56
30.5754 54.4875 4.99 -0.07
30.5833 46.8425 7.09 -0.05
30.6041 12.6851 6.87 1.08
30.6178 -29.6656 6.40 0.14
30.6462 13.4767 5.97 1.58
30.6469 -21.9658 6.97 -0.11
30.6478 9.0817 7.38 0.77
30.6574 -70.4195 6.89 1.36
30.7156 -23.8866 6.30 1.34
30.7179 -2.3778 6.91 0.20
30.7187 64.9015 6.00 0.03
30.7377 77.9163 6.04 1.11
30.7399 11.0188 6.53 1.30
30.7415 33.2841 5.50 0.03
30.7436 -53.0360 7.28 0.19
30.7440 -15.3059 5.87 0.97
30.7508 64.3900 5.59 0.33
30.7572 3.3586 6.88 0.66
30.7937 73.8506 6.12 0.16
30.7985 0.1285 5.42 0.15
30.8590 72.4213 3.95 -0.00
30.8869 27.4820 7.39 1.07
30.8966 -9.4608 7.28 1.02
30.9139 25.9355 5.64 0.54
30.9187 -4.1035 5.61 1.59
30.9275 18.2532 6.24 1.42
30.9507 -0.3403 5.96 0.85
30.9745 -17.5136 7.03 1.60
30.9748 42.3297 2.10 1.37
30.9799 -45.4129 7.30 0.69
31.0006 8.0949 7.19 0.53
31.0519 -11.8598 6.43 1.50
31.0548 51.9678 6.66 -0.04
31.0694 60.2443 7.36 0.56
31.0882 25.9201 7.14 1.01
31.1227 -29.2968 4.68 -0.16
31.1263 -16.2170 7.50 0.46
31.1429 25.4143 7.43 0.71
31.1462 -54.8817 6.45 0.39
31.1475 -65.1368 7.27 0.42
31.1662 65.1035 6.52 0.00
31.1945 -17.2875 7.37 1.61
31.2125 7.7357 6.44 1.11
31.2521 10.1160 7.04 0.99
31.2561 64.3856 7.10 0.31
31.2660 55.6223 6.53 0.30
31.2797 77.2813 5.27 0.34
31.3179 -28.5582 7.34 1.48
31.3186 -28.3783 7.34 0.92
31.3471 10.0769 7.01 1.50
31.3619 50.6432 6.99 0.51
31.3815 76.1151 5.22 0.95
31.3976 -51.9912 7.47 0.44
31.4219 -71.6067 7.31 1.07
31.4520 7.0284 6.79 0.38
31.5072 41.5329 6.86 0.31
31.5110 74.5837 7.49 0.22
31.5434 46.8599 7.42 0.58
31.5447 -10.2762 6.74 0.31
31.5511 8.2481 6.27 1.64
31.5599 -39.5389 7.08 1.61
31.5609 -4.3650 7.36 0.42
31.5841 -15.4463 6.96 1.39
31.6185 -55.0829 7.02 1.03
31.6221 0.0354 6.29 0.90
31.6234 13.4619 7.16 1.08
31.6260 24.3340 6.89 0.66
31.6413 22.6483 5.03 0.12
31.6773 25.8308 7.25 0.18
31.7013 1.4421 7.05 1.53
31.7048 29.2694 6.75 0.19
31.7051 25.7046 6.01 -0.03
31.7169 -19.1389 6.39 1.14
31.7332 26.3234 7.30 1.05
31.7336 -1.8237 7.49 1.01
31.7455 -65.9458 6.71 0.88
31.7606 -8.6064 6.64 0.93
31.7933 23.4624 2.01 1.15
31.8359 27.2376 7.01 0.10
31.8586 -59.6794 7.50 0.54
31.8928 -0.6174 6.88 0.62
31.9415 18.0294 6.63 0.22
31.9468 5.9848 6.99 1.54
32.0164 15.8045 7.05 1.64
32.0237 -41.8804 6.50 0.20
32.0361 -27.5713 7.23 0.27
32.0710 24.8192 7.14 1.72
32.0812 8.8501 7.27 0.03
32.0824 -10.0413 6.98 0.19
32.1218 37.8591 4.78 0.12
32.1325 -6.6780 6.51 0.88
32.1398 44.4594 6.38 0.96
32.1691 58.4236 5.66 0.59
32.1903 -17.7792 6.07 1.66
32.2369 -31.7454 7.02 1.39
32.2653 41.9655 7.16 -0.04
32.2698 -22.9900 7.27 1.45
32.2828 71.5520 6.57 0.55
32.2881 -2.3320 7.13 0.50
32.2888 -43.5166 5.84 1.20
32.3210 -19.5702 7.08 1.17
32.3428 5.9862 6.97 0.41
32.3463 17.2242 6.40 0.47
32.3555 25.9399 4.98 0.34
32.3559 81.2959 6.05 0.12
32.3859 34.9873 3.00 0.14
32.3907 -45.4668 7.38 0.38
32.3950 -24.3458 6.48 0.29
32.4097 42.8581 7.32 0.49
32.4167 4.2328 7.30 1.08
32.4287 -29.0069 7.42 1.59
32.4383 -51.7309 6.93 0.91
32.4519 -40.8665 6.49 0.43
32.4640 3.7693 6.79 0.24
32.5200 -43.8156 6.32 0.90
32.5323 53.8431 6.31 0.95
32.5332 -64.3551 7.50 0.62
32.6000 -76.6237 6.66 0.34
32.6001 56.2971 7.37 1.19
32.6051 -50.8237 6.12 0.81
32.6062 59.9798 6.66 0.33
32.6244 81.4820 6.84 0.40
32.6252 -45.4470 7.20 0.98
32.6566 19.5003 5.68 1.64
32.6679 51.0544 7.46 0.01
32.6736 -28.2193 7.06 1.00
32.6899 -12.9266 7.42 0.32
32.7201 39.0395 6.09 -0.05
32.7225 -75.9588 6.89 1.21
32.7236 39.0433 6.82 0.08
32.7268 23.7991 7.31 0.40
32.7670 -15.0709 6.74 0.08
32.7852 -19.3074 7.22 1.38
32.7886 -59.1519 7.24 1.35
32.8002 25.9369 6.01 1.36
32.8233 -74.5014 7.14 0.99
32.8378 8.5698 5.64 0.57
32.8426 -10.0522 6.00 0.42
32.8464 21.3773 7.33 0.68
32.8542 31.5264 6.24 0.11
32.8716 57.6455 6.38 0.30
32.8846 -18.9768 6.65 0.96
32.8896 -17.7430 6.51 1.62
32.8993 -1.8254 5.94 0.97
32.9309 3.4527 6.67 0.18
32.9763 -47.1704 6.82 1.40
32.9798 -70.9510 7.10 0.99
33.0168 -17.7285 7.32 1.37
33.0657 2.7456 6.49 1.04
33.0929 30.3031 4.94 0.77
33.1224 79.6933 7.17 0.31
33.1564 24.1678 5.96 1.37
33.1733 -2.2281 7.30 1.33
33.1770 -66.1544 7.26 1.20
33.1776 13.9185 7.12 1.15
33.1981 -2.3936 5.65 0.55
33.2003 21.2110 5.23 0.46
33.2082 79.6915 6.46 0.24
33.2165 -34.5387 7.01 1.37
33.2269 -30.7238 5.27 -0.01
33.2291 40.6683 7.19 0.67
33.2330 57.2045 7.00 0.65
33.2500 8.8467 4.36 0.88
33.2541 -21.0001 5.86 1.01
33.2638 15.2799 5.72 1.55
33.3055 40.5076 7.35 0.70
33.3055 44.2317 4.84 1.48
33.3082 -22.8711 7.22 0.95
33.3243 -36.0611 7.41 1.50
33.3378 74.0277 6.25 0.92
33.3722 40.7902 7.37 0.15
33.3740 5.0127 6.51 0.36
33.3770 -33.3353 7.07 1.33
33.3896 53.0586 6.50 1.66
33.4009 51.0658 5.31 0.93
33.4225 25.5962 7.09 0.47
33.4234 58.5606 6.43 0.55
33.4259 -3.0320 7.33 0.34
33.4498 64.8550 7.43 0.16
33.4655 19.6144 6.88 1.11
33.4731 -9.0646 6.43 1.42
33.5098 26.6269 7.27 1.17
33.5103 47.4842 6.05 0.41
33.5605 -67.8414 5.57 1.56
33.5713 66.7283 7.50 1.18
33.5789 -76.3575 6.57 0.90
33.5840 30.7250 7.39 0.38
33.6213 66.5244 6.05 0.64
33.6331 -41.1668 5.91 0.96
33.6355 6.6510 7.11 1.22
33.6541 1.6776 7.17 1.03
33.6582 28.6912 6.35 0.96
33.6756 30.3948 7.08 0.01
33.6931 46.6875 6.90 -0.03
33.6998 -37.5329 7.46 1.24
33.7188 48.7824 6.74 1.09
33.7295 66.3210 7.19 0.44
33.7588 -23.5407 7.06 0.54
33.7821 55.0882 6.81 1.39
33.7900 0.7202 6.76 0.12
33.8308 39.1693 7.29 0.97
33.8516 24.2713 6.80 0.69
33.8550 -41.0690 6.99 1.66
33.8680 -9.4665 6.55 -0.01
33.8691 -67.7464 5.67 1.31
33.8695 52.5111 6.96 1.44
33.9253 67.6723 7.13 0.92
33.9283 25.0430 5.57 0.52
33.9309 -52.2067 7.29 0.51
33.9418 25.7829 5.79 0.44
33.9649 -69.4320 7.30 0.98
33.9808 63.2363 7.04 1.87
33.9845 33.3589 5.25 -0.00
33.9858 79.1792 7.09 0.07
33.9905 47.8119 6.37 1.03
34.0072 -36.4718 7.50 0.53
34.0118 -52.8887 7.14 0.47
34.0661 -9.8212 6.91 0.62
34.1182 2.2381 7.26 1.12
34.1273 -51.5122 3.56 -0.12
34.1566 52.7218 7.47 0.46
34.1740 67.2839 7.01 1.82
34.1888 83.5614 6.45 0.95
34.1933 57.0293 7.39 0.23
34.2052 51.5290 7.44 0.92
34.2155 57.0552 6.48 0.28
34.2390 -6.5783 7.30 0.06
34.2460 -6.4221 5.51 0.96
34.2629 34.2242 4.84 0.61
34.2935 23.7678 6.53 1.02
34.3062 1.8604 7.29 0.37
34.3286 33.8472 4.03 0.02
34.3327 -35.9830 6.70 0.99
34.3554 28.7450 6.99 0.52
34.3912 58.0199 7.48 0.25
34.4392 18.4550 7.43 0.30
34.4681 40.5505 7.42 1.49
34.4889 29.0073 6.68 1.72
34.4994 57.8998 5.75 1.18
34.5030 42.9012 6.89 1.00
34.5060 1.7578 5.60 0.59
34.5157 -23.6280 7.24 0.38
34.5191 57.5163 5.99 1.04
34.5282 29.8473 7.44 0.17
34.5314 19.9012 5.58 0.01
34.5472 48.1483 7.26 0.24
34.6166 -8.3593 7.49 0.99
34.6511 40.2788 7.32 0.42
34.6656 34.4877 7.48 0.63
34.6732 8.1807 6.84 1.09
34.6862 64.4249 7.14 0.53
34.7174 12.9923 6.88 1.21
34.7244 -19.5346 6.87 1.56
34.7375 28.6427 5.29 0.04
34.7415 23.1678 6.45 0.38
34.7438 -25.9457 6.33 0.72
34.7490 85.7362 6.98 0.90
34.7686 57.1355 6.57 0.46
34.7863 19.6877 6.82 0.57
34.7931 3.5368 7.44 0.96
34.7951 46.4723 6.21 0.16
34.8081 57.1692 6.65 0.50
34.8086 50.1439 7.23 1.58
34.8201 47.3800 5.31 0.01
34.8366 -2.9776 6.47 0.97
34.8446 48.9555 6.44 0.43
34.8532 -41.8484 6.36 1.16
34.8695 2.8204 7.28 0.94
34.9053 39.8349 6.63 -0.08
34.9074 52.5614 7.19 -0.06
34.9199 -4.3456 6.50 0.08
34.9231 60.0131 7.18 1.00
34.9353 60.0295 6.94 0.22
34.9460 -68.0844 7.38 0.23
34.9705 31.3375 7.19 0.60
34.9761 -55.9448 5.81 1.57
35.0118 32.3186 7.39 1.67
35.0186 30.1881 6.51 1.22
35.0373 50.9581 6.64 0.52
35.0536 64.3369 6.59 -0.02
35.0658 -50.3022 7.24 1.27
35.0953 -56.7841 6.69 0.95
35.1523 63.8740 7.34 1.45
35.1730 47.3108 6.17 -0.09
35.1788 55.9091 6.76 0.32
35.2068 28.7361 7.46 0.38
35.2425 50.1515 5.57 -0.09
35.2495 55.4080 7.29 1.13
35.2611 42.9440 7.26 -0.03
35.3039 54.5101 6.86 0.46
35.3073 -19.9154 6.53 0.98
35.3104 23.4266 7.46 1.52
35.3145 59.2479 7.44 1.21
35.3907 -48.3122 7.49 0.10
35.3986 44.6000 7.00 0.24
35.4375 -68.6594 4.08 0.03
35.4540 0.9700 7.26 1.55
35.4572 -14.2845 7.32 0.37
35.4810 57.2429 6.40 0.57
35.4860 0.3957 5.29 1.65
35.4877 -49.5205 7.37 0.89
35.5064 -10.7775 5.43 0.36
35.5107 -27.8614 7.19 0.97
35.5208 -17.6622 5.89 1.23
35.5276 22.8736 6.57 0.80
35.5489 -43.1998 6.30 0.99
35.5494 -59.7593 7.47 0.31
35.5517 -0.8849 5.42 0.34
35.5767 -16.5072 7.32 1.15
35.5893 55.8457 5.16 0.37
35.6115 65.2420 7.19 0.57
35.6356 -23.8163 5.19 0.61
35.6383 16.8703 6.78 0.15
35.7097 41.3963 5.81 0.29
35.7184 -73.6458 5.99 1.09
35.7201 68.7619 7.26 1.11
35.7229 57.2452 7.48 0.63
35.7262 41.4799 7.46 -0.20
35.7278 -51.0921 5.90 0.21
35.7401 -18.3550 6.22 0.94
35.7484 17.5979 7.45 0.17
35.7518 57.3870 6.99 0.54
35.7775 -37.5761 6.47 1.59
35.8106 -29.8693 6.96 0.57
35.8222 38.2527 7.13 -0.01
35.8340 52.0831 6.64 0.22
35.8426 -6.1927 7.00 0.30
35.8472 -26.9954 6.80 1.10
35.8699 35.4411 6.75 1.16
35.8980 -55.6168 7.02 0.51
35.9656 55.3649 6.29 0.84
35.9712 33.8578 7.26 1.32
36.0115 42.1023 6.72 1.54
36.0399 -16.2543 6.68 0.31
36.0432 10.2725 7.09 1.23
36.0691 39.8288 7.27 0.51
36.0838 -25.8475 6.45 1.32
36.0971 -3.1040 7.20 0.52
36.1038 50.0065 5.19 0.98
36.1088 -37.3614 6.93 0.50
36.1249 47.3727 7.40 1.81
36.1272 9.7132 6.93 1.09
36.1410 -40.8405 6.17 0.65
36.1728 29.2448 7.09 1.28
36.2044 10.6106 5.48 -0.10
36.2216 -42.1594 7.47 0.27
36.2248 -60.3119 5.36 0.40
36.2345 -3.8928 6.89 1.02
36.2433 -2.7800 6.34 -0.01
36.2656 45.6473 7.42 0.90
36.2918 33.8668 7.16 1.51
36.3155 37.1190 7.35 -0.01
36.3168 56.6098 6.25 0.25
36.3603 -66.4940 6.39 1.51
36.3611 35.0419 6.85 1.06
36.3665 32.4077 7.19 1.47
36.3798 29.8803 7.07 1.42
36.3914 11.9712 7.36 0.49
36.4059 50.2786 4.73 1.53
36.4171 61.5497 7.00 0.21
36.4581 37.0137 7.28 1.69
36.4670 25.1596 7.10 0.27
36.4875 -12.2905 4.88 -0.03
36.5015 -15.3412 5.88 0.12
36.5677 6.2926 6.79 0.40
36.6402 59.6589 6.97 0.99
36.6467 -20.0426 5.89 1.25
36.6582 -51.7042 7.49 0.46
36.6887 -45.9999 7.14 1.11
36.6902 10.5653 6.70 0.33
36.6904 57.6792 7.20 0.63
36.7017 35.6143 7.02 0.24
36.7417 26.0409 6.99 0.59
36.7463 -47.7038 4.24 -0.14
36.7802 27.0124 6.14 1.46
36.8475 10.1983 6.45 0.45
36.8549 59.1056 7.46 0.41
36.8657 31.8013 5.55 1.11
36.8686 -75.7404 7.10 1.13
36.8727 -0.7515 7.07 1.52
36.8837 16.6435 7.24 0.38
36.9102 -6.9287 7.05 0.99
36.9452 -69.5240 7.17 1.27
36.9657 50.5700 6.16 0.43
36.9782 73.7126 7.28 0.35
36.9890 -58.1395 7.45 0.51
36.9997 1.9608 6.45 0.97
37.0071 -33.8110 5.13 0.09
37.0182 -64.2998 6.35 -0.03
37.0319 -65.5630 7.06 1.12
37.0398 8.4601 4.30 -0.05
37.0416 38.8411 7.03 0.32
37.0416 29.6693 5.29 0.31
37.0448 -50.3027 6.96 1.12
37.0489 29.8733 7.25 0.72
37.0674 -36.3408 7.19 1.63
37.1179 53.0684 7.27 1.65
37.1477 -31.1024 6.11 1.11
37.1908 29.6870 7.50 0.57
37.1936 -11.3467 7.05 0.43
37.2021 29.9318 5.89 0.59
37.2666 67.4025 4.46 0.15
37.2812 37.3297 6.78 0.17
37.3070 23.4690 6.20 0.15
37.3223 38.2252 7.27 0.21
37.3293 -21.0380 7.13 0.45
37.3483 -12.9108 7.13 1.06
37.3539 55.5362 6.52 0.09
37.3917 -24.1040 7.34 1.05
37.3969 9.0063 6.95 0.34
37.3973 9.5656 6.09 1.02
37.4422 46.0318 6.71 1.11
37.4806 -22.6832 6.76 0.19
37.4825 39.1371 6.78 1.07
37.4940 57.8207 7.23 0.69
37.5572 -25.1864 6.50 0.29
37.5648 -57.8094 6.76 1.59
37.5692 33.8337 6.26 1.08
37.5956 -51.3774 7.41 0.46
37.6041 45.4316 7.33 1.00
37.6051 47.8537 7.24 1.68
37.6348 25.2350 5.88 0.41
37.6366 -22.5453 6.17 1.58
37.6479 47.8103 7.40 1.10
37.6601 19.8553 6.14 0.25
37.6699 40.1676 6.82 1.35
37.6883 0.2557 6.00 0.17
37.7109 55.5484 6.97 0.43
37.7197 -64.0457 7.17 0.14
37.7266 17.7039 6.21 0.91
37.7968 -67.9679 7.29 0.88
37.8153 46.3950 7.09 0.19
37.8626 58.0248 6.61 1.40
37.8744 1.0942 7.46 0.18
37.8754 2.2672 5.27 1.27
37.8834 27.5693 7.34 0.45
37.9175 -79.1094 5.27 0.98
37.9462 89.2641 1.97 0.64
37.9493 21.3753 7.48 1.29
37.9591 38.1218 7.00 1.17
37.9724 57.6976 7.03 0.69
37.9755 46.5855 7.01 0.37
38.0218 -15.2447 4.74 0.45
38.0257 36.1473 5.15 1.47
38.0271 50.1808 7.11 1.73
38.0393 -1.0349 5.36 1.00
38.0474 -32.6063 6.59 1.21
38.0498 55.4581 6.76 0.36
38.0506 22.0070 7.34 0.37
38.0615 -36.4273 6.28 1.03
38.0615 21.1181 7.45 1.01
38.0630 -45.8712 7.03 0.97
38.0930 40.2725 6.84 0.04
38.1252 -27.0031 7.41 0.22
38.1755 1.0337 7.22 0.89
38.2060 -11.4134 7.37 1.23
38.2193 34.5424 5.84 1.08
38.2256 15.0346 6.00 0.57
38.2325 37.3336 7.47 0.36
38.2793 -34.6500 5.91 1.06
38.2833 29.9646 7.21 1.05
38.2904 42.8962 7.15 0.72
38.3182 -75.8935 6.86 0.45
38.3287 52.3090 6.66 0.19
38.3899 -62.5867 6.79 -0.05
38.3902 31.4084 7.36 1.57
38.4022 18.8800 6.82 0.29
38.4176 -20.0019 6.19 1.10
38.4319 -72.3491 6.84 0.57
38.4606 -29.9332 7.30 0.43
38.4613 -28.2323 4.96 -0.05
38.4638 -60.9827 6.73 0.44
38.4776 -51.0935 6.24 0.51
38.4807 -12.3371 6.89 0.33
38.4933 71.2943 6.55 1.25
38.4944 59.2121 6.98 1.45
38.5152 12.1809 7.49 0.67
38.5285 -74.0234 7.50 0.14
38.5312 -5.6354 7.14 1.08
38.5346 38.7350 6.69 1.10
38.5591 33.7928 6.70 1.26
38.5736 35.1501 7.37 0.10
38.6081 11.6048 6.98 0.01
38.6273 76.7182 6.75 1.73
38.6494 -21.9306 7.02 1.06
38.6679 50.0658 6.98 0.05
38.6776 -7.8594 5.74 1.39
38.7488 -42.1129 7.03 1.54
38.7571 -82.2360 7.44 0.68
38.7672 7.4710 6.17 1.05
38.7811 66.0494 6.93 0.99
38.8330 -3.5606 6.83 0.67
38.8520 -9.3508 7.12 0.01
38.8662 39.6644 6.36 -0.10
38.8780 63.2432 7.31 1.21
38.8813 -50.8534 6.96 0.96
38.9101 -14.9452 6.84 1.12
38.9114 37.3123 5.72 1.39
38.9266 -85.0170 7.22 1.09
38.9325 68.3678 6.64 0.42
38.9450 34.6876 5.38 1.65
38.9589 34.7253 6.73 0.20
38.9686 5.5932 4.87 0.88
38.9789 37.0583 7.42 1.06
38.9864 -17.6327 6.93 0.67
38.9976 -21.4037 7.07 0.94
39.0002 -7.8316 5.53 1.61
39.0054 13.7551 7.26 0.54
39.0107 6.4324 7.00 0.35
39.0204 6.8869 5.79 0.92
39.0180 29.4038 7.08 0.04
39.0331 79.7290 7.44 1.00
39.0386 -30.0450 5.74 1.02
39.0704 67.5129 7.25 0.40
39.1228 -23.9192 7.50 1.03
39.1386 63.4967 7.47 1.21
39.1415 -14.6567 6.91 1.03
39.1461 7.7300 5.81 1.04
39.1507 42.4005 6.80 -0.07
39.1580 12.4476 5.64 0.52
39.1793 31.6077 6.07 1.05
39.2009 51.9612 7.24 0.92
39.2090 -20.1219 6.83 1.12
39.2382 38.7336 5.91 0.50
39.2406 24.6481 7.10 0.41
39.2442 -34.5780 5.78 0.65
39.2522 24.6472 6.48 0.51
39.2580 42.0626 7.28 0.66
39.2597 34.2643 6.78 1.29
39.2714 -28.9933 7.02 0.97
39.2773 32.8911 6.23 0.52
39.2898 2.4155 7.22 0.40
39.3368 39.8961 6.54 -0.11
39.3514 -52.5431 5.30 0.29
39.3589 60.0884 7.41 0.89
39.3662 83.8346 6.67 1.36
39.3926 69.0568 7.33 1.07
39.3932 20.5749 6.92 0.91
39.4001 65.7453 5.80 1.56
39.4004 50.2374 7.36 -0.03
39.4242 -3.3962 5.65 1.02
39.4351 -22.9919 6.77 1.04
39.4608 35.1608 7.46 1.10
39.4719 -33.6772 7.35 1.46
39.4939 -67.3009 6.91 0.91
39.5031 7.6953 6.40 0.43
39.5086 72.8183 5.17 0.90
39.5505 -41.9043 7.23 0.93
39.5632 -41.5533 7.37 1.45
39.5743 37.7267 6.19 0.49
39.5777 -30.1941 5.84 0.48
39.6034 -37.9905 6.48 0.52
39.6165 38.0891 6.29 -0.03
39.6163 30.8166 7.36 0.58
39.6263 -44.7328 7.46 0.31
39.6392 -20.4563 6.71 1.53
39.6534 3.4432 6.21 1.00
39.6556 19.7277 7.20 1.47
39.6844 -52.9508 7.35 0.62
39.6912 33.4191 6.90 1.08
39.7041 21.9614 5.45 0.17
39.7217 -70.6798 6.70 1.43
39.7276 -25.7454 7.15 1.20
39.7430 62.5915 6.66 -0.01
39.7491 14.8604 7.11 1.12
39.7534 -8.9279 6.98 0.70
39.7644 10.6370 6.68 1.11
39.7728 -27.8218 7.12 1.20
39.7814 -52.9348 6.78 0.39
39.7872 -9.8312 6.65 1.01
39.8707 0.3285 4.08 -0.21
39.8821 -64.2817 6.55 -0.07
39.8910 -11.8722 4.83 0.45
39.8936 -66.9573 7.11 1.29
39.8970 -68.2669 4.12 -0.06
39.9141 -20.4281 7.32 0.77
39.9456 -35.0243 7.34 1.41
39.9499 -42.8917 4.74 0.06
39.9620 -66.1184 7.50 0.54
40.0031 -16.3084 7.47 0.19
40.0046 62.6020 7.42 0.08
40.0103 -30.6337 6.52 1.04
40.0518 -9.4529 5.79 0.52
40.0654 6.1119 6.26 0.40
40.0772 29.7964 7.45 0.03
40.0872 49.5603 6.60 0.09
40.1091 32.3204 7.42 0.15
40.1107 -14.4491 6.71 0.26
40.1539 44.0912 7.37 -0.11
40.1650 -54.5499 5.21 0.41
40.1667 -39.8554 4.11 1.01
40.1668 -69.2330 6.58 0.66
40.1696 57.3088 7.06 1.19
40.1711 27.0609 5.30 0.08
40.1973 2.8985 7.08 1.01
40.2775 18.8002 7.04 0.07
40.2820 56.2701 7.46 -0.01
40.3083 -0.6957 5.72 0.51
40.3400 4.4278 6.99 0.31
40.3489 8.5272 7.25 1.35
40.3757 -15.1007 7.27 0.53
40.3761 0.5460 6.69 1.12
40.3922 -14.5493 5.98 0.43
40.4023 -56.2972 7.08 1.35
40.4142 -30.0609 7.38 1.60
40.4202 58.9774 7.09 0.51
40.4514 -3.2138 6.07 1.18
40.4848 71.6264 7.01 1.21
40.5004 10.5448 6.52 1.26
40.5031 30.9358 6.81 1.04
40.5275 -38.3837 5.99 0.92
40.5352 -46.5244 6.09 0.88
40.5622 40.1939 4.91 0.58
40.5770 34.2947 6.94 1.04
40.5779 -16.0214 7.49 0.42
40.5914 20.0115 5.74 -0.02
40.5946 68.0644 7.05 1.23
40.6206 10.7417 6.32 0.06
40.6390 -50.8003 5.40 0.56
40.6491 61.5935 7.03 0.39
40.6725 32.9015 7.49 0.34
40.7103 -28.1513 6.79 0.80
40.7479 53.5261 5.85 1.12
40.7577 48.2652 6.30 1.14
40.7618 55.1060 5.76 -0.11
40.7806 -6.6425 7.27 1.08
40.8252 3.2358 3.47 0.09
40.8343 -40.5279 6.35 -0.02
40.8445 -44.6539 7.50 1.02
40.8506 -34.0914 7.26 1.31
40.8524 -69.1599 6.66 1.00
40.8605 -66.7143 6.23 0.54
40.8630 27.7071 4.65 -0.12
40.8705 -2.5315 6.48 0.98
40.8973 43.5380 6.77 0.26
40.8979 -62.9192 7.44 0.59
40.9124 17.5485 7.29 1.69
40.9154 -33.0455 6.85 0.94
40.9635 25.6383 6.35 0.09
40.9815 -7.9125 6.54 1.16
41.0039 -6.0093 7.07 0.53
41.0057 32.3703 7.37 1.08
41.0215 44.2970 5.43 0.90
41.0306 -13.8587 4.24 -0.12
41.0441 -52.5706 6.15 0.09
41.0478 35.1150 7.23 -0.04
41.0495 49.2284 4.10 0.51
41.0541 -36.3074 7.13 0.76
41.0609 -25.4954 6.96 0.63
41.0796 17.7639 6.40 1.14
41.0856 -32.5247 6.21 0.04
41.1374 15.3119 5.78 -0.02
41.1379 46.8415 6.90 0.45
41.1535 29.4602 7.14 0.37
41.2070 67.8246 5.95 0.14
41.2356 10.1141 4.27 0.31
41.2357 -48.6697 7.41 1.66
41.2399 12.4458 5.17 0.23
41.2546 -22.1665 7.14 0.52
41.2757 -18.5726 4.47 0.48
41.3195 -46.2870 6.84 1.36
41.3266 -20.4016 7.13 0.06
41.3371 4.7116 6.04 0.31
41.3644 -63.7046 5.73 0.93
41.3857 -67.6166 4.83 0.06
41.3873 -42.8387 6.86 0.96
41.4037 -71.2360 6.67 0.45
41.4295 17.0212 7.24 1.38
41.4557 -62.7242 7.19 1.44
41.5337 -25.3346 7.38 1.15
41.6089 -21.6609 7.19 0.39
41.6339 -76.1935 7.38 1.06
41.6492 54.0777 7.17 0.34
41.6675 75.4080 7.19 0.21
41.6879 -21.6395 6.48 0.39
41.7430 35.9835 6.27 0.94
41.7649 35.5547 6.28 0.39
41.7903 60.5708 6.51 0.53
41.7964 -22.4857 6.47 0.40
41.8141 22.9603 7.19 0.95
41.8642 19.3718 6.90 0.68
41.8655 37.7910 6.90 1.35
41.8764 23.6367 7.46 0.43
41.8798 44.2722 6.45 0.64
41.8907 -35.5506 6.51 0.96
41.9085 15.2313 7.48 1.13
41.9109 29.6785 7.10 0.01
41.9114 53.9433 7.29 0.73
41.9485 81.4485 5.80 1.30
41.9772 29.2471 4.52 1.11
41.9806 55.6135 6.92 0.13
41.9830 -12.4606 6.63 1.43
41.9976 15.5080 6.67 1.37
42.0374 -31.4231 7.21 1.00
42.0550 -3.6192 6.85 0.10
42.0587 43.6225 7.43 0.13
42.1219 -5.7384 7.21 1.06
42.1290 -33.7831 6.80 0.97
42.1337 18.2838 5.83 1.22
42.1585 -37.4010 6.66 0.42
42.1602 -20.8211 7.19 1.11
42.1821 31.1152 6.94 0.96
42.1851 -73.8415 6.94 1.61
42.1898 25.0768 7.46 1.03
42.1912 25.1881 5.89 -0.03
42.2313 69.6343 6.26 0.15
42.2462 -45.0900 6.78 0.99
42.2559 -62.8065 5.25 0.10
42.2609 -4.2248 6.91 1.62
42.2725 -32.4059 4.45 0.98
42.2945 47.2179 6.66 1.12
42.3096 57.0332 6.86 1.23
42.3232 17.4643 5.26 -0.07
42.3612 33.9363 7.25 0.50
42.3621 37.3264 6.45 0.42
42.3781 57.0843 6.25 0.79
42.4079 0.9210 6.82 1.02
42.4476 -20.2460 7.37 1.58
42.4624 -24.5603 6.14 1.00
42.4757 -27.9420 5.39 0.01
42.4922 64.6308 7.46 0.36
42.4959 27.2605 3.61 -0.10
42.5014 30.5262 6.72 0.40
42.5616 -35.8436 5.92 0.90
42.5842 -6.8067 7.26 1.44
42.5894 -4.9864 7.15 -0.10
42.6085 31.9729 6.58 0.03
42.6188 -75.0669 4.76 1.34
42.6459 38.3186 4.22 0.34
42.6471 36.9483 6.44 0.62
42.6684 -35.6758 5.48 1.26
42.6742 55.8955 3.77 1.69
42.6775 19.1605 6.63 0.60
42.6992 -39.9322 6.36 0.04
42.7175 -67.5224 6.57 1.01
42.7200 35.3939 6.51 1.48
42.7597 -21.0040 4.76 0.91
42.7759 -40.9632 7.15 1.67
42.7824 -57.1925 7.26 1.53
42.7832 60.4177 7.14 0.32
42.8349 2.1728 7.12 1.19
42.8367 3.0568 7.40 0.32
42.8620 -0.6879 7.42 0.48
42.8733 15.0821 5.52 -0.10
42.8785 35.0597 4.56 1.55
42.8998 -63.5407 6.58 1.23
42.9239 46.8419 5.86 0.90
42.9412 58.3143 6.46 0.10
42.9475 53.0318 6.91 1.34
42.9703 44.8942 6.56 1.16
42.9843 -30.8145 6.38 0.48
42.9926 -49.8703 7.05 1.01
42.9948 68.8885 5.94 0.70
43.0276 65.6352 7.29 0.15
43.0471 37.0941 6.93 1.47
43.0591 -8.2671 7.03 1.43
43.0791 -62.9096 6.03 1.25
43.0937 42.0210 6.84 1.15
43.0945 63.4098 6.78 0.57
43.1325 -27.9577 7.05 1.24
43.1338 -12.7697 6.05 0.86
43.1652 6.4748 7.11 -0.01
43.1664 48.8166 7.06 -0.01
43.1815 -41.3920 6.67 0.17
43.2114 -9.4412 6.31 0.20
43.2168 52.9974 6.35 0.09
43.2268 73.2772 7.21 1.08
43.2277 -65.4553 6.47 1.01
43.2400 60.4713 7.22 0.29
43.2987 16.4835 6.30 0.46
43.3029 -5.2492 7.24 1.13
43.3259 -22.0908 6.59 0.96
43.3378 48.5700 6.23 1.18
43.3516 31.6447 6.61 0.53
43.3933 -38.4370 5.93 0.44
43.3947 -7.7503 7.21 0.41
43.3965 -1.6410 7.46 1.00
43.3972 -22.3763 5.93 1.04
43.4093 1.9693 6.74 0.94
43.4275 38.3375 5.34 0.42
43.4426 9.3358 6.54 1.46
43.4697 -49.8896 7.22 1.04
43.5041 47.1609 6.78 0.05
43.5043 -64.8999 7.23 0.46
43.5270 -50.8714 6.22 1.57
43.5294 -10.4423 6.95 0.43
43.5586 42.5888 6.88 0.54
43.5644 52.7625 3.93 0.76
43.5732 20.5658 7.12 1.26
43.5829 -55.8792 6.61 0.37
43.5866 -64.4356 6.56 1.40
43.5874 7.6802 7.44 0.04
43.5951 51.1669 6.55 1.10
43.6532 -30.8908 6.86 0.97
43.6618 -5.3308 7.32 0.99
43.6965 -0.0482 6.53 1.04
43.6979 -64.0021 6.78 1.02
43.7065 -33.5249 6.90 0.26
43.7077 20.3731 6.96 1.21
43.7257 -14.0249 7.07 0.34
43.7300 17.7348 7.01 0.28
43.7840 3.4869 6.91 0.31
43.8084 0.4368 7.04 1.14
43.8225 16.3092 7.41 0.75
43.8252 80.1066 7.33 0.07
43.8417 27.7224 6.84 -0.03
43.8535 -25.9336 7.38 1.53
43.8676 73.3711 6.58 1.20
43.8734 -25.3047 6.59 1.18
43.8815 2.0183 6.60 -0.04
43.8913 47.3045 7.02 1.06
43.9083 48.3401 7.15 0.12
43.9220 31.0431 6.89 1.75
43.9521 18.3316 5.76 1.45
43.9613 -38.6507 7.03 1.02
43.9868 61.5211 5.59 0.45
44.0174 6.1750 7.28 1.09
44.0308 -26.1997 7.40 0.20
44.0574 8.3816 5.97 0.48
44.0665 29.1641 6.55 0.94
44.1027 64.3324 6.17 1.99
44.1069 -8.8981 3.89 1.09
44.1089 18.0231 5.58 0.47
44.1239 62.6096 7.07 1.81
44.1388 47.1640 6.05 1.30
44.1559 -3.7123 5.16 0.08
44.1840 -36.6996 7.39 1.47
44.2019 -35.3778 6.58 0.98
44.2111 51.2613 6.22 1.57
44.2325 68.1779 7.44 1.00
44.2552 -63.0349 7.28 0.89
44.2691 4.5010 6.15 1.62
44.2901 -21.2476 7.27 1.30
44.2931 0.4478 6.63 0.32
44.2942 -0.5745 7.16 0.91
44.3038 -29.8553 6.29 0.47
44.3113 -24.9695 7.33 0.86
44.3220 31.9342 5.10 -0.01
44.3490 -23.8622 5.44 0.24
44.3694 16.2937 6.90 1.20
44.3859 -38.1909 6.41 -0.02
44.4031 -55.0132 6.74 0.37
44.4784 17.8134 7.03 1.25
44.4939 64.4191 6.63 1.14
44.5097 38.6149 6.06 1.40
44.5217 20.6687 5.80 0.41
44.5239 -23.6060 5.82 1.33
44.5523 -12.0058 6.51 1.03
44.5653 -40.3047 2.88 0.13
44.5782 32.4609 6.61 1.02
44.6500 24.1338 7.41 1.17
44.6753 -2.7829 5.22 0.01
44.6901 13.6044 7.27 1.05
44.6903 39.6627 4.68 0.07
44.6971 -9.7765 6.14 0.22
44.6991 -64.0713 4.98 0.13
44.7057 43.3645 6.65 0.99
44.7211 21.6177 6.69 0.23
44.7367 77.0801 6.88 0.86
44.7461 -43.7483 7.39 0.59
44.7556 -34.1891 6.69 1.60
44.7653 35.1831 4.94 1.24
44.7771 -28.9072 6.14 1.04
44.7845 -55.5654 6.85 1.30
44.7933 19.9898 7.34 0.40
44.8030 21.3404 4.63 0.05
44.8436 6.6521 7.25 0.00
44.8940 -53.9086 6.85 1.22
44.9007 -25.2741 5.69 0.43
44.9016 -7.1800 6.62 1.08
44.9096 -32.5072 6.32 0.00
44.9161 41.0329 5.89 1.45
44.9215 -2.4650 5.56 -0.07
44.9268 -63.6282 7.21 1.53
44.9288 8.9074 4.71 -0.11
44.9474 61.2899 6.84 0.16
44.9530 57.6632 6.86 1.92
44.9575 47.2207 5.47 0.87
44.9808 -13.6834 7.06 1.10
45.0130 -1.8045 7.03 0.31
45.0171 55.1881 7.33 0.13
45.0327 -47.4170 7.50 0.24
45.0330 -41.8740 7.30 1.00
45.0495 38.1317 6.11 -0.06
45.0710 31.1250 7.41 0.44
45.0788 -11.4590 7.36 1.01
45.1313 18.0050 6.74 0.05
45.1516 22.8290 7.13 1.10
45.1839 10.8704 5.93 1.59
45.2018 -20.6937 7.35 1.66
45.2120 -2.8786 6.11 1.75
45.2175 52.3517 5.24 -0.05
45.2230 52.3520 6.64 0.02
45.2228 15.0312 7.31 0.55
45.2241 59.6660 7.35 -0.02
45.2392 -30.3624 7.39 1.14
45.2679 -33.1099 7.22 0.52
45.2918 -7.6630 5.75 1.04
45.2975 40.7966 6.92 1.39
45.3142 36.1179 7.25 1.45
45.3564 1.1562 7.38 0.22
45.3711 32.4127 6.60 1.10
45.4067 -28.0916 5.88 0.79
45.4679 5.3362 6.24 1.04
45.4717 38.8782 6.64 0.24
45.4756 26.4624 5.91 0.14
45.4838 -9.9614 5.84 1.09
45.5386 -6.4945 6.20 0.60
45.5642 -71.9025 5.51 -0.12
45.5699 4.0897 2.54 1.63
45.5938 4.3529 5.62 -0.11
45.5979 -23.6245 4.08 0.16
45.6017 54.3633 7.19 0.29
45.6084 26.6092 6.62 0.70
45.6761 -7.6855 5.32 0.94
45.7177 47.1106 6.72 0.60
45.7327 -46.9750 5.81 1.30
45.7329 -60.7977 7.11 1.41
45.8562 41.5602 7.43 1.64
45.8674 6.2267 6.72 0.34
45.8682 -58.9330 7.20 1.44
45.8694 23.0615 7.09 0.62
45.8756 28.2699 6.38 0.31
45.8831 38.4100 7.14 -0.01
45.8833 -10.9751 7.10 0.49
45.9036 -59.7378 5.12 0.35
45.9459 -21.3615 7.48 0.85
45.9526 60.3124 7.23 0.51
45.9617 6.1333 6.92 0.55
45.9801 -43.8980 6.69 1.35
45.9864 47.8485 6.48 0.30
46.0258 -5.2433 7.18 1.60
46.0344 -47.8568 7.29 0.96
46.0382 61.7058 6.64 0.63
46.0392 38.0795 6.86 -0.01
46.0633 21.4729 7.29 1.08
46.0688 -7.6009 5.26 0.19
46.0708 75.1495 7.16 -0.01
46.1160 40.2928 6.91 1.06
46.1586 1.8636 6.05 1.04
46.1694 15.8560 6.37 1.40
46.1793 -60.1966 7.33 1.41
46.1991 53.5064 2.91 0.72
46.2068 13.7975 7.36 0.94
46.2469 -74.3198 6.81 1.28
46.2652 52.6283 7.13 1.86
46.2940 38.8403 3.32 1.53
46.2971 -8.2742 6.30 1.02
46.3036 -19.0810 7.45 1.16
46.3293 41.1208 7.27 0.07
46.3376 40.5822 6.06 1.01
46.3419 -73.4717 7.40 0.99
46.3612 25.2552 5.45 -0.03
46.3808 -16.6082 7.34 0.43
46.3851 56.7057 4.77 1.02
46.3978 36.7987 6.99 0.18
46.4173 56.0690 6.10 1.05
46.4207 65.1567 7.18 1.18
46.4433 43.7025 6.90 0.75
46.5330 79.4185 5.49 1.57
46.5713 11.6653 7.12 1.82
46.5987 13.1873 5.64 1.09
46.6390 -10.2520 6.69 1.02
46.6395 -6.0886 5.23 1.57
46.6403 -39.7801 7.49 1.64
46.6646 -29.9875 7.14 1.35
46.6803 -72.0249 6.99 1.20
46.7163 30.5271 7.07 0.30
46.8034 -1.8028 6.95 0.97
46.8274 -13.7618 6.97 0.65
46.8292 64.0576 5.89 -0.02
46.8570 17.8800 6.13 -0.12
46.8831 -78.9892 5.67 0.30
46.8960 75.8037 7.14 1.92
46.9140 36.6176 7.36 0.67
46.9159 -61.7158 7.04 0.93
46.9159 1.4060 7.11 1.34
46.9473 47.3087 6.38 0.12
46.9541 -69.2649 6.12 1.01
46.9606 -61.8550 7.09 0.73
46.9619 -27.8312 6.18 0.17
46.9641 62.6395 7.45 1.13
46.9881 -30.3138 7.27 0.26
47.0160 52.2135 6.33 -0.02
47.0344 -61.1499 7.18 1.34
47.0422 40.9556 2.09 -0.00
47.0880 18.7951 6.24 1.56
47.1048 10.7959 7.30 0.44
47.1071 57.0129 6.64 0.64
47.1123 51.1665 7.01 0.19
47.1162 7.6430 7.01 0.28
47.1616 8.4711 6.28 1.03
47.1770 -35.4329 7.11 0.68
47.2092 -64.5653 6.80 0.34
47.2111 58.3478 7.46 0.32
47.2185 -24.8876 7.29 0.68
47.2258 -18.9692 7.19 0.05
47.2258 62.3846 6.47 0.23
47.2539 12.8597 7.23 0.92
47.2651 49.6133 4.05 0.59
47.3339 20.7611 6.41 1.24
47.3423 64.2997 6.84 0.95
47.3675 37.3015 6.95 1.08
47.3739 44.8575 3.79 0.98
47.3943 19.3807 6.86 0.11
47.4031 29.0771 5.74 0.12
47.4402 20.0010 7.49 1.22
47.4869 3.0610 7.46 0.48
47.5137 -63.9136 6.65 0.14
47.5368 27.8198 6.42 0.01
47.5754 -1.6947 7.33 -0.01
47.5802 -74.2971 6.90 0.52
47.5858 45.9404 7.28 1.17
47.6127 26.8962 6.02 1.28
47.6135 -48.7342 6.11 1.12
47.6474 -23.7385 6.37 0.91
47.6498 0.2125 7.29 0.25
47.6616 11.8726 5.97 -0.06
47.6635 -57.8098 6.63 0.88
47.6662 21.8926 7.22 1.06
47.6784 -39.0515 7.00 0.17
47.7048 10.0059 6.95 1.73
47.7094 63.7877 7.43 0.50
47.7147 -11.1251 7.22 1.00
47.7178 32.2265 7.26 1.06
47.7310 2.3158 6.78 1.07
47.7508 53.1433 7.37 0.32
47.7532 64.8963 6.50 0.16
47.7720 -13.2643 6.36 0.61
47.8197 -16.0250 6.25 1.17
47.8224 39.6116 4.61 1.11
47.8282 -3.8116 6.08 1.67
47.8413 13.0478 6.11 1.04
47.8488 38.0694 7.30 1.74
47.8555 57.9031 7.48 2.18
47.8690 -74.6656 7.49 1.03
47.8821 60.6351 7.31 0.16
47.9073 19.7267 4.35 1.03
47.9181 -0.4941 7.09 1.17
47.9284 81.4707 5.92 0.15
47.9287 52.1635 6.90 0.01
47.9546 -29.1628 7.00 1.03
47.9690 -39.0232 7.05 0.56
47.9712 82.9038 7.06 0.98
47.9844 74.3937 4.85 0.04
47.9848 16.1660 7.46 1.61
47.9903 -39.3659 6.98 1.04
47.9952 46.1286 6.96 0.30
48.0068 -56.4015 7.21 1.47
48.0088 0.1077 7.03 1.10
48.0187 -28.9876 3.80 0.54
48.0224 65.0844 7.38 0.32
48.0398 42.3759 6.15 -0.10
48.0397 37.2178 7.29 0.61
48.0473 46.3860 7.18 0.49
48.0594 27.2570 5.78 -0.11
48.0608 -40.4093 7.19 0.22
48.0641 -20.6196 7.04 -0.12
48.1037 16.5167 7.33 0.18
48.1072 -44.4197 5.92 0.44
48.1100 47.7259 6.32 1.43
48.1099 6.6609 5.55 1.01
48.1291 -32.3966 6.97 1.26
48.1332 56.1491 7.45 1.80
48.1381 -57.3215 5.71 2.42
48.1563 -31.1291 7.03 1.36
48.1935 -1.1961 5.07 0.57
48.2267 -47.1552 7.27 0.58
48.2503 -20.0269 6.74 1.19
48.2562 -35.9437 6.29 -0.08
48.2940 31.0691 6.94 1.50
48.3157 -41.3798 7.12 1.41
48.3417 -27.5739 7.03 0.10
48.3495 48.1770 5.93 0.97
48.3645 74.2964 7.30 0.58
48.3793 78.1909 7.28 1.25
48.4081 -29.8041 6.17 1.04
48.4590 -38.8094 6.88 0.17
48.4597 49.5689 7.16 0.03
48.4634 43.8630 7.15 1.02
48.4787 18.9733 6.51 1.49
48.5120 0.7394 7.36 0.53
48.5222 59.5635 7.13 0.43
48.5350 15.5904 7.17 0.07
48.5353 40.1190 7.05 -0.05
48.5464 -40.2556 7.37 1.13
48.5715 22.9538 6.76 1.11
48.5716 74.2431 6.84 1.84
48.6506 -2.3328 7.13 1.59
48.6670 -35.5577 6.88 0.74
48.6761 -6.7024 7.17 1.11
48.7210 -59.5135 6.75 1.36
48.7254 21.0444 4.87 -0.01
48.7357 42.5036 6.07 1.09
48.7395 -69.7827 7.24 0.97
48.7511 -26.1005 6.25 0.04
48.7701 -13.8280 7.36 0.99
48.7768 -45.6648 6.75 0.59
48.7815 73.8681 6.57 1.47
48.7961 -64.4439 6.62 0.48
48.8132 -20.0190 7.02 0.02
48.8352 30.5567 5.61 0.01
48.8614 -39.7621 7.08 1.24
48.8725 -18.1749 7.28 0.45
48.8823 -8.7701 6.61 1.15
48.9392 80.1303 6.70 1.07
48.9464 32.8567 6.30 0.37
48.9499 57.1406 5.79 0.64
48.9528 50.9559 6.46 0.10
48.9584 -8.8197 4.80 0.23
48.9893 -77.3885 5.51 0.44
49.0036 -5.9187 6.17 -0.02
49.0077 34.6885 6.25 0.29
49.0185 45.3461 6.15 1.67
49.0260 -7.9271 7.37 1.24
49.0471 -30.8275 6.64 -0.04
49.0509 50.9377 5.04 1.11
49.0637 -11.9859 7.14 1.59
49.0905 -5.7305 6.30 1.65
49.1038 66.3803 6.70 0.05
49.1141 -4.2873 7.09 0.10
49.1363 -35.6912 7.04 0.14
49.1466 32.1840 5.98 0.99
49.1490 -9.1547 6.14 0.41
49.1695 -3.5303 7.48 0.53
49.2045 51.2182 7.20 0.04
49.2295 -31.3522 7.15 0.23
49.2375 23.1268 7.32 1.30
49.2490 60.0675 7.48 0.08
49.2652 28.7590 7.40 0.00
49.2875 6.7999 6.96 0.26
49.2920 -4.1398 7.39 0.31
49.2977 40.4830 6.44 -0.03
49.3017 17.5729 7.41 1.72
49.3225 -23.5203 6.61 1.50
49.3400 78.8750 6.76 0.26
49.3599 7.6558 7.38 0.57
49.3608 -47.7517 5.84 1.23
49.3814 65.6584 6.41 0.08
49.4169 31.1270 6.40 0.57
49.4333 38.6392 7.26 0.61
49.4385 -62.5753 5.53 0.64
49.4406 39.2834 5.97 0.06
49.4473 44.0250 5.49 -0.06
49.4959 -66.9269 6.03 0.13
49.4960 -10.4429 7.02 0.93
49.5108 -28.7971 5.93 0.34
49.5496 -62.5064 5.24 0.60
49.5831 24.0818 7.25 1.18
49.5921 -22.5111 4.86 0.90
49.5934 -0.9303 5.62 1.05
49.6131 15.1773 7.42 0.79
49.6356 44.7196 6.95 0.11
49.6572 50.2222 5.16 -0.07
49.6714 -18.5598 5.72 0.38
49.6826 34.2227 4.85 1.49
49.7274 -57.9789 7.45 1.06
49.7406 -73.9862 7.23 0.41
49.7520 -65.8881 7.41 0.52
49.7579 -2.8432 7.05 0.66
49.7818 50.0950 5.05 -0.07
49.7910 -65.7280 7.31 0.17
49.8239 -35.0042 7.06 0.37
49.8297 39.0555 7.27 0.36
49.8404 3.3702 4.84 0.68
49.8792 -21.7579 3.70 1.61
49.8884 44.0045 7.45 1.02
49.8954 -24.1229 5.63 1.66
49.9371 1.1990 7.27 1.00
49.9438 -18.8443 7.06 0.07
49.9490 19.0762 7.43 -0.05
49.9667 13.3771 7.12 0.78
49.9792 -43.0698 4.26 0.71
49.9825 27.0711 5.91 0.86
49.9834 8.6998 7.44 0.04
49.9870 75.2375 7.35 0.07
49.9894 -34.0119 7.45 0.92
49.9969 65.6523 4.74 -0.11
50.0076 1.4836 6.73 0.95
50.0148 -28.8541 7.36 0.63
50.0261 50.9688 7.07 0.05
50.0289 69.7313 6.60 -0.01
50.0582 46.7810 7.50 1.27
50.0817 77.7347 5.44 0.21
50.0848 29.0485 4.47 1.55
50.0874 45.8736 7.50 1.67
50.0885 23.6893 7.46 0.28
50.0934 55.5371 7.15 1.17
50.0972 19.8727 6.90 1.22
50.0986 51.6184 7.29 0.01
50.1066 25.6627 6.14 1.24
50.1117 24.5432 7.31 1.21
50.1404 12.3466 7.34 0.47
50.1448 -65.7859 7.25 0.32
50.1858 -26.2878 6.92 0.41
50.1883 -26.6065 6.40 0.54
50.2144 20.5094 6.78 1.17
50.2244 68.4570 7.30 0.96
50.2601 -68.5334 7.03 0.29
50.2637 73.6991 6.87 1.30
50.2784 3.6756 5.70 0.96
50.3068 21.1471 5.27 -0.07
50.3294 61.9992 6.76 0.03
50.3500 -23.6351 5.50 0.89
50.3607 43.3297 4.96 0.05
50.3742 45.3871 7.41 0.02
50.3893 -47.7767 6.40 0.99
50.4247 -20.3247 6.69 0.03
50.4687 49.0709 5.94 0.47
50.4951 -15.4587 7.26 1.15
50.5212 4.2106 7.47 1.15
50.5390 -46.7634 6.90 1.28
50.5495 27.6076 5.55 1.10
50.5502 42.8221 7.36 0.22
50.5678 -25.5878 6.36 0.01
50.5684 -21.1001 6.73 1.21
50.5765 31.4143 7.50 1.16
50.6296 32.2399 7.40 1.90
50.6885 20.7421 5.10 1.23
50.7705 26.9009 7.23 0.18
50.8050 49.2133 5.32 -0.08
50.8222 -17.4395 6.70 1.01
50.8238 -7.7941 6.20 0.70
50.8497 30.9840 7.38 1.19
50.8784 82.1499 7.01 1.55
50.8867 58.7220 6.58 1.27
50.8969 -40.0764 6.90 0.84
50.9013 0.9101 6.47 1.15
50.9125 4.8821 6.37 0.85
50.9154 -27.9300 7.40 1.22
50.9359 -32.7071 6.51 1.37
50.9472 48.6044 7.00 0.00
51.0038 19.9071 6.83 1.63
51.0095 -69.6246 6.14 0.48
51.0175 74.1710 6.93 0.45
51.0265 -41.2319 7.20 1.01
51.0326 -20.9314 7.14 1.11
51.0422 12.6296 6.03 1.23
51.0676 -24.3007 7.09 1.30
51.0770 24.7241 5.50 1.19
51.0807 49.8612 1.79 0.48
51.0980 -31.1267 7.35 0.89
51.0980 -57.5511 7.44 0.97
51.1026 -13.9930 6.87 0.14
51.1088 20.8035 6.07 -0.03
51.1104 40.0438 7.36 1.40
51.1237 33.5360 5.78 -0.00
51.1437 22.0403 6.91 0.11
51.1439 -45.6639 7.05 0.31
51.1509 -51.0627 6.50 0.00
51.1540 -76.7463 6.80 0.20
51.1690 64.5860 5.13 2.04
51.2033 9.0289 3.61 0.89
51.2041 28.6525 7.12 0.13
51.2691 10.9765 7.29 0.15
51.2891 41.2573 6.52 0.05
51.2902 -4.4782 7.22 1.03
51.2942 12.4854 7.42 0.28
51.2983 -29.8431 7.26 0.99
51.3034 -37.1527 7.16 0.14
51.3260 58.6945 6.85 1.07
51.3313 40.9533 7.24 -0.05
51.3346 -4.6553 6.99 0.94
51.3497 31.7311 7.31 1.51
51.4011 -69.3364 5.96 0.41
51.4020 -27.2725 7.40 0.95
51.4071 45.5156 7.50 -0.30
51.4495 53.9215 6.51 0.30
51.4573 73.2074 7.06 1.32
51.4819 53.3227 7.46 0.14
51.4827 -35.9209 6.39 0.08
51.4891 49.1208 6.09 -0.07
51.5186 49.7456 7.12 0.37
51.5452 48.3840 7.50 0.04
51.5491 -41.6369 6.33 0.05
51.5938 -27.3175 5.93 0.93
51.6428 60.2815 7.45 0.99
51.6450 63.1951 7.27 0.92
51.6474 28.7151 6.47 0.88
51.6687 72.2060 7.13 0.23
51.6842 -28.5609 7.48 1.19
51.7052 0.0262 7.05 1.48
51.7207 66.2110 7.18 1.24
51.7238 43.6557 7.30 1.24
51.7596 34.4295 6.76 1.05
51.7634 18.7566 6.54 0.19
51.7715 48.2055 6.85 -0.03
51.7923 9.7327 3.73 -0.08
51.8077 2.2802 7.40 0.12
51.8278 12.7353 6.29 -0.03
51.8831 5.8704 7.19 1.27
51.8892 -35.6813 5.71 1.28
51.8955 -39.8806 7.10 1.51
51.9123 49.5999 6.93 -0.01
51.9224 -14.3666 7.22 0.05
51.9324 -43.8559 6.73 0.50
51.9381 83.5283 7.31 1.51
51.9824 47.7359 7.27 0.04
51.9935 -77.6133 7.41 1.05
52.0040 -11.2866 5.74 1.10
52.0058 20.4643 6.72 0.47
52.0128 49.0629 4.99 -0.09
52.0397 -12.7540 7.39 1.25
52.0480 -35.8534 6.49 0.13
52.0720 -57.8822 6.69 1.58
52.0759 44.3772 6.52 1.65
52.0862 33.8076 5.72 0.05
52.0982 60.2557 6.49 0.01
52.1107 22.8040 6.03 0.95
52.1145 -13.2093 7.15 1.54
52.1258 40.1710 7.04 1.08
52.1380 43.7536 7.21 0.23
52.1514 11.3905 6.74 0.96
52.1944 30.3753 7.06 0.30
52.2007 20.6241 7.33 -0.07
52.2042 35.8075 7.14 1.16
52.2180 49.8484 5.58 -0.05
52.2235 49.0703 7.47 0.12
52.2255 69.2828 7.35 0.51
52.2278 -33.6553 7.16 1.27
52.2384 40.1865 7.32 0.72
52.2438 14.9968 7.38 0.04
52.2659 3.2487 6.41 0.79
52.2672 59.9403 4.21 0.42
52.3073 45.0493 7.13 0.28
52.3418 49.5089 4.67 -0.10
52.3434 -62.9375 4.71 0.41
52.3569 -19.5544 7.28 1.19
52.3595 46.9379 6.21 0.13
52.3960 -23.4757 6.88 0.44
52.4001 -12.6747 5.57 0.17
52.4131 -6.8045 6.01 1.02
52.4274 16.7623 7.05 -0.05
52.4544 -22.5055 6.79 1.06
52.4661 49.2134 7.28 0.10
52.4781 58.8787 4.55 0.49
52.4798 -42.6343 5.76 0.20
52.4914 -35.7486 7.22 0.18
52.4955 -78.3518 5.68 0.93
52.5009 55.4518 5.09 0.02
52.5456 59.3659 6.14 0.10
52.5544 55.3750 7.05 1.98
52.5553 -11.6463 6.77 0.73
52.5566 -41.3699 6.12 0.49
52.5738 52.8948 7.28 1.35
52.5808 71.8639 6.37 1.77
52.6020 11.3364 5.14 -0.04
52.6099 10.4588 7.00 1.46
52.6124 47.0633 7.03 0.08
52.6437 47.9952 4.36 1.37
52.6539 -47.3751 5.98 0.12
52.6539 48.1036 5.82 -0.03
52.6544 -5.0751 4.74 -0.09
52.6669 -19.4356 7.45 0.67
52.6691 -9.7302 6.86 1.31
52.6878 42.2024 6.92 0.39
52.6893 6.1887 5.93 0.95
52.6959 5.3670 7.03 0.95
52.6986 5.1526 7.34 0.44
52.7046 -18.4661 7.39 1.16
52.7154 -66.4897 5.81 -0.06
52.7182 12.9367 4.14 1.11
52.7187 -62.0079 6.79 0.53
52.7644 27.7315 7.44 0.04
52.7666 -0.4812 6.64 0.12
52.7774 50.4815 7.37 0.25
52.7880 39.1477 7.31 0.38
52.8153 41.7265 7.32 0.03
52.8209 -55.2492 7.12 1.53
52.8329 27.5718 6.99 0.05
52.8365 27.5718 6.61 0.03
52.8380 17.9382 6.79 1.54
52.8520 -59.8570 7.41 0.19
52.8522 -33.5456 7.23 0.99
52.8723 49.2098 6.29 0.07
52.8762 40.7599 6.50 0.24
52.8880 47.8624 6.77 -0.03
52.9169 -3.4977 7.17 1.01
52.9225 78.0145 7.32 1.22
52.9543 49.4011 6.41 0.07
52.9735 -25.6141 6.38 0.12
52.9748 48.7351 6.62 -0.03
53.0358 48.0235 5.47 -0.10
53.0359 62.2680 7.16 1.19
53.0393 42.7493 7.27 0.12
53.0498 11.5424 6.79 0.04
53.0641 -7.0901 7.31 0.49
53.0684 44.8407 7.24 1.43
53.0733 40.9207 6.73 -0.01
53.0823 84.9110 5.62 0.89
53.1095 46.0569 5.30 0.40
53.1099 -24.6164 7.03 0.12
53.1449 -50.3786 5.67 1.10
53.1498 9.3734 5.76 -0.07
53.1624 44.8558 6.42 -0.01
53.1663 35.6593 7.29 0.50
53.1667 35.4617 5.91 -0.08
53.1800 -61.3941 7.30 1.05
53.2128 5.2546 7.33 0.96
53.2146 -61.0169 6.42 1.04
53.2327 -9.4583 3.72 0.88
53.2397 16.5984 7.03 0.50
53.2486 -67.4195 7.48 0.52
53.2823 35.3989 7.29 0.89
53.2976 -10.0454 7.34 0.41
53.3007 -1.8606 7.42 1.07
53.3372 47.9501 6.60 0.33
53.3383 13.7824 6.90 1.06
53.3605 65.5519 7.18 0.12
53.3842 58.7652 6.45 0.17
53.3936 -62.6405 7.41 0.36
53.3960 39.8995 5.79 0.14
53.4128 54.9749 5.98 0.11
53.4218 57.8687 6.37 0.52
53.4367 6.9260 7.16 0.91
53.4384 -15.1279 7.05 0.46
53.4470 -21.6329 4.26 -0.11
53.4762 -30.6280 7.16 1.07
53.4866 -31.0801 6.20 0.48
53.5349 17.8328 6.14 0.89
53.5540 48.6175 7.35 0.04
53.6032 -65.7642 6.74 0.16
53.6109 24.4644 5.95 0.12
53.6244 -34.8324 7.04 0.38
53.6399 -31.8748 6.39 1.40
53.6561 -9.8683 6.25 0.02
53.6598 -62.5573 6.97 0.17
53.6786 -54.3223 6.84 0.44
53.7045 6.4177 6.49 0.64
53.7183 -25.5828 6.48 0.98
53.7543 60.0414 6.43 0.43
53.7550 32.0168 6.66 0.43
53.7657 -24.3073 7.42 0.98
53.7759 38.5857 7.01 0.34
53.7831 -57.8102 7.42 1.00
53.7923 5.7140 7.48 0.52
53.8012 73.3469 6.56 0.02
53.9078 31.6804 6.86 0.41
53.9576 -43.7164 7.02 0.16
53.9885 -5.1250 6.49 1.09
53.9903 -11.1938 5.56 0.92
53.9937 47.0910 6.89 -0.02
54.0159 63.2881 7.33 1.73
54.0190 46.5845 7.32 1.10
54.0205 27.5932 7.39 1.09
54.0726 -17.4671 5.24 -0.12
54.0913 55.8868 6.81 0.12
54.1014 20.0676 7.47 0.50
54.1042 -19.3767 7.34 0.08
54.1043 -79.0987 6.84 1.01
54.1091 52.9314 7.21 1.82
54.1224 48.1926 4.32 -0.06
54.1257 -78.3231 6.29 1.15
54.1659 29.2240 6.53 0.27
54.1955 34.3476 6.88 1.34
54.1970 0.5878 5.82 0.89
54.2142 -33.7807 6.93 0.48
54.2183 0.4017 4.29 0.57
54.2289 35.0521 7.46 0.14
54.2418 23.2111 6.72 0.12
54.2692 -36.2922 7.24 0.09
54.2737 -40.2745 4.57 1.02
54.2879 -29.8301 7.30 0.08
54.2959 25.9911 7.28 0.70
54.3470 40.0897 7.01 0.05
54.3664 31.1202 6.96 0.46
54.4100 1.1225 7.37 1.41
54.4211 -74.8226 6.89 0.33
54.4340 56.7394 6.53 0.24
54.4393 -15.4849 7.05 0.95
54.4493 15.4306 6.40 0.17
54.4579 4.1455 7.22 0.37
54.4599 0.1411 7.18 0.99
54.4844 37.4309 7.34 0.97
54.5007 42.5828 6.41 -0.06
54.5219 -57.2853 7.43 1.53
54.5413 -31.2996 7.25 1.58
54.5426 -59.7764 6.96 0.40
54.5544 49.0830 7.18 -0.03
54.5649 47.5770 7.45 0.01
54.5785 44.8017 7.22 0.20
54.5822 56.9327 6.29 -0.10
54.6099 15.1496 7.35 1.16
54.6122 49.2057 6.87 0.03
54.6219 -7.3919 5.86 0.98
54.6515 74.7380 7.49 1.03
54.6697 22.6596 6.71 -0.00
54.6758 -35.2042 7.04 1.28
54.6986 -27.9431 6.01 -0.03
54.7090 -8.5070 7.28 0.90
54.7273 -1.5255 7.34 0.34
54.7296 2.7635 7.22 0.04
54.7384 42.5383 6.73 0.61
54.7503 20.9158 6.50 0.15
54.7547 -5.6262 5.97 0.92
54.7780 24.7029 7.11 0.04
54.8050 21.8433 7.27 0.07
54.8211 13.8915 6.67 0.92
54.8545 75.7396 6.25 0.97
54.8559 -10.4373 6.19 1.03
54.8573 16.5367 6.18 1.00
54.8860 59.4454 6.90 1.40
54.9030 -17.3651 6.86 0.92
54.9098 -3.3930 6.22 1.04
54.9135 -56.2346 6.85 1.64
54.9299 -52.9158 7.12 0.58
54.9351 -1.5925 7.47 1.15
54.9382 56.3830 6.53 0.08
54.9395 -40.3522 6.55 0.14
54.9466 -6.7772 6.96 0.13
54.9630 3.0569 5.55 0.93
54.9720 -10.9468 7.01 1.07
54.9727 -28.5115 6.94 0.55
54.9947 63.8704 6.81 0.48
54.9952 64.2854 7.38 0.51
54.9982 -1.1212 6.12 0.99
55.0300 34.1165 6.82 0.54
55.0390 -1.8968 7.28 1.10
55.0450 -9.0391 6.92 0.46
55.0477 -15.2265 6.35 0.88
55.0520 -19.5928 6.91 1.12
55.0653 7.5853 7.45 0.31
55.0815 -43.2408 7.35 1.68
55.0899 21.4057 7.16 0.31
55.0919 -3.2170 6.68 0.55
55.1168 5.1259 6.61 1.31
55.1597 -5.2107 5.53 -0.14
55.1615 28.7733 6.86 0.15
55.1675 -19.4729 6.82 1.12
55.1692 46.0234 7.40 0.91
55.1930 25.3295 6.11 0.10
55.1976 -2.3327 6.96 0.95
55.2053 -27.9698 7.14 1.10
55.2338 41.1888 7.17 0.41
55.2827 37.5802 5.55 -0.06
55.2892 -40.7684 7.43 0.19
55.2997 58.8449 6.84 0.33
55.3075 -11.8024 6.49 0.38
55.3266 28.7028 6.88 -0.00
55.3433 -19.5844 6.58 0.09
55.3838 10.0818 7.25 1.23
55.3931 -14.2993 7.29 1.06
55.4398 -47.7757 6.96 0.18
55.4507 62.6484 6.99 0.55
55.4763 -14.3632 7.05 0.11
55.4966 -24.6522 6.77 0.51
55.5389 63.2168 5.06 1.65
55.5411 -45.9579 6.50 0.52
55.5621 -31.9384 4.99 -0.16
55.5663 22.7865 7.40 0.43
55.5789 19.7003 5.68 -0.02
55.5944 33.9650 4.97 -0.05
55.5950 -50.7958 7.35 0.93
55.6152 32.9392 6.77 0.49
55.6363 -85.2620 6.40 -0.01
55.6434 -64.1953 7.36 1.40
55.6537 17.2935 7.07 0.66
55.6552 8.6346 7.05 0.27
55.6781 59.9694 5.74 1.74
55.6882 69.8457 6.98 0.20
55.7086 -37.3135 4.59 1.19
55.7312 47.7876 3.01 -0.12
55.7696 -50.6431 6.97 0.51
55.7881 -61.5087 7.45 0.25
55.7918 -31.0193 7.07 1.43
55.8121 -9.7634 3.52 0.92
55.8433 -2.0696 7.14 1.09
55.8773 -61.6262 7.48 1.05
55.8910 -10.4857 5.59 0.22
55.9015 -2.0778 7.29 1.55
55.9402 -9.6030 7.20 1.10
55.9417 26.3811 7.35 1.16
55.9467 19.6650 6.13 0.99
55.9484 42.6034 7.48 0.58
55.9806 -19.1109 7.10 0.93
55.9912 -28.6286 7.25 0.35
56.0266 -40.6603 6.45 1.06
56.0268 48.5237 6.06 1.55
56.0381 -38.2818 6.99 0.87
56.0489 -64.8069 3.84 1.13
56.0684 -54.4778 7.32 0.87
56.0777 -41.8977 7.48 1.73
56.0797 32.2882 3.84 0.02
56.1175 20.9287 6.09 0.03
56.1271 -1.1631 5.24 -0.09
56.1309 36.4601 5.60 0.06
56.1412 -54.2740 6.29 1.03
56.1549 27.8974 6.75 0.37
56.1705 46.0998 6.10 0.29
56.1875 27.9211 6.86 0.64
56.1952 -70.0267 7.42 0.63
56.2009 24.2895 5.45 -0.03
56.2103 -48.0613 6.49 1.01
56.2189 24.1133 3.72 -0.10
56.2354 -0.2967 5.56 1.41
56.2613 2.6213 6.65 0.49
56.2796 74.5426 6.71 1.00
56.2839 -63.7292 7.36 1.05
56.2906 24.8393 5.66 -0.06
56.2985 42.5785 3.77 0.42
56.3021 24.4673 4.30 -0.11
56.3162 -47.3595 5.72 0.96
56.3340 -20.5240 7.44 0.20
56.3488 -71.6581 6.26 -0.12
56.3647 28.6687 7.41 0.13
56.3648 47.6604 7.18 -0.01
56.3794 42.0069 6.89 -0.02
56.3880 -25.9155 6.97 0.28
56.4046 38.6763 6.45 1.20
56.4185 6.0500 5.34 -0.10
56.4534 23.1471 6.85 0.06
56.4567 24.3677 3.87 -0.06
56.4607 55.0638 6.83 0.21
56.4728 0.2227 7.40 1.61
56.4770 24.5545 5.76 -0.04
56.4969 45.6819 5.66 -0.08
56.5036 67.2016 5.79 0.35
56.5097 63.3450 4.78 0.75
56.5121 24.5279 6.43 -0.02
56.5356 -12.1016 4.43 1.60
56.5390 6.8035 5.91 0.99
56.5553 -9.8828 6.87 1.14
56.5578 71.6181 6.97 0.96
56.5816 23.9484 4.14 -0.05
56.6094 13.5091 6.88 0.07
56.6143 -29.3382 5.91 0.11
56.6703 32.2902 6.68 0.04
56.6742 -25.3572 7.18 1.06
56.7121 -23.2497 4.22 0.43
56.7339 -14.4783 7.49 1.45
56.7475 24.5201 6.83 0.02
56.7535 -30.0553 7.06 1.60
56.7649 8.9549 7.12 1.20
56.7942 51.7064 6.90 0.37
56.8094 -74.2390 3.26 1.59
56.8171 44.0737 7.06 0.01
56.8214 23.7268 6.98 0.54
56.8322 -50.7540 6.58 1.32
56.8332 -29.9017 6.54 0.51
56.8374 23.8033 6.99 0.03
56.8429 -29.4686 6.93 1.10
56.8712 24.1051 2.85 -0.09
56.8727 24.2883 6.83 0.07
56.8839 55.9220 6.09 -0.02
56.9152 -23.8747 5.24 0.07
56.9170 51.5288 7.34 0.17
56.9207 -69.8888 7.44 0.24
56.9480 -4.8368 7.42 1.22
56.9543 32.1954 6.26 0.47
56.9567 -36.1058 6.21 -0.10
56.9694 33.5999 6.57 0.04
56.9835 -30.1679 5.52 0.97
56.9952 -2.8614 6.98 0.26
56.9960 -26.3286 6.97 0.12
57.0015 40.5306 7.25 0.63
57.0273 24.9884 6.44 1.70
57.0474 -74.6941 7.13 0.40
57.0678 11.1433 5.08 -0.12
57.0753 50.7368 6.18 0.03
57.0867 23.4213 5.44 -0.07
57.0933 8.5804 7.40 1.11
57.0940 42.8810 7.39 0.00
57.1033 -54.2938 6.89 0.59
57.1254 24.3455 6.96 0.13
57.1282 9.6459 6.68 1.20
57.1488 -20.9030 5.81 1.60
57.1494 -37.6202 4.30 -0.04
57.1580 -70.3597 7.33 1.08
57.1623 0.2279 5.91 1.22
57.1647 51.3760 7.28 1.22
57.1680 78.1193 7.13 -0.05
57.1818 34.3103 7.12 0.71
57.1951 -40.3992 7.24 0.56
57.1980 -7.0150 7.02 1.45
57.2126 -55.0000 7.18 1.10
57.2258 50.8402 7.36 0.42
57.2341 16.4595 7.22 0.43
57.2372 23.8571 6.47 0.38
57.2510 -26.0326 6.95 0.40
57.2804 32.2643 7.45 0.21
57.2838 43.9631 5.95 0.28
57.2906 24.0534 3.62 -0.07
57.2967 24.1367 5.05 -0.08
57.3071 70.8710 5.40 0.10
57.3296 -1.4533 6.55 1.00
57.3323 57.1183 6.46 0.06
57.3394 -36.0925 6.75 1.61
57.3406 24.3810 6.62 -0.03
57.3612 57.1222 7.18 0.10
57.3636 -36.2002 4.17 0.93
57.3649 52.6554 6.73 0.39
57.3751 80.3225 7.16 1.23
57.3804 65.5260 4.39 1.87
57.3862 33.0914 5.14 0.06
57.3992 -52.0800 7.45 1.45
57.4025 63.2970 5.82 0.19
57.4091 22.5335 7.01 0.03
57.4092 67.1655 7.05 1.07
57.4110 -2.3286 7.22 0.59
57.4314 23.7119 6.17 -0.05
57.4437 9.4075 6.77 -0.03
57.4556 -42.7276 7.35 0.18
57.4795 22.2442 6.05 -0.01
57.4919 23.8487 6.73 0.06
57.5109 -45.3854 6.93 0.91
57.5144 22.5916 7.29 0.54
57.5144 61.7980 7.35 0.98
57.5144 37.8739 6.61 0.28
57.5185 44.9679 5.65 0.78
57.5553 34.8201 6.77 0.32
57.5579 -18.7460 7.38 0.02
57.5673 -1.5226 6.47 0.43
57.5690 -32.2854 6.93 1.54
57.5789 25.5794 5.24 0.23
57.5792 -75.8956 7.35 1.53
57.5895 71.3323 4.59 0.06
57.5957 17.4764 7.50 0.65
57.6045 52.4819 6.97 0.25
57.6253 34.0523 7.17 1.50
57.6446 -30.6900 7.02 1.51
57.6564 -36.4256 6.86 -0.04
57.6747 1.5639 6.60 0.40
57.6848 -38.9819 7.05 1.36
57.7184 23.9615 6.95 0.08
57.7520 69.1028 7.11 0.92
57.8161 13.0461 6.30 -0.06
57.8554 25.1629 6.79 0.16
57.8798 -21.2811 6.59 1.06
57.8854 -56.2940 7.48 0.92
57.9026 22.0314 6.71 1.12
57.9240 68.5075 6.31 -0.06
57.9242 -47.3169 6.70 0.28
57.9324 70.5081 7.49 0.24
57.9738 34.3591 5.78 -0.04
57.9810 -11.9681 7.32 1.63
58.0003 60.3366 6.91 1.38
58.0010 6.5349 5.66 0.05
58.0185 31.1686 6.22 0.21
58.0362 -1.1488 6.77 0.01
58.0475 25.1631 6.77 0.58
58.0713 -0.6556 6.82 0.22
58.0790 34.2221 7.43 0.04
58.0861 62.3448 6.73 0.16
58.1286 -5.0541 6.74 0.40
58.1378 40.3656 7.18 1.06
58.1475 67.5566 7.39 0.35
58.1655 32.4085 6.73 0.90
58.1736 -5.3613 5.48 -0.09
58.1744 65.5316 7.32 0.95
58.2073 -22.2763 7.09 0.30
58.2849 -6.6337 6.56 -0.09
58.2918 17.3271 5.97 0.35
58.3039 -18.4344 6.21 0.87
58.3050 7.7705 7.47 0.52
58.3634 -41.2227 7.22 0.53
58.3684 46.9040 7.46 1.31
58.3759 2.1191 6.72 -0.05
58.3773 -14.9706 6.93 1.57
58.3888 -46.8937 5.93 1.22
58.3937 25.6829 6.35 0.11
58.4112 48.6505 5.76 1.04
58.4123 -34.7323 5.11 -0.13
58.4279 -24.6122 4.64 -0.14
58.4302 57.9751 5.80 0.18
58.4596 26.8959 7.48 1.05
58.4977 -23.1371 6.68 0.82
58.4992 -12.4493 7.33 1.04
58.5330 31.8836 2.84 0.27
58.5722 -27.6688 6.99 0.20
58.5729 -2.9547 4.46 0.67
58.5965 -40.3570 5.70 0.60
58.6135 5.1746 7.44 0.41
58.6168 16.6161 6.81 0.72
58.6415 -52.6904 6.46 0.16
58.6457 -9.5204 7.06 0.36
58.6562 -46.4169 6.90 0.16
58.6770 2.0900 6.80 0.97
58.6897 9.1776 7.42 0.07
58.7442 -14.9059 7.11 1.71
58.8148 -38.7592 6.81 -0.03
58.8172 -12.0991 5.99 0.32
58.8462 31.0458 6.79 0.08
58.8536 49.0406 6.85 0.49
58.8991 -25.9272 7.34 1.14
58.9047 52.2268 6.82 0.52
58.9101 52.6413 6.74 0.35
58.9430 -19.4333 7.43 1.29
58.9432 56.9190 6.92 0.29
58.9556 -4.5268 7.06 0.50
58.9924 47.8714 5.39 -0.07
59.0164 -63.4637 6.14 1.09
59.0243 -7.6417 7.50 1.17
59.0487 59.6419 6.53 0.70
59.1153 -13.5975 6.37 1.58
59.1194 -25.1813 6.88 0.75
59.1195 35.0809 5.49 -0.06
59.1224 -38.9622 6.89 0.02
59.1263 71.8216 6.31 0.33
59.1317 -10.8531 6.56 0.50
59.1513 74.0800 6.75 1.51
59.1521 50.6954 5.28 0.42
59.1573 3.0579 7.02 1.18
59.1581 -9.7508 6.18 0.27
59.2140 -48.4784 7.24 0.95
59.2170 22.4780 5.62 0.34
59.2572 6.0400 6.09 0.06
59.2574 -40.0369 6.97 1.31
59.2659 23.1756 6.05 0.03
59.2845 61.1089 4.99 1.44
59.2970 21.3236 6.84 1.03
59.2993 25.2828 7.50 1.02
59.2999 -24.6316 7.24 0.22
59.3179 41.8806 6.84 0.12
59.3560 63.0723 4.95 -0.07
59.3574 43.3163 7.36 0.03
59.3599 24.4619 6.19 1.37
59.3964 36.4913 6.98 0.43
59.4635 40.0102 2.90 -0.20
59.5074 -13.5085 2.97 1.59
59.5112 72.7246 6.63 1.27
59.5131 34.8140 6.54 0.23
59.5635 -49.6100 6.94 1.07
59.5871 24.0811 7.21 0.04
59.6215 38.8403 6.32 1.08
59.6556 11.0275 7.24 1.70
59.6592 53.9887 7.03 0.25
59.6671 -3.6652 7.07 1.06
59.6787 -57.1024 6.05 0.44
59.6834 68.0239 7.27 1.06
59.6864 -61.4002 4.56 1.59
59.7077 57.4509 6.96 0.10
59.7183 -5.4699 5.85 1.00
59.7412 35.7910 3.98 0.02
59.7643 23.6281 7.36 1.07
59.7727 27.1975 7.44 0.14
59.8321 13.9750 6.77 1.18
59.8345 -43.9175 6.83 1.07
59.8383 48.7621 7.48 1.21
59.8555 -20.3329 7.26 1.20
59.8755 -12.5744 5.61 1.48
59.9060 -56.4728 6.82 0.25
59.9166 38.8204 6.51 0.11
59.9187 10.3304 6.35 0.42
59.9232 1.7948 7.27 0.11
59.9438 -17.9122 7.49 1.46
59.9812 -24.0162 4.62 -0.12
59.9972 -61.8948 6.70 1.52
60.0011 -19.2467 7.12 0.51
60.0077 -42.3901 7.20 1.18
60.0435 40.0137 6.89 0.14
60.0647 -51.5650 6.51 1.65
60.1537 17.2967 6.31 0.06
60.1543 13.8922 7.31 1.42
60.1694 -30.4907 5.93 0.04
60.1701 12.4903 3.41 -0.10
60.1819 -71.1668 6.60 0.08
60.1869 -58.6617 7.03 0.11
60.2032 18.1940 5.89 0.32
60.2242 -62.1593 4.48 1.50
60.2367 23.2015 6.52 0.10
60.2791 20.1992 6.76 1.05
60.3007 -22.2759 7.41 0.29
60.3118 36.9895 6.39 -0.01
60.3194 40.0946 7.20 0.40
60.3234 -46.1373 7.24 1.02
60.3255 -61.0788 4.97 1.39
60.3378 56.0398 7.29 0.13
60.3580 28.5019 7.08 0.17
60.3585 47.4504 7.14 1.04
60.3835 -1.5497 5.28 -0.13
60.4055 53.8659 7.04 1.14
60.4422 9.9980 5.67 0.01
60.4810 -21.0207 7.26 1.26
60.5142 -34.4822 6.73 0.63
60.6115 -61.3569 6.74 0.67
60.6168 -78.6331 6.63 1.07
60.6217 3.8472 6.91 0.03
60.6531 -0.2689 5.38 0.52
60.6536 -68.9472 7.40 1.46
60.6603 -0.8010 6.93 0.03
60.6781 -27.4835 7.40 0.54
60.6961 -22.5945 6.90 1.16
60.7298 62.4213 7.34 0.28
60.7413 8.1401 7.36 0.35
60.7479 9.2085 6.91 0.47
60.7492 -48.3688 6.95 1.23
60.7891 5.9893 3.91 0.03
60.7899 37.1212 7.29 1.06
60.7941 8.8826 6.65 1.06
60.7965 78.2028 6.98 1.05
60.8293 3.0777 7.15 0.26
60.8384 3.1878 7.08 1.67
60.8422 48.8409 6.97 0.54
60.8531 -20.1438 6.47 -0.18
60.8705 -24.4601 7.24 1.45
60.8911 -25.8479 6.57 1.63
60.9033 -20.1588 7.01 1.23
60.9141 -47.8619 6.62 0.21
60.9340 81.8750 7.22 1.06
60.9349 -37.0703 7.16 0.31
60.9358 5.4356 5.32 -0.08
60.9858 8.1973 5.45 0.37
61.0093 -4.6005 7.28 1.63
61.0294 39.5097 7.13 0.68
61.0363 -16.5887 6.36 1.27
61.0412 2.8269 5.36 0.51
61.0782 12.5074 7.45 1.91
61.0903 24.1060 5.46 0.81
61.0947 -12.7923 5.62 1.06
61.1132 59.1555 5.00 0.49
61.1541 55.0665 6.55 0.47
61.1650 17.5176 6.64 1.12
61.1704 -20.3819 6.12 1.16
61.1738 22.0819 4.36 1.06
61.1795 32.5712 6.87 0.00
61.2225 -2.4271 7.07 -0.00
61.3098 -1.0118 6.97 0.75
61.3169 -0.5691 7.13 0.48
61.3344 22.0089 5.90 0.62
61.3797 14.2863 7.30 1.22
61.3894 31.4972 7.21 1.68
61.4002 34.2392 6.64 0.45
61.4027 -31.0510 6.94 0.55
61.4059 -27.6518 5.59 0.32
61.4233 10.0371 6.72 1.03
61.4446 -20.5126 6.34 0.92
61.4754 -10.2958 7.03 1.55
61.4855 -8.8561 6.27 0.06
61.5089 46.9256 6.77 0.15
61.5125 -69.8713 7.45 0.36
61.5132 68.6800 5.88 1.54
61.5336 62.1018 6.76 0.23
61.5954 14.4022 7.30 0.50
61.6062 43.4182 7.38 0.84
61.6298 63.7457 7.39 0.92
61.6460 50.3513 4.25 -0.01
61.6517 27.5999 5.18 -0.12
61.6526 54.0087 6.31 0.98
61.6538 -18.0508 6.60 1.43
61.6558 19.1529 7.48 0.38
61.6618 65.5208 6.14 0.14
61.6627 32.3851 7.05 0.04
61.7134 -49.6285 6.86 0.41
61.7326 33.4464 6.70 -0.01
61.7422 -21.9941 6.65 0.24
61.7519 29.0013 5.21 0.36
61.7523 -10.0005 6.88 0.58
61.7947 74.0004 6.49 0.98
61.8004 56.7377 7.15 0.94
61.8156 -9.7578 6.77 1.18
61.8392 -64.2223 6.37 0.64
61.8489 75.1750 7.22 0.53
61.8552 -42.9168 6.59 0.90
61.8572 74.6365 6.80 0.97
61.8720 -6.0074 6.91 0.15
61.8930 38.0745 7.13 0.86
61.9060 -37.0620 6.71 1.30
61.9249 15.1628 6.02 0.40
61.9554 62.3329 7.08 0.38
61.9641 62.3301 6.95 0.39
61.9976 17.3399 5.89 1.50
62.0076 43.1792 7.05 1.22
62.0546 43.1911 6.57 -0.01
62.0642 37.7275 6.07 0.94
62.0715 -32.8568 7.43 0.24
62.1009 60.8767 7.46 0.08
62.1411 -45.8648 6.58 0.39
62.1525 38.0397 5.52 0.52
62.1615 53.3609 7.30 0.83
62.1626 25.8778 7.20 1.39
62.1654 47.7125 3.96 -0.03
62.1754 10.0994 6.79 1.70
62.1941 -8.6703 7.15 0.03
62.1971 50.2005 6.95 0.10
62.2156 23.8711 6.97 1.14
62.2229 23.0986 6.87 0.31
62.2273 46.2277 7.33 0.19
62.2367 41.5040 6.98 0.13
62.2565 13.3983 5.94 0.05
62.2642 -15.8909 7.46 1.09
62.2915 19.6092 5.51 1.08
62.3243 -16.3859 5.45 -0.15
62.3353 -7.9291 7.20 0.22
62.3425 54.8289 6.25 0.45
62.3433 73.5704 6.76 0.55
62.3518 58.5601 7.08 0.34
62.3634 6.7251 6.74 0.10
62.3649 59.9081 6.29 1.11
62.3962 -32.9753 7.44 1.15
62.4119 31.6521 6.88 0.55
62.4204 -7.8929 7.03 0.71
62.4292 3.3227 6.49 0.44
62.4320 24.0729 7.36 0.20
62.4547 -3.5735 6.84 0.04
62.4687 -19.2870 7.02 0.95
62.4949 -19.0029 7.16 1.15
62.4957 -25.0419 6.95 1.12
62.5013 86.6261 5.84 0.39
62.5078 68.3736 7.24 0.33
62.5116 80.6987 5.10 0.59
62.5141 -34.4977 7.22 1.63
62.5308 -61.5989 7.16 0.55
62.5886 39.2257 7.02 0.41
62.5938 -6.9239 5.44 0.94
62.6765 18.4233 6.61 0.43
62.6850 -25.0961 7.35 0.58
62.6855 -4.8748 7.36 0.65
62.6911 -35.2738 6.43 1.07
62.6990 -8.8198 5.70 1.06
62.7078 26.4810 5.39 0.35
62.7106 -41.9936 4.93 0.33
62.7299 15.9467 7.18 0.15
62.7459 33.5868 5.75 1.41
62.7629 -46.9414 7.37 0.52
62.7642 16.6470 6.97 0.34
62.7890 2.3184 7.01 1.80
62.8053 41.7474 6.98 1.07
62.8345 5.5230 5.71 0.36
62.8567 -15.9684 7.01 1.49
62.8622 40.9133 7.26 0.18
62.8819 -0.4225 6.59 1.11
62.9008 -20.3562 5.80 0.17
62.9289 -47.0855 7.07 0.95
62.9664 -6.8376 4.04 0.33
62.9752 63.0409 7.28 1.03
62.9839 -8.8375 6.45 0.95
62.9954 -53.4121 7.07 1.16
63.0011 -17.2747 6.41 0.97
63.0386 0.7356 6.62 0.92
63.0568 79.0300 6.92 1.15
63.0848 -4.4103 6.70 1.58
63.0987 -31.5811 7.44 0.73
63.1042 23.5746 7.16 1.01
63.1287 -36.1526 7.12 0.41
63.1306 17.2775 6.09 1.08
63.1317 -44.3682 6.70 1.46
63.1375 -2.5125 7.43 0.94
63.1810 5.0309 7.29 1.19
63.2002 -23.8212 6.61 1.64
63.2135 22.4135 6.14 0.17
63.2161 68.5012 6.33 1.17
63.2343 -6.3883 6.76 1.07
63.2435 32.5327 6.69 1.70
63.2522 -28.5406 7.45 0.52
63.2603 -32.7949 7.03 0.23
63.2637 -23.1283 6.78 0.35
63.2782 -72.8206 7.43 0.52
63.3124 -70.4204 6.99 0.32
63.3734 -10.3872 7.23 1.52
63.3802 8.8903 6.52 0.15
63.3879 7.7160 5.29 0.37
63.3940 10.2125 6.24 0.02
63.3988 -40.3578 6.36 1.47
63.4090 -1.1497 6.45 -0.12
63.4157 -58.0219 7.30 0.21
63.4212 49.0939 6.92 0.91
63.4329 39.6803 7.28 1.66
63.4367 72.1261 6.05 1.02
63.4447 -84.4858 7.20 -0.09
63.4500 -51.5935 7.41 1.34
63.4576 12.7537 6.25 1.14
63.4849 9.2638 4.84 0.80
63.4885 -37.0304 6.99 1.48
63.4950 -32.0421 6.98 1.01
63.4988 37.9671 6.47 1.03
63.5004 -42.2944 3.85 1.08
63.5041 11.0272 7.46 0.38
63.5141 -30.1127 7.19 1.08
63.5148 -15.9931 7.19 1.69
63.5288 38.4694 7.43 0.33
63.5402 -46.1324 6.77 0.58
63.5762 12.3481 6.74 0.68
63.5827 -38.2600 6.92 0.99
63.5846 69.5067 7.30 1.39
63.5934 54.5242 7.34 0.10
63.5987 -10.2563 4.87 1.16
63.6046 1.6593 7.36 0.98
63.6061 -62.4739 3.33 0.92
63.6101 23.6964 6.77 1.13
63.6267 22.4519 7.05 0.42
63.6285 -75.8081 7.24 1.58
63.6431 10.7014 7.11 0.51
63.6510 10.0114 5.22 -0.09
63.7023 -62.1918 5.45 1.11
63.7170 37.5427 6.31 0.96
63.7221 40.4837 4.67 1.01
63.7244 48.4093 4.12 0.94
63.7512 -16.1807 6.94 0.78
63.7575 57.4604 6.06 0.60
63.7784 3.2465 7.49 0.12
63.7933 29.9021 7.11 1.07
63.7961 -37.1969 6.76 0.13
63.7983 -38.2949 7.06 0.91
63.8087 44.7678 7.23 0.24
63.8181 -7.6529 4.43 0.82
63.8574 6.1997 6.94 0.68
63.8615 -16.4452 6.87 -0.13
63.8628 4.0094 7.35 0.17
63.8700 6.1869 6.32 0.57
63.8836 8.8924 4.27 -0.05
63.9428 15.4007 6.31 0.40
63.9430 -23.2377 6.73 0.08
63.9453 -18.6404 7.05 0.96
63.9653 -22.1514 6.93 0.07
63.9822 31.6931 7.32 0.59
63.9958 -84.1812 6.99 1.13
64.0060 0.4539 7.16 0.09
64.0065 -51.4866 4.26 0.31
64.0687 7.1595 7.50 0.66
64.0781 -17.8749 7.47 0.94
64.0873 -60.9485 6.34 0.10
64.1211 -59.3022 4.44 1.08
64.1214 -38.8842 7.13 0.17
64.1499 -10.0858 7.46 0.14
64.1796 53.6118 5.20 0.05
64.1928 -69.7268 7.13 0.96
64.2029 16.2144 6.57 1.10
64.2231 61.8500 5.69 -0.12
64.2551 19.6757 7.12 0.44
64.2837 57.8604 5.72 1.11
64.2975 5.0246 6.91 0.65
64.3013 50.8658 6.59 1.72
64.3153 20.5786 4.93 0.26
64.3204 46.6967 7.38 1.61
64.3225 2.5297 7.23 1.02
64.3301 -6.4722 5.95 1.08
64.3324 46.2177 7.09 0.36
64.3378 57.1783 6.71 0.04
64.4178 -63.2554 5.88 -0.06
64.4293 13.8366 6.90 0.99
64.4331 62.3466 7.15 2.04
64.4613 -34.1865 7.45 0.38
64.4615 67.0886 6.89 -0.02
64.4660 80.5358 6.39 0.95
64.4736 -33.7983 3.55 -0.11
64.4821 58.7908 7.09 0.12
64.4966 -80.2140 5.67 0.84
64.5338 42.1412 6.22 -0.07
64.5593 -14.6388 6.86 0.95
64.5608 50.2955 4.60 0.04
64.5670 -20.7153 6.00 1.60
64.5967 21.5793 5.64 0.28
64.6027 9.4872 6.54 0.17
64.6287 43.7270 7.43 0.25
64.6492 60.4938 7.33 0.29
64.6562 -22.9697 6.09 0.30
64.6667 -52.8601 6.08 0.49
64.7006 -54.1355 7.16 0.11
64.7541 -17.8509 7.37 0.19
64.7620 -33.9046 6.36 0.13
64.7765 -79.5209 6.96 0.20
64.7803 -47.5677 7.08 1.22
64.8046 42.3812 6.98 0.46
64.8051 50.0487 5.46 0.23
64.8195 -44.2679 5.33 1.07
64.8587 21.1423 5.50 -0.07
64.8691 74.6360 7.45 0.13
64.8759 37.9984 7.17 0.36
64.8791 -8.1196 6.95 -0.01
64.9029 21.7735 5.34 -0.11
64.9059 10.1214 6.31 1.43
64.9267 -25.0248 6.86 1.44
64.9471 13.0858 7.46 1.52
64.9483 15.6276 3.65 0.98
64.9735 -12.3991 6.72 0.93
64.9786 16.5226 6.85 0.51
64.9904 14.0352 5.58 0.28
65.0114 78.0796 6.95 1.00
65.0168 23.5988 7.19 1.11
65.0378 -16.4373 6.80 -0.03
65.0415 31.9532 6.16 1.68
65.0480 50.9209 5.55 -0.03
65.0540 19.2335 7.46 0.56
65.0601 41.8081 5.95 0.96
65.0638 -2.6285 6.89 1.47
65.0884 27.3508 4.97 1.15
65.1027 34.5667 4.93 0.95
65.1046 18.7426 6.11 0.40
65.1204 -1.3164 6.78 0.28
65.1325 43.2381 7.23 1.80
65.1513 15.0955 5.26 0.23
65.1610 -6.2460 6.15 0.90
65.1625 -20.6396 5.38 -0.03
65.1681 65.1404 5.26 0.82
65.1718 6.1308 5.76 0.91
65.1723 -16.8300 6.97 1.68
65.1785 -7.5925 5.85 -0.12
65.2045 9.2248 6.52 0.15
65.2107 -19.3356 7.12 0.86
65.2197 13.8644 6.15 0.46
65.2259 81.9776 7.46 0.06
65.2297 38.5772 7.47 0.92
65.2396 50.2548 7.13 1.69
65.2418 -81.5799 5.78 0.36
65.2566 -3.7189 7.41 0.99
65.2650 56.7122 7.08 1.43
65.2658 -48.8112 7.38 0.19
65.2726 -21.2482 7.46 1.21
65.3136 27.3502 7.21 2.02
65.3154 -87.8129 7.50 0.47
65.3316 76.1061 6.74 -0.04
65.3616 34.5711 7.42 1.56
65.3627 -0.0982 5.86 1.32
65.3769 -6.0732 7.23 1.02
65.3805 -25.7286 6.08 0.37
65.3819 21.0399 6.79 0.43
65.3844 18.4176 6.80 0.44
65.3882 46.4989 4.80 -0.02
65.3950 14.4098 6.60 0.41
65.3967 -8.1086 7.50 0.03
65.4063 -6.2842 6.45 0.06
65.4389 13.5849 7.37 0.17
65.4395 50.0352 7.11 1.32
65.4403 -37.7818 6.53 1.39
65.4430 2.3901 6.92 0.57
65.4484 60.7356 5.40 1.50
65.4659 56.5063 5.91 0.11
65.4719 -63.3864 5.24 0.95
65.5010 39.9340 7.02 0.62
65.5146 14.0772 5.72 0.32
65.5426 -4.6769 7.47 0.32
65.5947 20.8214 5.91 1.66
65.6169 -0.5519 7.27 1.09
65.6414 32.4679 7.27 1.51
65.6456 25.6293 5.38 -0.04
65.6840 15.0561 6.97 0.52
65.7128 -82.8991 6.77 0.21
65.7337 17.5425 3.77 0.98
65.7414 59.6162 6.18 0.11
65.7736 -24.8922 5.81 1.51
65.7823 -35.5448 6.38 1.24
65.8202 11.3779 6.64 0.55
65.8242 -32.1520 7.13 0.16
65.8322 -7.7045 7.18 1.03
65.8544 16.7773 5.64 0.31
65.8766 24.4054 7.18 0.46
65.8849 20.9820 6.00 0.03
65.8966 35.9031 7.16 1.26
65.8992 42.4279 6.25 0.02
65.9202 -3.7455 5.17 0.07
65.9341 22.9648 7.03 1.83
65.9659 9.4610 5.10 0.07
65.9827 -66.7371 6.98 0.32
65.9990 24.3010 6.34 0.17
66.0092 -34.0168 3.97 1.47
66.0226 53.4953 7.05 0.38
66.0240 17.4441 4.80 0.15
66.0417 62.0325 7.03 0.39
66.0511 -57.0713 6.28 0.66
66.0538 -40.0527 7.36 -0.10
66.0581 51.9371 6.84 0.19
66.0603 12.1580 6.42 1.41
66.0607 21.7362 7.13 0.52
66.0665 -46.6448 7.06 0.47
66.0928 17.0790 6.96 0.45
66.1036 34.3148 7.30 0.02
66.1150 41.7300 7.11 0.16
66.1215 34.1308 5.73 -0.05
66.1366 50.8452 6.87 0.46
66.1561 33.9597 5.77 0.40
66.1751 10.0467 7.22 0.21
66.1790 18.9131 7.35 0.36
66.2352 -34.7575 6.55 0.45
66.2380 19.0420 5.97 0.38
66.2723 -61.2382 5.94 1.53
66.3228 -5.6521 7.46 0.98
66.3296 -44.1609 6.38 0.46
66.3423 22.2939 4.21 0.14
66.3542 22.2000 5.27 0.25
66.3714 46.1437 7.43 0.23
66.3724 17.9279 4.30 0.05
66.3737 -53.1118 6.91 0.37
66.4034 5.6453 7.03 1.25
66.4055 15.9410 6.44 0.51
66.4150 -1.4109 6.76 0.91
66.4244 -2.2324 7.25 0.20
66.4263 -9.9266 6.66 1.56
66.4323 -5.1531 7.34 1.17
66.4842 1.0318 7.36 -0.06
66.4889 5.1501 7.36 0.51
66.5056 4.3735 6.37 1.08
66.5263 31.4389 5.29 0.99
66.5769 22.8136 4.28 0.26
66.5771 21.4704 7.36 0.56
66.5864 15.6183 4.48 0.26
66.5879 8.5903 6.06 -0.01
66.6131 -0.5112 7.17 1.57
66.6272 -32.8163 6.81 0.39
66.6516 14.7138 4.69 0.98
66.6571 -40.5294 6.70 0.08
66.6711 -6.4041 7.49 0.91
66.6919 -6.8824 7.30 -0.01
66.6927 55.6437 7.33 0.42
66.7131 17.0286 6.86 1.49
66.7217 -18.6562 7.00 0.55
66.7372 -24.0813 6.11 0.14
66.7527 52.0023 7.49 1.68
66.7529 2.0794 6.23 1.09
66.7536 57.5853 6.28 0.06
66.7566 19.8433 7.46 0.32
66.7621 80.8242 5.42 1.18
66.7702 18.2075 6.94 0.02
66.7748 -46.9475 6.10 0.47
66.7769 -62.7996 6.87 -0.00
66.8227 22.9963 5.53 -0.10
66.8262 36.5203 6.76 1.07
66.8528 46.8532 6.72 0.71
66.8699 11.2123 5.87 0.05
66.8858 -40.4724 7.14 0.59
66.8995 15.5892 7.41 0.54
66.9194 -32.4086 7.08 0.47
66.9302 43.1908 7.45 0.79
66.9420 11.7364 7.49 0.56
66.9418 -62.5212 5.74 1.00
66.9479 -11.1243 6.97 1.01
66.9807 -21.5041 6.75 0.51
66.9921 -17.8410 7.32 1.53
67.0032 21.6199 5.72 0.27
67.0123 10.0722 7.46 0.22
67.0152 1.8586 6.14 1.02
67.0222 8.1548 7.00 0.04
67.0299 -15.1803 6.69 0.83
67.0394 -41.9598 6.41 1.61
67.0554 83.8078 5.51 -0.11
67.0607 -22.7679 7.01 1.10
67.0975 14.7410 5.90 0.33
67.0986 11.6659 7.39 1.38
67.1099 16.3597 4.96 1.14
67.1338 1.3808 5.53 -0.10
67.1437 15.9622 3.84 0.95
67.1541 19.1804 3.53 1.01
67.1626 -19.4589 5.95 1.22
67.1656 15.8709 3.40 0.18
67.2090 13.0476 5.02 0.21
67.2166 30.3615 6.38 0.55
67.2266 -49.6018 7.48 0.76
67.2490 16.1591 6.59 0.54
67.2584 42.7157 7.36 0.47
67.2789 -13.0484 5.61 -0.20
67.3014 35.2658 7.39 0.47
67.3326 27.4042 6.53 -0.02
67.3336 -46.5153 6.13 1.06
67.3356 17.5449 7.02 0.53
67.3764 17.8632 6.90 0.45
67.3860 -26.2759 6.78 1.24
67.4034 80.9317 7.16 0.12
67.4123 5.1643 6.93 1.74
67.4286 10.5219 6.77 0.09
67.4664 69.3783 6.63 1.67
67.5024 83.3404 5.47 0.85
67.5095 10.2622 6.47 1.04
67.5358 15.6378 5.58 0.32
67.5417 -13.5924 6.22 1.00
67.5576 -38.9889 7.32 1.04
67.5749 19.8406 7.09 0.47
67.5759 -38.2746 7.13 1.50
67.5835 28.1319 6.51 0.72
67.5934 -30.4441 7.33 0.09
67.5935 23.5889 7.18 0.39
67.6112 -43.2127 7.35 0.01
67.6231 -43.4106 7.27 0.02
67.6401 16.1940 4.78 0.17
67.6406 -23.0244 6.83 0.17
67.6557 13.7244 5.40 0.26
67.6600 32.4578 6.18 -0.03
67.6620 15.6919 5.47 0.26
67.6680 -35.6535 5.95 1.00
67.6950 16.1487 6.50 0.43
67.7087 -44.9537 5.07 -0.19
67.7203 44.6029 6.99 1.05
67.7222 -41.1743 7.02 0.39
67.7238 -36.8762 7.32 1.26
67.7382 10.7518 7.03 0.47
67.7670 6.7913 6.78 0.55
67.7800 15.1050 6.28 1.73
67.8049 23.3461 7.07 1.70
67.8128 -35.7736 7.49 1.28
67.8348 -28.8819 7.47 0.28
67.8487 -59.7669 7.01 0.21
67.8504 40.0102 6.25 0.01
67.8577 -13.6442 6.25 0.09
67.9602 5.7644 6.68 0.01
67.9656 15.8516 6.01 0.34
67.9694 -0.0440 4.91 1.32
67.9874 -12.6326 7.16 0.48
67.9873 36.7427 6.35 1.09
67.9992 -20.6995 6.76 1.52
68.0077 53.9108 5.78 0.12
68.0200 5.4100 6.37 0.42
68.0286 -28.8064 7.42 1.09
68.0329 21.6324 7.08 0.64
68.0719 37.0432 6.80 0.47
68.0908 25.1855 7.44 0.16
68.1020 0.9801 7.26 -0.06
68.1565 -3.2095 5.76 -0.12
68.2763 -12.5434 6.67 1.08
68.2796 67.6314 6.94 0.17
68.2910 -25.5599 7.26 0.45
68.3143 64.9882 7.49 0.46
68.3204 52.8050 7.22 1.93
68.3293 64.1698 6.86 1.07
68.3400 43.0319 6.80 0.21
68.3420 -10.7853 6.06 1.38
68.3538 43.0639 6.09 0.37
68.3777 72.5286 5.94 0.31
68.3773 -29.7665 4.49 0.97
68.3818 -6.9881 6.60 1.20
68.3877 18.0167 6.24 0.08
68.3918 -62.8237 5.79 1.03
68.4087 16.3233 6.58 0.19
68.4104 -8.2557 6.63 -0.06
68.4135 -1.8312 7.46 1.27
68.4350 -5.3097 6.66 1.06
68.4443 13.2519 6.62 0.43
68.4507 9.4136 6.01 1.06
68.4621 14.8444 4.65 0.26
68.4780 -6.7389 5.71 -0.13
68.4990 -55.0450 3.30 -0.08
68.5110 -28.4496 6.85 0.41
68.5188 43.0874 7.37 0.23
68.5344 5.5686 5.67 0.06
68.5485 -8.2314 5.20 1.71
68.5490 -8.9703 5.24 1.47
68.5591 -6.8378 6.09 1.38
68.5643 -73.2088 6.80 0.92
68.5691 45.9135 7.46 0.47
68.6119 0.4070 7.24 0.71
68.6456 -72.7337 7.00 0.21
68.6508 84.4724 7.34 1.37
68.6536 -33.6461 7.41 1.11
68.6583 28.9611 5.88 -0.05
68.6589 -24.0405 6.37 1.14
68.6824 -34.8187 7.15 1.40
68.6893 22.6923 6.78 0.48
68.6914 50.1245 7.08 0.08
68.7276 -25.0390 7.38 0.48
68.7295 -35.5762 7.04 1.01
68.7442 16.9947 7.19 1.18
68.7529 -19.9214 6.12 1.17
68.7599 17.2012 6.73 1.83
68.7724 57.4204 6.65 0.31
68.8088 -9.7364 6.74 0.04
68.8240 -24.5330 6.69 0.50
68.8504 85.5270 6.55 0.53
68.8877 -30.5623 3.81 0.96
68.9136 10.1608 4.25 0.18
68.9167 19.9688 7.24 0.57
68.9273 19.8818 6.33 0.75
68.9314 59.4008 6.78 0.07
68.9365 45.2146 7.36 1.72
68.9802 16.5093 0.87 1.54
69.0023 55.5121 6.91 0.52
69.0070 -3.6116 6.34 -0.10
69.0187 -45.1364 7.29 0.43
69.0798 -3.3525 3.93 -0.21
69.0817 11.4125 6.74 0.26
69.0863 61.3623 6.91 1.26
69.1009 64.2616 5.91 -0.01
69.1069 -37.8261 7.20 0.40
69.1214 23.3409 6.01 0.38
69.1446 19.7600 7.32 0.36
69.1485 -27.0479 7.35 0.50
69.1581 36.9528 6.62 1.23
69.1697 15.8693 6.64 0.44
69.1726 41.2648 4.25 1.17
69.1902 -62.0772 5.59 1.50
69.1949 -83.4966 7.15 1.09
69.2086 -8.4605 7.08 -0.03
69.2122 -30.7168 6.28 -0.10
69.2209 80.8819 7.38 0.26
69.2735 -30.4293 6.90 1.30
69.2878 27.9257 7.45 0.19
69.3070 0.9983 5.32 -0.11
69.3116 18.5430 6.49 0.81
69.3303 -41.8729 6.40 0.17
69.3482 68.2824 7.40 0.03
69.3587 0.5746 7.50 0.56
69.3613 0.5531 7.49 0.57
69.3851 60.0903 7.35 0.03
69.4005 -2.4735 5.22 0.28
69.4284 -2.6465 7.15 0.96
69.4315 78.9866 7.37 0.31
69.4764 7.3176 7.00 -0.06
69.4965 -20.6880 7.26 -0.12
69.4990 -13.0289 7.33 0.04
69.5245 46.2337 6.98 1.19
69.5316 -58.2038 6.61 0.93
69.5393 16.0333 5.78 0.31
69.5394 12.5108 4.27 0.12
69.5451 -14.3040 3.86 1.08
69.5482 -13.2583 7.33 0.45
69.5627 60.8842 6.64 1.53
69.5635 31.9988 7.11 0.30
69.5660 20.6847 5.85 -0.02
69.5906 -77.6560 6.05 1.08
69.6201 -19.6409 7.13 0.26
69.6230 26.9393 6.56 0.34
69.7053 -62.3785 6.78 0.19
69.7188 -8.2248 7.27 -0.01
69.7222 42.2400 6.89 1.23
69.7231 -12.1231 4.99 0.07
69.7253 -58.9806 7.20 0.19
69.7334 -25.7060 7.30 1.04
69.7679 -51.6728 6.45 1.32
69.7756 7.8710 5.38 0.26
69.7860 13.0030 7.20 0.43
69.7884 15.7998 5.08 0.14
69.8187 15.9180 4.67 0.15
69.8321 -14.3592 5.46 1.05
69.8465 25.2183 6.21 0.18
69.8679 -0.0844 7.22 1.33
69.9043 -21.2475 7.18 1.20
69.9468 -1.0525 6.11 0.94
69.9779 53.0795 5.07 1.08
69.9919 53.4730 5.36 0.33
70.0142 12.1976 5.45 -0.12
70.0214 39.7885 7.20 1.59
70.0284 -24.4824 5.56 0.93
70.0459 40.7890 6.58 0.42
70.0592 -38.8070 7.43 1.22
70.0739 -58.9439 6.53 0.68
70.0877 64.5572 7.04 0.94
70.0945 29.9722 6.80 0.39
70.1105 -19.6715 4.32 1.60
70.1406 -41.8638 4.44 0.34
70.1426 -48.5382 6.90 1.10
70.1506 44.0971 7.47 0.17
70.2026 -45.7930 7.50 0.12
70.2064 57.8796 7.26 0.12
70.2708 -6.7475 7.06 1.07
70.3323 28.6150 5.73 0.02
70.3505 48.3009 5.66 0.00
70.3790 -23.9764 7.34 1.70
70.3915 -14.6879 7.33 1.09
70.4009 42.1185 7.29 0.63
70.4251 -12.4758 6.64 0.13
70.4424 -47.2598 6.77 0.74
70.4592 38.2802 5.97 0.59
70.4658 -47.8260 7.37 0.30
70.5145 -37.1443 5.04 0.39
70.5155 69.0937 7.44 1.12
70.5171 24.0108 7.19 0.48
70.5339 -37.6135 6.93 -0.03
70.5572 2.9900 7.26 0.19
70.5613 22.9569 4.27 -0.11
70.5626 9.6338 6.76 0.35
70.5925 -23.1780 6.80 1.58
70.5940 -0.9299 6.73 0.41
70.6682 -5.7573 7.14 0.04
70.6935 -50.4813 5.30 0.98
70.6984 38.4266 6.66 0.29
70.7035 12.2098 7.40 0.76
70.7154 18.7204 7.12 0.68
70.7263 43.3651 5.30 0.03
70.7471 14.8146 6.69 0.90
70.7665 -70.9310 5.53 -0.11
70.7707 33.9297 7.26 1.11
70.7819 -6.4710 7.39 0.12
70.7887 -30.7656 5.66 1.39
70.8073 24.0889 6.18 0.54
70.8217 -23.6283 7.12 0.41
70.8240 59.5211 6.51 0.24
70.8349 -47.2216 7.36 1.52
70.8400 49.9738 5.86 0.01
70.8736 -52.5460 7.19 1.35
70.8948 -8.7943 5.98 0.65
70.9345 -41.0648 6.24 1.47
70.9349 -52.2633 6.62 0.37
70.9460 -20.3518 7.46 1.00
70.9510 32.8655 6.49 0.31
70.9566 -48.3270 6.90 0.50
70.9750 22.9444 6.91 0.01
71.0222 -8.5036 5.78 -0.08
71.0332 -18.6666 5.53 0.03
71.0542 40.7865 6.09 0.04
71.0637 -27.5779 6.76 1.50
71.0881 -59.7327 5.28 0.21
71.0893 48.1758 6.78 1.27
71.1076 11.1461 5.39 0.25
71.1212 -27.9489 7.16 0.93
71.1475 38.2550 6.74 0.78
71.1756 0.5681 7.22 -0.17
71.2294 52.3397 6.88 0.12
71.2413 -63.2297 6.46 1.08
71.2673 -21.2834 5.72 1.48
71.3107 79.6569 6.67 0.02
71.3656 47.4764 7.26 1.11
71.3756 -3.2547 4.01 -0.15
71.4269 23.6280 6.34 0.06
71.4375 63.2597 7.34 1.04
71.4569 -34.0050 6.85 0.00
71.4580 -2.9087 7.25 0.29
71.4587 28.6607 7.01 0.99
71.4811 -39.3566 6.04 1.06
71.4964 -66.0787 7.39 0.43
71.5018 76.6110 6.46 0.51
71.5072 11.7056 5.35 0.20
71.5212 18.8007 7.48 1.50
71.5317 84.0298 7.31 0.97
71.5397 -49.2458 7.48 1.47
71.5701 18.7347 5.99 1.22
71.5849 55.6551 7.18 1.55
71.6007 -2.9545 6.33 0.04
71.6022 64.8103 6.85 1.20
71.6073 -28.0874 6.18 0.19
71.6122 42.3486 6.53 0.70
71.6563 -68.5460 7.20 0.57
71.6853 40.3126 5.99 0.93
71.6899 9.0174 7.24 0.56
71.7385 -21.2114 7.10 1.02
71.7456 -29.4076 7.50 1.03
71.7550 -38.3089 7.34 0.93
71.7589 41.3050 7.20 0.06
71.7778 10.0517 7.19 0.16
71.7786 -59.1371 6.80 1.04
71.8247 5.7882 6.77 0.02
71.8404 -61.4761 7.23 0.45
71.9012 -16.9345 5.49 0.63
71.9564 53.3011 6.77 0.45
71.9566 -30.0204 6.35 1.07
72.0010 56.7572 5.29 0.25
72.0245 0.6758 7.49 0.45
72.0267 -63.4803 7.16 0.98
72.0291 55.6026 6.32 0.32
72.0480 -56.8173 7.47 1.51
72.0516 59.2410 7.47 0.33
72.0576 -9.5067 7.17 -0.09
72.0795 29.2357 6.89 0.46
72.0812 67.7633 7.00 0.32
72.0948 29.7730 7.41 0.03
72.1152 2.7153 6.51 0.85
72.1318 -49.7927 7.35 0.97
72.1356 -16.3295 5.76 0.54
72.1408 -43.9800 6.72 0.95
72.1516 -5.6740 5.77 0.63
72.1643 3.6493 7.32 -0.06
72.1689 70.5269 7.44 1.06
72.1710 7.8400 7.10 1.51
72.1756 18.7094 6.95 0.62
72.1827 21.3158 7.03 0.12
72.1859 3.5885 6.04 1.20
72.1959 -60.2589 6.96 1.35
72.2095 75.9412 5.96 0.28
72.2344 3.6897 7.02 0.03
72.2394 -47.1345 7.45 0.14
72.2601 -88.2712 7.17 1.73
72.2698 -56.6666 6.59 1.68
72.2740 61.5074 7.11 1.50
72.2943 -42.3848 7.26 0.17
72.2990 -34.3118 6.81 1.27
72.3035 31.4374 5.57 1.13
72.3064 -4.9865 7.16 -0.15
72.3156 28.3508 7.17 1.78
72.3167 29.5714 7.26 0.07
72.3292 -9.0094 7.42 0.08
72.3295 32.5882 5.84 0.25
72.3349 -42.4137 7.31 0.20
72.4260 -13.7697 6.27 0.46
72.4337 15.9042 6.09 1.55
72.4600 6.9613 3.19 0.48
72.4681 -35.1076 7.49 0.90
72.4777 37.4883 4.89 1.45
72.4789 13.6891 7.06 1.74
72.4840 -30.9705 7.35 1.16
72.5151 8.4078 6.85 -0.04
72.5227 66.5353 7.49 1.24
72.5283 -15.8043 6.72 0.98
72.5290 -58.8012 7.46 1.23
72.5418 63.6254 6.88 0.03
72.5484 -16.2172 5.03 0.99
72.5674 -41.3208 6.06 0.41
72.5721 6.9499 7.22 0.14
72.5997 17.2027 7.10 0.56
72.6161 -3.8652 7.36 1.19
72.6181 -38.5600 7.18 0.53
72.6327 -27.1008 7.26 1.19
72.6516 70.9415 6.36 -0.07
72.6530 8.9002 4.35 0.01
72.6849 -18.9001 7.31 1.26
72.6891 1.1478 6.66 0.07
72.7023 16.2105 7.29 0.54
72.7057 -0.0950 7.27 1.07
72.7214 37.7605 7.28 0.47
72.7306 -53.4615 5.58 0.34
72.7355 -53.4597 6.42 0.48
72.7815 -25.3100 7.16 0.11
72.7889 48.7407 5.64 1.01
72.8015 5.6051 3.68 -0.16
72.8022 11.0680 6.79 0.54
72.8056 68.1688 6.54 2.10
72.8368 -68.0697 6.81 0.61
72.8436 18.8399 5.08 0.21
72.8626 -51.7256 6.55 0.73
72.8676 -34.9063 5.82 0.10
72.8727 35.8151 6.78 0.72
72.8775 -3.6595 7.34 1.35
72.9135 -10.2903 7.27 -0.08
72.9190 -8.4013 7.17 -0.01
72.9229 -11.9476 7.45 1.03
72.9311 45.8342 6.94 0.59
72.9308 9.9751 6.11 0.06
72.9583 13.6552 6.30 0.50
72.9760 -34.2387 6.68 0.53
72.9883 9.8727 6.82 0.42
73.0084 -46.8524 7.13 0.96
73.0216 63.5054 5.47 1.56
73.0440 31.1642 6.71 0.88
73.0510 1.5093 7.42 1.47
73.0819 -7.8957 7.43 -0.03
73.0848 36.6420 6.80 1.10
73.0871 -7.7093 7.32 0.88
73.0896 45.9399 6.69 0.56
73.1332 14.2506 4.71 1.77
73.1583 36.7032 4.79 1.41
73.1712 12.3847 7.26 0.15
73.1963 27.8975 5.97 0.37
73.1990 42.5866 5.68 0.12
73.2236 -5.4527 4.36 0.26
73.2327 75.7101 7.10 0.74
73.2426 26.7774 7.49 1.42
73.2738 -72.4077 6.28 0.52
73.2908 52.8412 6.40 0.07
73.3009 -20.7721 7.02 0.18
73.3205 -38.1442 6.95 1.44
73.3449 2.5082 5.33 1.63
73.3571 66.0062 7.08 0.93
73.3666 -72.7648 7.32 0.24
73.3770 -66.6754 6.43 1.64
73.3921 23.3157 6.55 1.04
73.3948 36.8058 6.69 1.04
73.4019 25.3663 7.14 0.25
73.4155 61.4817 6.64 0.20
73.4601 68.2189 7.12 1.15
73.4825 1.5694 6.61 0.04
73.5127 17.0268 7.22 0.54
73.5125 66.3427 4.26 -0.01
73.5171 -38.1629 6.75 1.26
73.5629 2.4407 3.71 -0.18
73.6136 -5.4206 7.34 1.02
73.6166 -3.2259 6.52 0.46
73.6717 12.0258 7.44 0.14
73.6819 12.3522 7.13 0.58
73.6954 11.4260 5.18 0.12
73.6991 7.7791 5.33 1.21
73.7113 0.4672 5.98 -0.12
73.7135 44.0609 6.06 -0.03
73.7208 -58.5477 6.11 0.44
73.7239 10.1508 4.64 0.09
73.7284 16.3865 7.12 0.21
73.7284 -39.6286 6.11 1.42
73.7349 8.6000 6.86 0.15
73.7432 19.4854 6.36 0.29
73.7512 14.5938 7.50 0.85
73.7631 55.2591 5.52 0.01
73.7784 -16.7407 5.71 0.95
73.7923 51.6046 7.05 0.07
73.7965 -74.9369 5.47 1.52
73.8277 -16.4178 5.71 0.87
73.8672 32.1548 7.42 0.32
73.8757 -25.7278 6.71 0.27
73.8768 32.7839 7.18 1.14
73.8941 27.2024 7.33 1.28
73.9099 -23.2419 7.49 0.61
73.9410 30.5512 7.03 0.13
73.9590 15.0403 5.79 -0.09
73.9828 4.6704 7.02 0.56
73.9931 5.3990 6.50 0.03
74.0043 1.6252 6.88 0.25
74.0140 43.4934 7.40 1.79
74.0276 22.5766 7.16 1.21
74.0295 52.8698 5.75 0.10
74.0374 7.9047 6.42 0.41
74.0525 -17.7363 7.37 0.77
74.0590 3.1758 7.32 0.03
74.0591 21.5723 7.35 0.28
74.0649 24.5922 6.33 0.35
74.0837 36.1685 6.10 0.35
74.0928 13.5145 4.06 1.16
74.1008 -5.1714 5.50 -0.12
74.1825 8.8224 7.49 0.22
74.1980 16.7343 7.31 1.21
74.1996 -16.1351 7.46 0.06
74.2062 55.8241 6.65 1.68
74.2116 -70.9251 7.17 0.97
74.2447 -8.4589 6.89 0.32
74.2471 3.2861 7.32 0.07
74.2484 33.1661 2.69 1.49
74.2604 49.9221 6.95 0.40
74.2771 -65.0159 7.21 0.10
74.2811 -58.0696 6.81 0.42
74.2898 59.1203 6.55 1.66
74.3142 61.7531 6.76 0.95
74.3216 -1.0673 6.25 0.42
74.3217 53.7521 4.43 -0.02
74.3431 17.1537 5.51 1.30
74.3816 65.2783 6.72 1.00
74.4362 -14.2319 6.15 -0.20
74.4481 67.7761 7.26 0.03
74.4527 23.9486 5.79 1.11
74.4765 -6.1022 7.14 1.05
74.4920 -50.5758 7.41 0.97
74.5083 -58.2082 6.87 1.50
74.5391 25.0504 5.79 0.02
74.5435 -16.7802 6.67 0.10
74.5455 -2.2127 6.34 0.11
74.5541 40.0569 7.21 0.50
74.5708 0.4540 7.20 0.70
74.6092 -3.7329 6.97 0.52
74.6186 37.3290 6.74 0.34
74.6371 1.7140 4.47 1.37
74.6384 -28.8877 7.35 1.61
74.6511 -14.7841 7.38 0.29
74.6861 -17.8068 7.06 1.31
74.7124 -82.4705 5.84 0.93
74.7476 14.5432 6.14 0.16
74.7557 -16.3760 5.65 0.45
74.8142 37.8902 4.93 0.04
74.8300 -32.2392 6.70 1.29
74.8353 -36.8715 7.11 0.47
74.8385 43.3234 7.42 -0.01
74.8607 -9.1662 7.23 0.11
74.8736 -49.4581 6.99 0.38
74.9027 25.9358 7.29 0.80
74.9282 41.8732 6.66 0.95
74.9347 15.9167 6.75 0.45
74.9431 53.1555 6.09 1.46
74.9602 -10.2633 5.39 0.80
74.9740 27.3256 6.95 0.15
74.9822 -12.5374 4.78 0.27
74.9911 -25.0545 7.41 0.39
75.0342 3.2867 7.48 1.25
75.0553 -78.3000 6.29 1.52
75.0764 39.3947 5.95 0.41
75.0863 81.1941 5.09 1.30
75.0967 39.6547 6.46 1.68
75.1356 3.6148 7.03 -0.03
75.1362 -64.3944 7.40 1.26
75.1387 36.6274 7.29 0.20
75.1408 14.3838 6.75 0.67
75.1414 3.6157 6.65 -0.05
75.1659 -2.0660 6.31 0.29
75.1690 -13.5037 7.22 0.07
75.1776 10.9134 6.80 0.03
75.1969 4.5676 6.69 1.03
75.2042 -5.7537 6.22 1.05
75.2625 -11.2081 7.33 -0.04
75.2751 3.7173 7.25 -0.14
75.2790 58.6658 7.37 1.02
75.2893 -74.3408 6.90 -0.03
75.3262 -23.7079 7.48 0.46
75.3288 26.5343 7.45 0.10
75.3367 15.7444 7.41 1.67
75.3397 45.8890 7.42 0.40
75.3566 -20.0519 4.91 -0.05
75.3569 -0.6969 6.76 0.15
75.3598 -7.1740 4.80 -0.16
75.3681 -10.6493 7.39 1.08
75.3682 44.3980 7.28 0.20
75.3939 -39.7180 6.02 0.89
75.4001 61.0780 6.03 0.45
75.4316 55.5750 7.39 0.30
75.4345 26.6712 6.79 0.51
75.4436 57.1334 7.50 1.10
75.4484 -10.9339 6.76 0.91
75.4486 11.3753 7.17 0.04
75.4598 0.7221 5.91 1.27
75.4922 43.8233 3.03 0.54
75.5001 1.6089 6.45 -0.05
75.5041 -5.5010 6.64 0.36
75.5230 69.1603 7.12 0.45
75.5311 -31.3490 7.05 1.27
75.5409 -26.2750 5.01 1.06
75.5712 -56.0805 7.02 0.64
75.5825 74.2694 6.05 1.56
75.5950 -31.7713 5.92 1.17
75.6195 41.0758 3.69 1.15
75.6311 7.4240 6.86 0.96
75.6579 -8.8942 7.24 0.96
75.6792 -71.3143 5.30 1.00
75.6856 3.4577 7.32 -0.09
75.6874 -22.7951 5.74 1.19
75.6891 -4.2101 5.86 1.21
75.7029 -49.1514 5.37 0.42
75.7099 66.8230 6.20 0.51
75.7337 -49.7034 7.26 1.04
75.7391 42.5690 7.50 -0.09
75.7567 12.0594 7.24 0.34
75.7582 -8.6632 6.86 -0.02
75.7587 -42.4979 6.95 1.62
75.7739 21.5900 4.62 0.15
75.8277 41.4416 6.11 0.19
75.8545 60.4422 4.03 0.92
75.9094 37.2685 7.30 0.12
75.9286 -2.5400 6.73 1.08
75.9665 24.9728 7.44 0.81
75.9672 -14.3702 6.42 -0.19
75.9720 -24.3882 5.61 0.09
75.9748 -41.7450 6.30 0.53
75.9858 -14.5562 6.71 1.21
75.9978 -10.6352 7.24 1.40
76.0126 47.6648 7.13 1.30
76.0532 73.7639 6.21 1.61
76.0607 30.4946 6.14 1.21
76.0674 45.7794 6.51 0.22
76.0750 -6.0313 6.93 -0.01
76.0899 21.2779 6.20 1.32
76.1016 -35.4830 4.55 1.18
76.1090 -35.7051 6.32 0.31
76.1187 7.8303 7.15 1.00
76.1423 15.4041 4.65 -0.06
76.1519 -14.9474 7.32 1.63
76.1538 32.3203 6.59 0.28
76.1581 -12.9282 7.38 0.26
76.1582 27.6960 6.62 0.24
76.1652 74.0670 6.10 0.02
76.1742 14.8590 6.78 0.14
76.1982 -11.6990 7.20 0.62
76.2073 -20.2458 7.19 0.90
76.2272 -3.0397 6.04 -0.12
76.2416 -49.5778 5.05 1.48
76.2443 41.8804 7.31 0.14
76.2525 -54.4074 6.26 1.55
76.3044 8.9421 7.45 -0.03
76.3175 -26.1524 5.71 1.17
76.3488 1.1776 6.10 3.33
76.3637 46.9164 6.60 0.89
76.3653 -22.3710 3.19 1.46
76.3778 -57.4727 4.71 0.53
76.3837 19.8067 6.48 0.22
76.4072 23.0611 6.69 0.08
76.4552 35.8461 7.31 0.45
76.4725 26.4299 6.60 0.11
76.4784 50.0460 7.32 0.02
76.5038 35.9364 6.49 0.18
76.5219 3.7885 7.43 1.13
76.5253 68.9726 6.68 0.39
76.5348 33.9187 7.05 -0.05
76.5352 58.9724 5.22 -0.08
76.5386 -73.0377 6.26 0.01
76.5461 -10.4221 7.47 0.42
76.5506 59.0213 6.08 1.11
76.5921 54.4052 7.17 1.02
76.5923 -14.6966 7.12 -0.10
76.5955 2.6733 7.49 -0.10
76.6237 61.1698 6.00 1.38
76.6287 41.2345 3.18 -0.15
76.6474 -77.5675 7.32 0.65
76.6531 -13.1226 6.04 -0.03
76.6693 51.5977 4.98 0.34
76.6705 22.5108 7.13 0.14
76.6795 14.0848 7.30 0.56
76.6860 -59.8778 7.31 1.29
76.6902 -4.6552 5.12 -0.06
76.7065 43.1747 6.20 0.44
76.7309 -5.1656 7.30 0.55
76.7861 -17.2999 7.04 0.51
76.7906 -19.3919 6.47 0.65
76.8198 0.9910 7.47 0.37
76.8264 -83.8599 6.80 0.57
76.8428 50.3056 7.40 0.09
76.8540 -12.4913 5.97 0.61
76.8580 -44.8217 6.91 -0.09
76.8595 -8.6532 7.00 -0.10
76.8625 18.6451 4.91 0.66
76.8779 55.5401 7.30 0.56
76.8917 -63.3997 5.19 1.65
76.8928 -54.9890 7.33 0.49
76.9046 32.7640 7.45 1.38
76.9096 9.4718 6.15 0.62
76.9265 -17.2887 7.22 1.18
76.9424 55.7592 6.92 1.33
76.9425 10.8951 7.04 0.06
76.9517 20.4184 5.28 0.12
76.9575 -12.5927 6.33 1.62
76.9624 -5.0864 2.78 0.16
76.9704 8.4984 5.33 0.34
76.9810 21.7048 5.84 0.17
77.0015 -20.1213 7.32 1.09
77.0157 -6.2190 7.44 1.13
77.0208 7.8984 6.66 0.98
77.0240 15.8552 7.24 1.21
77.0266 3.7486 7.23 0.10
77.0276 24.2652 5.50 0.03
77.0292 -49.2971 7.44 0.30
77.0552 -15.0954 6.38 0.89
77.0614 -35.7183 6.51 1.09
77.0841 -8.6653 5.80 -0.06
77.1247 -41.2137 6.75 0.66
77.1334 -2.8245 7.07 0.41
77.1388 -3.0096 7.24 0.56
77.1472 28.2735 6.96 0.54
77.1570 -3.3059 7.22 0.41
77.1821 -4.4562 5.11 0.46
77.1923 11.7522 7.25 1.35
77.2101 19.8599 6.51 0.90
77.2340 3.2187 6.51 0.14
77.2683 49.1219 6.64 0.19
77.2866 -8.7541 4.25 -0.19
77.3036 -48.9795 7.26 1.03
77.3318 9.8296 5.43 0.25
77.3552 -23.1187 7.24 1.13
77.3740 -2.1350 6.59 1.02
77.4018 38.6855 6.91 1.01
77.4027 69.6394 6.43 1.10
77.4157 -44.3355 7.49 0.46
77.4176 62.4797 6.63 0.25
77.4248 15.5972 4.81 0.31
77.4304 -22.4940 7.23 0.37
77.4320 29.7986 6.67 0.53
77.4355 64.9195 6.37 0.45
77.4379 28.0305 5.93 0.31
77.4413 7.1816 7.41 0.46
77.4927 8.1732 7.02 0.55
77.5055 75.6818 7.28 0.07
77.5101 -40.5595 6.89 1.54
77.5136 -0.5653 6.11 1.10
77.5161 27.5565 6.97 0.51
77.5321 53.7098 7.49 0.06
77.5434 13.5484 6.69 0.38
77.5784 37.3019 6.02 0.72
77.5861 -7.5941 7.42 0.54
77.6376 5.3150 7.30 0.11
77.6422 -11.6486 7.13 -0.06
77.6457 30.7975 6.71 1.59
77.6778 63.5972 6.74 0.30
77.6788 46.9621 5.67 0.45
77.6858 -25.9105 6.40 1.25
77.7418 -2.2541 6.24 0.98
77.7455 -34.9038 7.10 1.44
77.8256 29.7299 7.11 -0.03
77.8299 -2.4908 5.89 0.46
77.8453 -11.8491 5.60 1.35
77.8648 30.8053 6.62 1.17
77.8753 -30.2255 7.06 0.48
77.8917 35.9574 7.08 1.51
77.8993 -37.3953 6.57 1.65
77.9096 29.9036 6.42 1.75
77.9223 0.5146 6.68 -0.07
77.9232 16.0457 5.18 1.52
77.9390 1.0370 5.88 0.66
77.9435 4.4035 7.00 0.59
77.9818 53.4521 7.07 1.00
78.0051 6.8381 7.46 1.09
78.0126 -65.1757 7.03 0.43
78.0157 -41.6677 7.43 1.12
78.0624 40.1016 6.97 0.04
78.0746 -11.8692 4.45 -0.10
78.0896 26.4546 6.78 1.00
78.0917 -51.5501 7.32 1.08
78.0936 73.9467 5.44 -0.11
78.0965 67.6794 7.28 0.42
78.1071 -81.5417 6.51 1.11
78.1504 -14.9511 7.29 1.04
78.2005 -6.0572 5.90 0.96
78.2159 -27.1776 7.05 1.56
78.2327 -27.1590 7.38 1.37
78.2329 -16.2055 3.29 -0.11
78.2618 61.8500 6.17 0.03
78.2837 44.5670 7.34 0.04
78.3055 40.1935 7.38 -0.02
78.3078 -12.9413 4.36 -0.09
78.3228 2.8613 4.46 1.17
78.3228 37.3373 6.48 0.54
78.3272 -59.5857 7.12 1.30
78.3572 38.4845 4.82 0.19
78.3662 -55.5689 7.11 0.64
78.3803 62.6911 6.49 0.20
78.3815 1.9677 6.08 0.42
78.3868 -17.1065 7.41 0.59
78.3872 -31.9043 7.50 -0.23
78.4054 -32.0671 7.16 0.22
78.4127 -3.6220 7.09 -0.13
78.4393 -67.1853 4.81 1.27
78.4431 -35.8254 6.98 1.47
78.4469 0.5604 6.33 1.46
78.4487 -6.7483 7.35 -0.06
78.4552 37.0327 6.86 0.01
78.4722 -52.0308 6.03 1.39
78.4826 -22.9884 7.35 0.99
78.4998 -14.6069 6.22 0.38
78.5071 51.4307 7.19 0.63
78.5188 -21.6500 7.41 0.23
78.5239 21.2237 7.19 0.21
78.5325 67.4818 7.13 0.14
78.5602 30.3999 7.16 0.31
78.5825 69.8237 7.21 1.03
78.5835 -15.8266 7.43 0.72
78.5872 -26.7937 7.41 1.36
78.6152 -10.4166 7.43 0.36
78.6202 -35.9770 5.75 1.01
78.6273 -26.2087 6.93 1.10
78.6345 -8.2016 0.18 -0.03
78.6481 76.4728 6.36 -0.01
78.6540 -0.5628 6.89 1.82
78.6608 63.1269 6.89 0.31
78.6643 31.4019 6.63 1.01
78.6721 -7.0717 6.70 1.26
78.6835 5.1562 5.50 1.37
78.6845 53.2139 6.16 0.08
78.7865 -36.6529 6.75 1.12
78.7876 15.0626 7.47 0.16
78.7939 8.4324 7.25 0.37
78.7944 -28.3353 7.15 0.27
78.7975 59.4057 6.15 1.18
78.7995 1.5561 7.24 1.44
78.8143 47.1707 6.91 0.98
78.8173 -52.6653 7.31 1.18
78.8271 -1.4090 6.15 0.40
78.8516 -26.9435 5.06 -0.07
78.8517 32.6876 5.01 0.22
78.8536 -73.5885 6.49 0.15
78.8652 22.2849 6.26 0.07
78.9117 -52.1822 6.48 1.21
78.9329 -22.8944 6.76 0.14
78.9333 50.5622 7.49 0.19
78.9460 -34.9267 6.66 0.15
79.0172 11.3414 5.52 -0.01
79.0419 -41.2492 7.20 1.55
79.0440 -11.3526 6.45 0.67
79.0756 34.3123 5.99 0.20
79.0994 -33.5378 6.95 0.99
79.1006 -32.5135 7.07 0.54
79.1060 -23.0590 7.17 1.03
79.1207 36.0718 7.22 0.16
79.1504 -7.2031 7.42 0.30
79.1576 -45.9137 7.02 -0.10
79.1710 1.9473 6.42 -0.01
79.1723 45.9980 0.08 0.80
79.1828 18.4395 7.16 0.11
79.2011 -17.1423 6.55 -0.15
79.2510 -31.2767 7.47 0.47
79.2721 9.9273 7.48 0.01
79.2727 12.5655 7.05 1.05
79.2734 16.3516 7.43 1.03
79.3017 39.4637 7.13 1.34
79.3127 -39.2881 7.14 0.08
79.3144 28.9050 6.76 0.77
79.3429 -17.7748 6.76 0.29
79.3649 60.1817 6.96 0.46
79.3712 -34.8952 4.81 0.99
79.3798 20.1318 6.69 0.52
79.3818 74.5358 7.36 0.22
79.3824 24.0097 6.85 1.06
79.3843 5.4823 7.14 1.01
79.3979 -15.2196 6.98 -0.04
79.4016 -6.8444 3.59 -0.12
79.4177 -13.5198 5.48 0.93
79.4207 7.3533 7.31 0.66
79.4319 -54.4724 7.10 0.89
79.4877 8.1049 7.36 1.05
79.5040 -8.2281 7.50 1.65
79.5041 -0.0377 7.39 -0.12
79.5440 33.3716 4.54 1.25
79.5465 9.2165 7.41 0.20
79.5552 73.2681 5.81 -0.02
79.5641 28.7800 7.28 0.31
79.5650 -74.6981 7.49 1.53
79.5654 42.7921 5.55 1.49
79.5787 33.7673 6.15 -0.04
79.6061 -5.6609 7.06 1.17
79.6295 75.9470 7.42 1.07
79.6318 21.7924 7.30 0.23
79.6360 48.9235 6.93 1.28
79.6680 40.4651 6.22 1.39
79.6830 -62.9849 7.22 1.39
79.7103 -18.1301 5.96 0.57
79.7205 13.5672 7.45 0.03
79.7308 41.0955 6.69 1.52
79.7501 33.7484 5.38 -0.17
79.7849 40.0991 4.69 0.63
79.7967 2.5958 5.34 0.41
79.8112 20.1346 6.12 1.02
79.8140 34.8905 7.04 0.13
79.8192 22.0965 4.96 0.94
79.8226 -18.5199 6.37 -0.13
79.8263 -18.5096 6.53 -0.10
79.8422 -50.6060 5.44 0.52
79.8487 -27.3689 5.98 -0.02
79.8489 33.9854 6.49 0.26
79.8661 58.1174 6.13 -0.03
79.8799 -25.1242 6.94 1.48
79.8939 -13.1768 4.29 -0.23
79.8970 -1.4119 6.33 -0.10
79.9260 -4.8773 7.33 0.16
79.9290 67.9964 7.47 0.70
79.9432 -25.9275 7.11 0.40
79.9543 2.5136 7.00 0.53
79.9959 -12.3156 5.29 -0.10
80.0020 -47.0488 7.03 1.63
80.0030 32.7856 7.00 0.58
80.0038 33.9581 5.05 0.29
80.0097 44.4254 6.49 1.33
80.0133 -5.2084 7.18 -0.02
80.0150 13.5450 7.50 0.56
80.0191 39.7895 7.34 0.07
80.0262 39.3434 7.36 1.70
80.0342 35.7860 7.39 1.74
80.0475 36.6746 7.50 -0.03
80.0611 41.0862 5.46 0.12
80.0762 19.5782 6.65 -0.03
80.0863 -34.6989 6.34 0.32
80.0942 62.6537 5.64 1.73
80.1020 10.8904 7.42 0.15
80.1100 -5.3675 6.40 -0.05
80.1122 -21.2398 4.70 -0.05
80.1175 -60.7798 7.09 0.12
80.1539 -43.5340 6.60 1.69
80.1585 -39.7549 7.39 0.51
80.1597 71.7147 6.57 0.93
80.1632 46.9638 6.54 0.58
80.1695 66.7469 6.39 0.92
80.1795 37.4387 6.79 0.00
80.1823 2.5448 6.43 1.04
80.1854 -29.2061 7.41 0.05
80.2081 34.2675 7.35 1.57
80.2177 2.9289 6.77 0.26
80.2218 9.7247 6.62 0.15
80.2281 40.8849 7.29 0.01
80.2311 -19.6873 7.41 1.05
80.2359 19.8143 6.20 1.23
80.2472 27.9573 6.35 0.04
80.2961 -30.0718 7.39 1.35
80.2999 11.1094 7.46 0.37
80.3029 29.5699 5.66 0.06
80.3203 -34.3451 6.05 -0.18
80.3223 54.2525 6.63 1.16
80.3304 4.0119 6.49 -0.09
80.3403 -14.5554 7.31 -0.09
80.3461 -51.5753 6.67 0.99
80.3685 -1.5462 7.11 -0.08
80.3827 -0.4165 5.68 -0.12
80.4315 8.4286 5.78 -0.11
80.4406 -0.3825 4.72 -0.17
80.4427 -24.7730 5.06 0.66
80.4517 41.8046 5.22 -0.13
80.4625 -13.7557 6.62 -0.08
80.4799 -54.2726 7.13 0.14
80.4805 -17.6036 6.47 1.21
80.4807 39.5730 7.31 0.48
80.4878 42.2860 6.98 1.05
80.4928 -2.9637 7.06 -0.04
80.5231 3.5716 7.42 1.62
80.5392 -81.0389 7.20 0.28
80.5467 5.3953 7.01 0.52
80.5777 -8.6661 6.82 1.80
80.5818 59.2779 7.09 0.75
80.5923 -56.1344 6.10 -0.09
80.6055 -71.5065 7.43 0.19
80.6347 -73.8014 6.86 1.45
80.6405 79.2311 5.08 0.51
80.6468 37.6760 7.40 0.19
80.6905 2.7962 6.71 0.08
80.7083 3.5445 4.99 -0.10
80.7097 41.0293 5.54 0.13
80.7126 3.5522 7.17 -0.11
80.7731 1.0569 7.08 0.01
80.8000 -26.7054 6.49 0.51
80.8026 47.0216 6.81 1.70
80.8271 -8.4156 5.99 -0.04
80.8453 28.9368 6.45 -0.04
80.8501 -39.6784 5.73 1.63
80.8660 57.5444 5.24 -0.01
80.8756 -13.9274 5.25 -0.22
80.8777 18.6007 7.27 1.67
80.8794 5.3231 6.34 0.12
80.8822 16.0405 7.27 0.12
80.9071 16.6993 6.09 0.14
80.9090 -22.3081 7.45 0.19
80.9120 -37.3367 6.80 1.04
80.9156 64.1248 7.29 0.54
80.9263 -0.1598 5.69 -0.21
80.9304 56.0889 6.85 1.10
80.9636 36.3984 6.83 0.90
80.9639 -0.8666 6.13 0.48
80.9868 -7.8081 4.13 0.94
81.0341 -34.4154 7.45 0.20
81.1061 17.3835 5.00 0.54
81.1187 -16.9758 5.64 -0.00
81.1192 -2.3971 3.35 -0.24
81.1205 -0.8913 5.07 0.96
81.1504 2.3532 6.33 -0.14
81.1601 31.2239 6.30 1.25
81.1605 31.1431 5.94 0.03
81.1631 37.3853 5.02 1.45
81.1682 -2.4978 6.92 -0.05
81.1729 11.5294 7.19 1.08
81.1763 -52.3130 6.79 0.07
81.1848 63.3865 7.32 0.71
81.1867 36.1999 6.49 1.65
81.1868 1.8464 4.89 -0.20
81.1929 -52.3162 6.26 0.07
81.2316 -44.2257 6.09 1.20
81.2476 73.7072 6.48 1.74
81.2501 -19.3739 7.01 -0.01
81.2550 -2.8155 7.34 -0.04
81.2573 -10.3289 5.60 1.54
81.2828 6.3497 1.64 -0.22
81.2932 20.5837 6.75 0.22
81.2959 -54.3179 7.16 0.42
81.2975 1.9233 7.43 -0.05
81.3039 34.8550 6.55 1.10
81.3296 -34.8474 7.31 0.84
81.3301 -75.6924 7.17 0.54
81.3339 -12.5541 6.55 1.09
81.3750 34.1864 6.66 0.65
81.3795 -0.5439 6.55 -0.04
81.4021 -1.4913 6.44 -0.16
81.4104 38.0447 7.43 0.08
81.4128 -13.1323 7.28 0.41
81.4200 -9.5526 7.14 0.86
81.4459 0.5202 6.18 -0.18
81.4712 -35.3528 7.26 0.68
81.4717 -6.3627 7.49 0.57
81.4993 -19.6954 5.78 0.44
81.5038 -32.2092 6.86 1.14
81.5099 -5.5185 6.24 -0.05
81.5175 -10.7577 7.28 -0.07
81.5178 -58.5614 7.46 0.13
81.5195 -12.9048 7.15 1.31
81.5238 16.7002 6.23 -0.08
81.5449 78.4146 6.68 1.04
81.5730 28.6075 1.65 -0.13
81.5803 -58.9125 5.14 0.99
81.6301 2.9359 6.52 -0.00
81.6606 -73.6652 7.36 1.11
81.6618 6.8687 6.41 -0.02
81.6633 -13.8595 7.12 0.08
81.6727 -64.3243 7.48 0.02
81.6868 -36.5849 7.21 -0.05
81.6958 70.2282 7.16 0.03
81.7034 34.3918 5.92 0.14
81.7093 3.0957 4.59 -0.20
81.7137 33.2623 6.18 1.15
81.7262 3.6147 7.20 -0.14
81.7263 35.4573 6.17 1.45
81.7465 -2.3606 6.62 -0.16
81.7492 -68.6225 6.02 0.35
81.7500 7.1703 7.03 0.14
81.7698 -11.9010 6.30 0.55
81.7722 -40.9435 5.86 0.24
81.7765 -44.8621 6.81 1.43
81.7777 -31.5662 7.18 0.60
81.7845 30.2086 5.69 0.17
81.7846 3.8555 6.74 -0.15
81.7891 -1.3674 7.21 -0.14
81.7917 -16.5238 7.35 0.50
81.7921 17.9622 5.40 -0.09
81.7926 29.9211 7.48 2.23
81.8079 15.2576 6.18 0.08
81.8079 44.0055 7.39 1.25
81.8109 -34.6144 6.94 0.90
81.8142 2.3412 6.36 0.96
81.8534 -26.5850 7.23 0.24
81.8855 -13.5783 7.21 0.48
81.9021 -21.3757 6.08 1.03
81.9087 21.9370 4.88 -0.14
81.9120 34.4759 5.08 1.40
81.9133 43.3679 6.76 0.00
81.9144 74.5567 7.25 0.16
81.9143 -60.4160 6.99 0.76
81.9360 -25.6368 7.49 0.14
81.9369 -39.2219 6.86 0.91
81.9400 15.8741 5.52 0.01
81.9413 33.9459 7.49 0.06
81.9606 -32.4177 6.82 0.91
81.9779 48.2266 6.51 1.49
81.9934 48.3812 7.20 1.21
82.0039 33.7637 6.41 0.51
82.0061 1.2983 6.41 -0.17
82.0067 17.2391 5.77 1.63
82.0385 16.4390 6.85 0.67
82.0613 -20.7594 2.81 0.81
82.0639 -37.2308 5.56 0.03
82.0876 -22.4339 6.78 0.59
82.1071 22.7425 7.21 1.16
82.1073 0.0203 6.66 -0.06
82.1100 34.6975 6.56 0.98
82.1248 74.3075 6.99 0.04
82.1384 -4.6970 7.48 0.24
82.1449 13.6790 6.35 0.17
82.1754 1.2270 7.47 0.24
82.1770 -8.3767 6.75 0.83
82.1867 -65.4486 6.88 0.83
82.1887 1.6439 6.91 -0.15
82.1986 -24.2611 7.32 0.30
82.1998 78.3004 6.72 0.38
82.2019 2.1647 7.14 -0.08
82.2151 12.5508 6.71 0.58
82.2371 -3.3074 6.39 -0.01
82.2417 20.4418 7.26 1.40
82.2546 42.2705 6.58 0.94
82.2779 -30.1167 6.75 1.06
82.3187 25.1502 5.47 -0.04
82.3196 32.1995 7.06 0.49
82.3222 -62.3143 6.60 1.53
82.3298 18.3657 6.74 0.12
82.3487 -3.4464 5.80 1.15
82.3558 -7.2609 6.69 -0.11
82.3569 77.9775 6.53 0.18
82.3791 -21.0398 7.48 0.18
82.4065 -0.0213 6.87 0.08
82.4194 29.1865 6.20 0.48
82.4234 -0.8025 6.49 0.25
82.4277 35.3750 6.78 0.13
82.4318 35.1088 6.88 1.07
82.4333 -1.0922 4.71 1.59
82.4479 12.2706 7.03 -0.09
82.4589 -47.0763 6.64 0.35
82.4646 60.2686 6.86 0.07
82.4716 53.4328 7.14 0.40
82.4782 1.7893 5.77 -0.19
82.5249 29.5528 7.36 0.55
82.5256 29.5486 7.11 0.85
82.5395 -47.0777 5.46 0.61
82.5425 63.0672 5.43 1.70
82.5580 -84.7851 6.18 -0.00
82.5628 20.5516 7.05 -0.03
82.5661 -63.9277 6.19 0.23
82.5830 4.2048 6.21 1.28
82.5865 -7.4348 6.33 -0.19
82.5978 34.2007 7.46 1.06
82.6090 15.3604 5.93 0.10
82.6806 22.4623 6.29 1.18
82.6865 -57.1601 6.96 0.21
82.6878 39.8259 6.38 0.99
82.6960 5.9481 4.20 -0.14
82.7027 41.4620 5.99 1.11
82.7157 10.2544 7.47 -0.08
82.7419 71.9243 7.39 1.15
82.7498 -10.0811 6.95 0.56
82.7818 -20.8637 5.53 0.01
82.7935 -42.2998 6.70 0.35
82.8031 -35.4705 3.86 1.13
82.8105 3.2921 5.46 -0.18
82.8371 -6.7084 6.23 -0.18
82.8448 27.7691 7.42 0.63
82.8529 36.7791 7.45 1.80
82.8614 38.3196 6.88 1.80
82.8989 14.9289 6.69 -0.06
82.9000 -45.9253 5.86 1.35
82.9004 -61.5411 7.19 -0.10
82.9133 18.2441 6.77 1.59
82.9210 9.2260 7.45 0.08
82.9320 -3.2165 6.69 1.31
82.9327 -49.0185 7.44 -0.11
82.9480 48.9349 7.50 0.06
82.9500 85.9385 6.50 0.36
82.9698 -76.3410 5.18 1.13
82.9706 51.0281 7.46 1.43
82.9816 -16.6764 6.99 0.93
82.9827 -7.3015 4.62 -0.26
83.0017 -0.2991 2.25 -0.17
83.0531 18.5942 4.32 2.06
83.0589 17.0581 5.50 -0.00
83.0857 -47.4752 7.37 0.67
83.0858 49.3934 6.72 0.47
83.0918 19.1224 7.49 0.50
83.1149 26.9816 7.12 0.13
83.1406 57.2211 6.44 0.59
83.1582 0.0119 6.15 1.55
83.1723 -1.5918 5.34 -0.19
83.1744 -16.3192 6.68 1.53
83.1820 32.1920 4.71 0.28
83.1826 -17.8223 2.58 0.21
83.2142 -38.5134 5.45 1.22
83.2203 -63.4560 7.44 0.27
83.2220 36.3199 7.18 0.28
83.2481 -64.2275 5.34 1.04
83.2574 -25.3671 7.07 1.63
83.2621 68.0130 6.82 0.37
83.2807 -35.1394 5.75 1.08
83.2806 -1.7174 6.53 -0.10
83.3147 32.2893 6.62 -0.03
83.3175 -34.3040 6.87 0.32
83.3617 -49.3779 7.15 0.49
83.3642 32.8012 6.50 0.09
83.3697 42.1090 6.55 -0.01
83.3782 24.6288 6.97 0.06
83.3810 -1.1561 5.36 -0.17
83.3818 18.5402 5.67 -0.02
83.3937 -57.0831 6.76 0.38
83.4063 -62.4898 3.76 0.64
83.4072 -3.4632 6.75 1.50
83.4092 34.7256 6.27 0.17
83.4118 20.4742 6.19 -0.03
83.4296 32.7489 6.54 1.58
83.4347 -54.9023 6.42 0.55
83.4666 -29.8492 6.52 -0.02
83.4762 14.3056 5.60 -0.12
83.4899 1.4076 6.58 -0.17
83.5000 15.5845 7.32 0.58
83.5096 79.8527 7.30 0.09
83.5103 -7.0237 6.45 1.12
83.5162 -1.0357 6.24 -0.16
83.5169 -1.4703 5.92 1.53
83.5397 43.9375 7.21 0.04
83.5406 -1.9019 7.06 0.17
83.5621 -2.8817 6.69 -0.16
83.5659 -18.8120 6.72 1.61
83.5699 3.7669 5.32 0.05
83.5709 41.1234 6.87 1.87
83.6003 -4.8043 6.80 0.20
83.6031 -52.6290 7.00 1.21
83.6198 -10.5010 7.29 1.51
83.6220 -0.0123 6.25 1.00
83.6685 -48.9476 7.30 0.21
83.6807 5.6609 6.71 -0.14
83.6866 -73.7413 5.79 1.72
83.7000 -7.2004 6.69 1.16
83.7008 -0.9536 6.98 1.11
83.7052 9.4896 4.39 -0.16
83.7249 -4.1104 6.74 -0.14
83.7312 -31.6945 7.38 -0.05
83.7317 65.0485 7.30 0.11
83.7354 -0.1229 7.14 -0.08
83.7393 -61.1760 6.32 0.84
83.7404 -21.0677 7.34 1.24
83.7542 -6.0093 5.67 -0.23
83.7612 -6.0020 4.78 -0.25
83.7614 -58.8711 6.69 1.50
83.7649 24.2908 6.82 1.04
83.7845 9.9342 3.39 -0.16
83.7884 -0.2696 7.50 -0.12
83.8033 -0.7354 6.97 -0.11
83.8033 9.6133 6.72 -0.13
83.8052 10.2401 5.60 0.15
83.8145 -33.0797 5.76 1.12
83.8159 -5.3873 4.98 0.55
83.8186 -5.3897 5.13 0.02
83.8194 8.7007 7.21 1.41
83.8217 -5.3877 6.71 0.08
83.8320 43.2394 7.31 1.01
83.8411 -4.4942 6.57 -0.14
83.8430 -4.4243 6.24 -0.15
83.8454 -5.4161 4.98 -0.10
83.8465 -4.8384 4.58 -0.18
83.8583 -5.9099 2.75 -0.21
83.8607 -15.7379 6.82 -0.12
83.8615 -33.2692 6.74 0.50
83.8630 24.0396 5.37 -0.09
83.8795 -4.3640 6.56 -0.16
83.8807 -5.2674 6.75 0.18
83.8996 -3.2528 6.40 -0.12
83.9006 -78.8208 6.04 -0.02
83.9089 48.0781 7.50 1.36
83.9145 -4.8561 5.24 0.27
83.9147 -81.6119 7.12 0.50
83.9813 27.6623 6.27 1.53
84.0108 19.5494 7.16 0.08
84.0119 -47.3137 6.10 1.16
84.0260 -7.3965 7.39 -0.08
84.0355 12.4364 7.16 1.04
84.0429 -28.7080 6.26 0.15
84.0466 44.3264 7.26 0.49
84.0534 -1.2019 1.69 -0.18
84.0626 -5.6479 6.56 -0.18
84.0665 47.7153 6.10 0.29
84.1099 21.9931 6.88 0.50
84.1257 25.9402 6.52 0.45
84.1468 54.4287 5.74 1.67
84.1487 -6.0648 5.71 -0.21
84.1507 -48.2846 7.40 0.44
84.1514 -35.0612 6.88 1.37
84.2184 40.1824 6.08 1.03
84.2266 9.2907 4.09 0.95
84.2291 -66.5603 6.28 -0.05
84.2317 74.3192 7.01 0.35
84.2575 -73.6993 6.69 0.58
84.2656 17.0403 5.53 0.24
84.2683 11.0350 5.97 1.59
84.2800 41.8283 7.09 0.57
84.2865 -11.7755 6.10 0.05
84.2874 -80.4691 5.65 0.60
84.2868 26.9245 5.83 -0.07
84.3127 83.8614 7.14 -0.00
84.3128 64.1547 6.15 0.01
84.3168 66.6967 6.26 0.23
84.3188 -27.8714 6.15 0.32
84.3202 44.0709 7.24 1.20
84.3305 8.9519 6.11 -0.17
84.3344 47.9396 7.36 1.03
84.3407 -38.0229 6.90 1.32
84.3627 56.4878 7.46 0.98
84.3640 -5.9384 6.03 -0.21
84.3728 44.5897 7.32 0.96
84.3812 -31.0618 7.19 1.13
84.3950 -1.4221 7.11 -0.10
84.4031 -4.9341 7.15 -0.16
84.4070 15.2446 7.44 1.04
84.4112 21.1425 2.97 -0.15
84.4149 -53.5354 7.42 0.13
84.4151 -28.6263 7.26 0.40
84.4359 -28.6897 5.28 0.49
84.4408 33.5592 6.36 1.31
84.4504 -34.6897 6.57 1.27
84.4612 -28.9374 7.43 1.22
84.4672 71.6544 6.62 0.87
84.4724 -4.8140 6.16 -0.03
84.4727 0.9686 7.47 -0.08
84.4895 35.6042 7.24 1.06
84.5047 7.5414 5.87 -0.06
84.5077 -42.9635 7.43 0.60
84.5271 -0.1843 7.46 -0.03
84.5288 -27.2107 6.53 1.57
84.5393 -46.1060 7.33 0.77
84.5572 -1.1692 6.84 -0.15
84.5637 -4.1082 6.86 0.13
84.5673 1.9879 7.41 0.99
84.5683 -59.1166 7.04 0.07
84.5726 -50.6410 6.43 -0.05
84.5906 8.4873 6.72 1.18
84.6073 -54.9542 7.15 1.46
84.6582 -6.5740 5.96 -0.22
84.6587 30.4924 5.40 0.45
84.6655 -8.4710 7.10 -0.07
84.6814 -40.7073 5.81 -0.08
84.6828 41.8392 6.59 1.44
84.6852 70.3645 6.97 -0.04
84.6865 -2.6001 3.77 -0.19
84.6901 -2.5997 6.81 -0.18
84.7212 -7.2128 4.77 0.14
84.7365 49.4162 6.85 0.98
84.7390 26.6181 6.45 0.98
84.7725 56.3600 7.03 0.41
84.7792 -58.9575 7.22 1.04
84.7863 41.3586 6.44 1.00
84.7964 4.1215 4.50 -0.10
84.8176 -17.8494 6.40 -0.10
84.8263 29.2152 5.98 0.14
84.8581 42.6808 7.26 1.47
84.8630 21.7629 6.42 0.07
84.8785 -9.7066 6.49 -0.11
84.8798 -3.5647 5.99 0.29
84.8939 9.8485 7.24 1.23
84.8941 -15.8681 7.42 1.23
84.9033 37.9889 6.96 0.01
84.9083 0.8338 6.91 1.21
84.9123 -34.0741 2.65 -0.12
84.9322 75.0439 6.19 1.61
84.9342 25.8971 5.18 -0.15
84.9363 -20.4352 6.89 -0.09
84.9545 1.4917 6.90 -0.07
84.9577 -32.6292 5.44 0.91
84.9646 24.2255 7.12 0.40
84.9778 13.0227 7.09 0.13
84.9971 -85.9143 6.77 0.94
85.0121 43.3244 6.96 1.46
85.0166 -1.4255 7.00 0.59
85.0246 -23.7238 7.14 1.18
85.0557 69.9819 6.92 0.95
85.0734 16.3928 7.36 0.52
85.0760 24.5376 7.12 1.07
85.0786 15.3501 6.98 0.32
85.0822 -3.4271 7.03 0.02
85.1209 61.9489 6.86 0.23
85.1359 -7.6594 7.45 1.16
85.1491 28.9769 7.03 1.12
85.1496 31.3582 6.04 0.04
85.1554 -2.8252 6.22 -0.19
85.1655 -20.2988 7.44 1.06
85.1752 31.9206 6.23 2.09
85.1767 52.5701 7.21 0.94
85.1897 -1.9426 1.74 -0.20
85.1925 -10.4087 6.46 -0.13
85.2113 -1.1288 4.95 -0.20
85.2185 -29.7207 7.02 0.95
85.2277 -11.2001 6.86 1.11
85.2349 -1.5072 6.99 -0.14
85.2403 -3.8432 7.30 1.43
85.2409 32.8960 6.74 0.49
85.2733 0.3378 5.93 0.31
85.3129 33.9189 6.93 1.07
85.3238 16.5341 4.84 -0.12
85.3347 53.4811 6.21 0.84
85.3374 29.4874 6.40 -0.08
85.3394 29.4944 7.17 -0.05
85.3442 17.5222 6.97 1.80
85.3578 9.1983 7.48 -0.14
85.3616 3.7780 6.82 1.12
85.3622 -33.4007 6.35 -0.04
85.3861 -48.2506 7.14 -0.00
85.3963 -15.3376 7.00 1.12
85.4030 60.6229 6.99 0.23
85.4181 -2.8965 6.41 0.32
85.4230 -16.7258 6.22 -0.14
85.4282 -67.4028 7.04 -0.01
85.4478 63.2959 7.10 0.93
85.4602 -12.3109 7.17 0.13
85.4737 -15.6305 7.36 0.80
85.4782 23.3262 6.57 -0.05
85.4863 35.6313 6.85 0.02
85.4897 -62.9138 6.89 -0.01
85.5166 22.6603 6.35 1.19
85.5366 -12.9902 7.40 0.88
85.5367 -43.5083 7.47 1.26
85.5483 -30.5354 6.18 0.02
85.5582 -22.3737 5.88 0.08
85.5603 -17.5304 6.15 1.38
85.5633 -34.6678 5.29 -0.03
85.5734 2.3672 6.67 -0.03
85.5828 43.0596 7.26 0.00
85.6102 65.6976 5.62 1.25
85.6193 1.4746 4.90 1.14
85.6199 18.9876 7.31 1.34
85.6253 10.5385 7.28 0.22
85.6356 -11.6444 7.03 1.00
85.6371 -0.0161 6.85 0.98
85.6407 -10.6288 7.01 0.80
85.6977 38.1980 7.12 0.97
85.7227 -33.9584 7.21 1.04
85.7236 18.9804 6.66 -0.01
85.7246 -6.7962 5.97 0.45
85.7420 14.1785 6.72 1.09
85.7427 33.3145 6.91 0.44
85.7531 73.9858 6.77 0.33
85.7570 56.5815 6.05 0.95
85.7888 -1.6132 6.31 1.47
85.8074 41.6963 6.81 0.71
85.8105 -33.4250 6.83 1.62
85.8215 41.1229 7.47 0.01
85.8313 23.2044 6.23 -0.07
85.8403 -18.5575 5.73 -0.01
85.8451 29.2002 6.62 1.07
85.8470 50.7022 7.25 1.00
85.8496 5.3586 6.73 -0.03
85.8615 52.4888 7.14 0.62
85.8757 -39.4069 6.25 0.38
85.9023 6.8885 7.22 -0.06
85.9061 -68.0813 7.49 0.97
85.9090 55.3289 7.32 1.00
85.9128 25.4395 6.81 0.00
85.9214 -45.8329 6.38 0.29
85.9438 -21.4287 6.68 0.99
85.9503 -19.6519 7.36 0.68
85.9540 85.6684 6.69 0.02
85.9587 47.7137 7.26 1.30
85.9629 11.4057 7.42 1.09
85.9699 -21.2797 7.10 0.53
85.9863 66.6261 6.82 1.22
85.9941 54.8648 6.95 -0.05
86.0137 6.5156 7.41 1.06
86.0175 -18.2882 7.24 1.10
86.0352 61.4765 6.17 0.90
86.0733 -10.0167 7.11 0.64
86.0882 27.7315 7.39 0.07
86.1159 -22.4484 3.59 0.48
86.1183 -20.1266 6.34 0.58
86.1275 4.3392 7.17 0.19
86.1291 30.4883 7.35 0.87
86.1306 15.0635 7.12 0.79
86.1320 -4.6958 7.34 0.10
86.1383 -6.8643 6.76 0.20
86.1726 12.4153 6.95 0.94
86.1933 -65.7355 4.34 0.22
86.2111 -21.6592 6.79 -0.17
86.2219 16.0861 6.99 0.05
86.2315 26.3424 7.34 -0.01
86.2521 6.3504 7.17 -0.07
86.2554 12.8883 6.47 0.23
86.2575 4.0081 6.09 0.32
86.2701 -41.7819 7.22 0.21
86.2767 -40.1989 7.20 1.42
86.2780 33.6263 6.78 0.44
86.2980 18.7044 6.67 1.58
86.3045 -31.6693 6.83 0.37
86.3441 12.7893 7.46 0.77
86.3510 -39.3125 7.23 0.30
86.3561 6.2979 7.18 0.09
86.3733 31.3248 6.50 1.10
86.3743 52.1611 6.85 0.64
86.3824 29.2985 7.42 0.64
86.3955 48.9850 7.49 1.06
86.4142 20.6950 6.87 3.10
86.4495 37.6590 7.49 1.75
86.4563 40.5072 6.57 0.26
86.4568 -47.0066 7.22 0.35
86.4752 49.8263 5.46 0.03
86.4779 -23.1403 7.06 1.27
86.4996 -32.3064 5.18 -0.27
86.5048 -61.2298 7.41 1.29
86.5076 37.2846 7.34 0.83
86.5119 -4.2685 6.24 1.05
86.5526 64.7690 6.66 1.57
86.5582 -23.6444 6.54 1.42
86.6140 -46.5972 5.31 1.04
86.6166 -53.2193 6.63 0.59
86.6232 74.6101 7.33 0.70
86.6266 56.1156 5.93 0.16
86.6455 1.1682 5.95 0.77
86.6684 10.9318 7.40 1.38
86.6754 -36.2314 6.84 0.09
86.6896 15.8225 6.00 -0.06
86.7145 47.4674 7.47 0.03
86.7172 9.5223 5.78 0.89
86.7275 56.9239 6.79 0.14
86.7363 20.2818 7.06 1.37
86.7389 -14.8219 3.55 0.10
86.7419 -45.6474 7.41 0.50
86.7446 -16.6462 7.27 1.37
86.7502 51.5209 6.47 0.90
86.7522 34.3118 7.07 -0.05
86.7691 -28.6389 6.22 -0.13
86.7825 -16.2381 6.18 0.89
86.7929 58.7855 6.56 1.31
86.7985 12.3395 7.14 1.35
86.8048 14.4883 5.72 0.08
86.8055 -54.3607 6.19 1.41
86.8083 -12.8047 7.48 1.37
86.8112 42.5267 6.30 1.35
86.8212 -51.0665 3.85 0.17
86.8279 -35.6741 6.29 1.19
86.8321 50.0883 7.18 1.59
86.8413 -27.1345 7.16 0.51
86.8535 29.6576 7.21 0.55
86.8591 17.7291 5.47 0.30
86.8618 -36.4873 7.12 1.28
86.8620 -10.5330 6.04 0.14
86.8642 -15.2522 7.27 -0.07
86.8728 -41.5902 6.78 1.58
86.8844 63.5988 6.49 1.01
86.8944 25.5686 6.48 1.19
86.9047 54.4947 6.58 0.92
86.9288 13.8996 5.28 -0.16
86.9391 -9.6696 2.07 -0.17
86.9506 -72.7023 6.54 1.07
86.9839 24.6868 6.77 1.53
86.9847 35.1593 6.55 0.74
86.9920 -40.6530 6.62 1.12
87.0010 6.4542 5.26 0.23
87.0086 12.4184 6.68 -0.08
87.0434 -8.3836 7.30 -0.10
87.0478 30.5352 6.97 1.47
87.0553 -48.9185 7.05 0.04
87.0605 46.7217 7.01 1.21
87.0611 1.6097 7.07 0.40
87.0820 -33.4318 6.86 1.38
87.0907 -34.9365 7.29 0.94
87.0932 20.8695 6.03 -0.05
87.1063 -0.7596 7.35 0.42
87.1144 -13.3583 7.38 1.07
87.1176 4.7039 7.29 0.03
87.1202 17.4335 7.29 0.06
87.1284 7.5513 7.08 0.41
87.1456 -4.0946 5.97 0.64
87.1653 -14.3144 6.74 0.88
87.1709 -1.7856 6.94 1.45
87.1864 18.2432 7.25 0.38
87.1895 -1.5019 7.17 0.32
87.1915 0.7256 7.24 -0.13
87.1971 11.9972 6.93 -0.10
87.2159 39.5336 6.80 0.82
87.2540 24.5675 4.88 1.02
87.2694 62.8082 6.18 0.13
87.2789 25.6506 7.28 1.44
87.2804 -32.5044 6.89 1.56
87.2935 39.1811 4.51 0.95
87.3021 -19.3999 7.31 0.12
87.3033 21.1360 7.28 -0.01
87.3409 38.7383 7.20 1.17
87.3872 12.6513 4.89 -0.07
87.3922 -44.8754 6.38 1.26
87.4019 -60.6763 7.39 1.54
87.4023 -14.4837 5.49 0.87
87.4568 -56.1667 4.50 1.07
87.4729 -22.9719 5.87 0.06
87.4731 -66.9012 5.10 -0.13
87.4759 -30.6212 6.63 0.95
87.4814 31.7857 6.87 0.20
87.5112 9.8712 5.79 0.88
87.5130 -34.5536 7.35 1.65
87.5389 -32.8093 6.84 0.04
87.5496 -55.0812 7.42 0.37
87.5544 4.4234 5.96 1.36
87.5689 -55.0533 7.13 1.13
87.5700 -79.3614 5.46 -0.08
87.5978 -48.9864 7.19 0.91
87.5994 4.9567 7.41 0.03
87.6190 -37.6212 7.01 1.59
87.6201 -52.7679 6.32 0.75
87.6204 14.3056 5.54 1.01
87.6251 2.0247 5.97 0.95
87.6406 47.4610 7.40 1.86
87.6412 56.9189 6.53 0.13
87.6656 27.5050 7.13 0.47
87.7008 27.6859 7.47 1.66
87.7027 14.4434 6.75 -0.07
87.7142 14.0481 6.59 1.05
87.7218 -52.1089 5.16 0.96
87.7346 51.5146 6.29 1.05
87.7399 -35.7683 3.12 1.15
87.7421 27.9679 5.60 0.98
87.7546 65.7541 6.61 0.82
87.7601 37.3056 4.72 1.62
87.7636 11.4989 6.94 0.83
87.7693 18.5513 6.76 1.34
87.8304 -20.8791 3.76 0.98
87.8401 -11.6462 7.20 -0.08
87.8416 -7.5180 5.36 -0.20
87.8462 -64.0336 6.35 0.87
87.8573 32.1247 6.28 1.75
87.8661 18.4442 6.99 0.87
87.8692 -22.9269 6.16 1.02
87.8725 39.1485 3.97 1.13
87.9611 23.3828 6.97 1.58
87.9671 19.5214 7.31 -0.02
87.9763 -25.2193 7.02 0.10
87.9807 -41.1053 6.71 1.65
87.9843 -35.9097 7.37 0.21
87.9983 -29.4494 6.47 1.47
88.0061 -15.5062 7.09 0.14
88.0072 -9.8132 7.40 0.37
88.0320 -25.9432 6.86 0.89
88.0322 -9.0419 5.95 0.10
88.0327 65.1578 7.46 1.27
88.0529 -19.0538 7.01 1.20
88.0578 38.5601 6.93 0.02
88.0719 58.9641 6.14 -0.04
88.0721 71.2894 7.11 0.17
88.0841 -57.1562 5.93 0.66
88.0929 14.1718 5.60 -0.05
88.0975 19.8678 5.96 0.55
88.1022 -52.0552 6.82 1.62
88.1102 1.8551 4.76 1.38
88.1120 6.2094 6.90 1.00
88.1225 -2.2853 7.26 0.56
88.1382 -37.6311 5.62 1.05
88.1626 34.2687 7.46 0.41
88.1653 39.5747 6.40 0.10
88.1670 33.9175 6.04 1.58
88.1988 -38.5260 6.69 1.08
88.2049 -34.5606 6.64 0.92
88.2312 68.4715 6.22 0.95
88.2787 -33.8014 4.88 -0.15
88.2899 -47.9552 6.75 1.38
88.3025 11.8142 7.19 0.51
88.3113 -61.8394 6.81 0.06
88.3250 9.5589 7.24 1.39
88.3293 20.2991 6.70 -0.06
88.3319 27.6123 4.56 -0.01
88.3452 -42.9213 6.55 1.37
88.3582 57.9635 7.12 1.47
88.3602 6.2557 7.21 0.90
88.3693 37.3391 6.70 0.20
88.3763 25.0734 7.50 1.04
88.3787 -16.2650 7.28 0.54
88.4025 36.1305 7.38 1.12
88.4236 -5.7047 7.09 -0.01
88.4900 -19.6388 6.68 0.10
88.4946 -14.1272 7.21 1.51
88.5178 -60.0235 7.17 0.94
88.5249 -63.0896 4.65 1.02
88.5280 -35.9030 6.78 0.44
88.5397 10.2444 7.04 0.87
88.5449 -50.3626 6.53 0.89
88.5497 -64.4822 6.62 0.38
88.5510 -47.1855 7.45 1.31
88.5556 10.5864 6.13 1.40
88.5584 -29.1472 6.34 0.37
88.5657 3.2256 6.30 1.28
88.5937 -1.0765 7.43 1.76
88.5958 20.2762 4.39 0.59
88.5986 -15.7320 7.20 0.01
88.6197 8.0543 7.15 -0.03
88.6235 -8.4126 6.61 1.33
88.6344 11.7632 6.59 0.03
88.6446 -4.0647 6.57 -0.17
88.6527 11.4855 7.31 0.28
88.6632 -26.6603 6.85 0.20
88.6713 -49.6270 6.11 -0.15
88.6818 -11.7742 5.62 1.52
88.6835 0.9686 5.99 1.33
88.7087 -52.6355 5.29 0.29
88.7116 55.7069 4.96 0.05
88.7173 36.2486 7.32 1.24
88.7187 -39.9579 5.55 1.51
88.7250 22.5199 7.20 1.25
88.7257 -9.1811 7.27 0.08
88.7300 14.2198 6.63 1.02
88.7310 5.8608 6.80 0.01
88.7353 5.3538 7.40 1.04
88.7357 -59.6085 7.10 1.10
88.7362 19.7496 5.92 -0.14
88.7409 59.8884 5.20 0.01
88.7436 17.4019 7.30 1.56
88.7458 31.7015 5.90 0.14
88.7801 -9.8100 7.34 0.43
88.7810 -1.9269 7.44 0.19
88.7929 7.4071 0.45 1.50
88.8537 -4.8256 7.08 0.14
88.8746 -37.1207 4.97 1.10
88.8757 -4.6165 5.87 1.17
88.8974 -4.7886 6.28 0.06
88.9065 53.4599 7.40 1.78
88.9178 27.7156 7.03 0.14
88.9298 -38.1045 7.46 0.49
88.9593 36.9366 7.27 0.26
88.9703 -21.6894 6.77 0.73
88.9858 41.3233 6.64 0.30
88.9888 0.8361 7.17 0.10
88.9953 -31.5320 6.73 -0.05
89.0143 13.9249 6.60 0.65
89.0444 -21.1226 6.89 0.10
89.0594 -22.8400 5.95 1.11
89.0602 51.8040 6.62 0.16
89.0873 -31.3824 5.52 0.38
89.1012 -14.1677 3.71 0.34
89.1168 9.5094 5.97 -0.04
89.1331 -33.4345 7.30 -0.01
89.1407 28.9423 6.35 0.28
89.1435 -23.2153 6.37 1.07
89.2042 -31.9762 6.44 1.07
89.2060 11.5211 5.89 1.11
89.2108 16.3551 7.22 -0.14
89.2280 -8.3840 6.88 1.02
89.2289 -44.0090 6.65 0.52
89.2309 38.2872 7.21 1.38
89.2338 24.2497 6.03 0.35
89.2693 49.0297 6.55 0.99
89.2731 27.3167 7.24 1.09
89.2821 55.9473 6.95 1.20
89.2881 -53.4174 7.49 1.06
89.3099 -53.4257 6.48 1.48
89.3553 0.0275 6.90 0.00
89.3842 -35.2833 4.36 -0.17
89.3887 -18.0552 6.67 0.53
89.3957 66.0961 6.24 1.37
89.4056 45.9013 6.59 0.97
89.4149 -15.4061 7.19 -0.10
89.4155 33.2603 7.45 0.55
89.4190 55.6567 7.16 0.06
89.4227 -6.0947 7.34 1.81
89.4456 -14.2092 7.40 1.32
89.4540 14.6841 7.41 1.12
89.4597 37.5182 7.49 1.27
89.4771 1.2243 6.22 1.46
89.4855 -31.9213 7.43 1.44
89.4986 25.9539 4.81 -0.09
89.5287 69.6043 7.01 0.35
89.5313 59.3935 7.30 1.39
89.5488 -0.9940 6.21 1.14
89.5563 1.8564 6.92 0.26
89.5897 -4.6507 6.99 0.72
89.6018 1.8371 5.89 0.22
89.6149 7.8606 7.34 1.26
89.6383 38.8935 7.23 1.13
89.6476 -21.5439 7.31 0.89
89.6565 -44.0346 5.81 1.06
89.6668 16.5977 7.38 0.03
89.6928 60.3799 6.86 0.44
89.7066 0.5530 5.21 0.01
89.7204 25.7770 6.63 0.97
89.7218 12.8083 5.70 0.87
89.7283 18.8202 7.06 1.31
89.7328 29.9838 7.10 0.16
89.7545 -9.3822 6.15 0.33
89.7573 -51.2232 6.82 -0.10
89.7680 -9.5582 5.04 0.19
89.7735 27.5618 7.26 0.28
89.7867 -42.8151 3.96 1.15
89.8180 -32.2097 7.25 1.03
89.8210 40.0334 7.33 0.54
89.8408 49.9245 5.90 1.19
89.8426 -12.8352 7.06 1.46
89.8537 45.6196 6.83 0.05
89.8654 8.4155 6.77 0.95
89.8817 54.2847 3.72 1.01
89.8822 44.9474 1.90 0.08
89.8868 46.5348 7.48 -0.08
89.9073 -1.4441 6.62 -0.06
89.9116 -35.3526 6.78 1.31
89.9151 21.6042 6.89 -0.06
89.9303 37.2126 2.65 -0.08
89.9409 55.3209 6.42 0.32
89.9498 54.5470 6.14 1.20
89.9517 -6.5974 7.27 1.54
89.9733 3.9910 7.47 0.01
89.9838 45.9367 4.30 1.70
90.0047 -8.1075 6.65 1.53
90.0140 -3.0743 4.53 1.20
90.0206 28.1257 6.69 1.63
90.0252 27.2722 6.61 1.02
90.0321 -64.3100 7.09 1.01
90.0402 51.0809 6.76 0.05
90.0574 4.8355 7.46 0.64
90.0601 33.1369 6.84 0.19
90.0625 15.1311 7.44 1.49
90.0716 12.6114 6.80 -0.04
90.0736 -12.9000 6.21 0.36
90.0742 -44.0058 7.32 0.22
90.0788 44.5920 6.21 1.13
90.1012 16.2990 6.54 1.54
90.1021 34.5079 6.76 0.95
90.1179 22.8997 7.04 0.11
90.1300 -7.4697 7.39 1.26
90.1489 -58.1021 6.97 0.10
90.1535 56.9233 7.46 1.44
90.1541 29.0052 7.50 0.37
90.2014 67.0139 6.88 0.19
90.2049 -51.2163 5.65 0.21
90.2055 2.9160 6.98 0.90
90.2126 -42.8705 6.58 -0.16
90.2306 -54.9513 7.40 0.47
90.2440 47.9019 5.71 -0.01
90.2519 27.5724 6.04 0.22
90.2630 -37.0716 7.10 0.92
90.2760 41.9385 7.49 0.53
90.2819 23.3049 7.37 0.57
90.2919 31.0345 6.18 0.10
90.2939 19.4204 7.45 0.10
90.3046 -25.4178 6.04 0.03
90.3111 -60.4856 6.93 1.03
90.3129 65.5254 6.61 0.22
90.3179 -33.9118 5.54 1.58
90.3222 9.0724 7.26 0.91
90.3341 85.1821 6.17 1.56
90.3370 18.9613 7.22 0.13
90.3802 2.9093 7.19 0.00
90.3806 3.1865 7.19 0.08
90.3925 -16.3988 7.10 1.06
90.4134 -15.5893 6.66 1.26
90.4155 16.9341 7.34 1.21
90.4159 -35.0438 7.17 0.20
90.4235 22.4010 6.36 -0.07
90.4294 48.9594 5.98 1.44
90.4601 -10.5979 4.92 -0.13
90.4718 -27.3576 7.37 1.14
90.4741 -64.8606 7.01 0.65
90.5223 38.7202 7.27 0.84
90.5265 -38.9893 6.82 0.94
90.5264 65.0598 7.10 1.25
90.5270 -27.4273 7.18 0.42
90.5370 -5.1370 6.56 1.57
90.5389 -60.0968 6.41 1.51
90.5680 66.8997 7.03 1.68
90.5713 1.6941 6.58 -0.04
90.5958 9.6473 4.12 0.17
90.6388 13.0254 6.96 1.64
90.6409 -14.4972 6.20 0.95
90.6568 32.5914 6.79 0.43
90.6881 47.8095 6.49 0.57
90.7010 -53.5828 7.08 0.97
90.7025 49.9057 6.04 -0.03
90.7229 43.3783 6.38 1.21
90.7299 32.6357 6.23 0.46
90.7529 -23.2186 7.47 0.98
90.7632 -37.5471 6.88 0.20
90.7680 57.0183 6.50 0.95
90.7791 20.5863 6.88 0.97
90.7832 47.9878 7.34 1.17
90.7848 -36.8729 6.90 -0.08
90.7884 53.5414 7.00 0.33
90.7917 7.6271 6.73 1.38
90.8133 12.6177 7.39 -0.05
90.8150 -26.2845 5.03 1.33
90.8247 42.9116 6.08 0.98
90.8247 -16.0432 7.47 0.53
90.8295 -2.4787 7.14 -0.05
90.8405 31.3902 7.08 0.40
90.8500 -53.8904 7.46 1.15
90.8532 11.6811 6.09 -0.04
90.8540 -21.7904 7.32 0.40
90.8586 3.8625 7.10 1.27
90.8640 19.6906 5.14 -0.10
90.8914 26.5291 6.99 0.04
90.9799 20.1385 4.64 0.24
90.9923 2.8644 7.27 -0.03
90.9996 -51.0986 7.46 0.15
91.0301 23.2633 4.16 0.83
91.0466 -13.6895 7.08 -0.02
91.0503 25.4439 6.95 0.95
91.0544 -14.0843 6.94 0.47
91.0563 -6.7089 5.19 -0.07
91.0844 -32.1724 5.65 -0.19
91.1186 -45.0366 6.35 0.52
91.1213 51.5734 6.39 0.20
91.1247 44.2604 6.74 0.57
91.1266 -45.1966 6.92 0.97
91.1402 45.5862 7.30 0.22
91.1600 46.5851 7.30 -0.05
91.1656 38.5751 6.93 -0.03
91.1672 -45.0789 5.93 0.49
91.1785 -1.5805 6.94 0.10
91.1803 -28.0607 7.48 -0.03
91.1946 -48.4583 6.60 0.71
91.2426 14.3884 6.72 0.51
91.2424 5.4200 5.67 1.05
91.2432 4.1587 5.63 1.04
91.2464 -16.4844 4.92 0.20
91.2608 37.9643 6.32 0.82
91.2641 42.9816 5.90 0.36
91.2780 -56.2331 6.76 1.43
91.2843 59.3932 6.32 1.12
91.2857 0.8665 7.04 0.97
91.2889 75.5859 6.28 1.51
91.3144 -54.4084 7.17 0.95
91.3165 73.9996 7.43 0.54
91.3446 0.6128 7.03 1.60
91.3626 -10.2426 5.88 0.37
91.3632 -35.5136 5.80 0.03
91.3684 -33.5019 7.44 -0.01
91.3912 33.5990 6.23 -0.08
91.4398 -24.1956 6.74 1.44
91.4686 48.2493 6.77 -0.10
91.4820 -13.2478 7.19 0.27
91.5094 -5.8802 6.88 1.58
91.5231 -29.7586 5.79 0.04
91.5233 -33.2192 6.70 0.50
91.5273 28.9348 7.48 0.31
91.5356 35.3877 6.12 0.60
91.5388 -14.9353 4.67 0.05
91.5390 -66.0396 5.72 -0.02
91.5482 -45.8160 7.24 0.55
91.5655 31.9970 7.17 0.02
91.5709 29.0969 7.49 1.24
91.5935 29.5124 6.01 1.73
91.6018 -0.9634 7.44 0.47
91.6168 10.7503 7.19 -0.06
91.6337 -23.1108 5.46 0.06
91.6462 38.4826 5.35 0.25
91.6598 -16.5184 6.60 0.94
91.6614 -4.1938 5.37 -0.12
91.6632 63.4538 6.42 1.01
91.6642 -41.2200 7.01 0.00
91.6687 15.5421 6.76 0.81
91.6700 85.2846 7.50 1.09
91.6710 -42.2988 6.15 0.25
91.6798 -49.2221 7.20 0.35
91.6819 72.6030 7.40 0.39
91.6861 -24.9267 6.96 0.38
91.6898 -31.4168 7.42 0.99
91.7028 23.6386 6.67 1.37
91.7106 -67.2833 6.70 1.36
91.7143 -23.0938 7.47 0.15
91.7162 -11.1736 6.66 -0.15
91.7281 2.1731 7.16 0.07
91.7326 16.3667 6.57 1.13
91.7344 -3.3412 6.92 -0.12
91.7396 -21.8123 5.74 1.58
91.7440 -6.2027 6.58 0.23
91.7474 0.0770 7.26 1.36
91.7492 -46.2056 6.83 0.46
91.7578 -45.0915 6.48 1.16
91.7641 -62.1546 5.04 1.26
91.7653 -34.3120 5.82 -0.14
91.7717 -81.0632 7.12 0.32
91.7781 35.2137 7.22 1.22
91.7873 14.4492 7.09 1.59
91.7884 16.5561 7.34 0.54
91.7892 9.1660 6.94 0.46
91.8247 20.8202 7.12 1.52
91.8285 -37.2001 7.25 1.02
91.8334 26.6822 7.08 -0.06
91.8577 36.2746 6.94 0.40
91.8615 41.8543 6.15 1.20
91.8814 38.0822 7.02 0.99
91.8818 -37.2529 5.00 -0.10
91.8930 14.7685 4.42 -0.16
91.8996 10.4563 6.70 1.15
91.9230 -34.6400 7.18 1.22
91.9235 -19.1659 5.28 1.66
91.9458 -44.7293 6.76 0.32
91.9608 42.6657 7.05 0.02
91.9703 -42.1540 5.50 0.01
91.9833 36.0653 6.96 1.16
92.0046 -82.0437 7.20 0.31
92.0100 21.2954 7.29 0.34
92.0267 -15.9012 6.95 0.47
92.0487 37.9827 7.09 0.20
92.0791 45.5544 7.43 0.14
92.0964 41.0557 6.34 1.04
92.1058 -11.1463 6.79 0.00
92.1265 13.9711 6.93 -0.10
92.1443 -44.3562 6.26 -0.14
92.1846 -68.8434 5.06 -0.07
92.1904 -7.9364 6.69 0.07
92.1938 -43.8122 7.49 -0.06
92.1960 8.6694 6.55 -0.07
92.1988 -6.8214 6.46 0.88
92.2362 -2.0370 7.05 0.97
92.2411 -22.4274 5.49 -0.01
92.2413 2.4997 5.70 0.07
92.2487 2.4964 6.93 0.03
92.2607 -41.1180 7.43 0.18
92.2783 -8.3016 6.64 1.36
92.2802 7.5135 6.63 0.91
92.2915 -14.0654 7.45 0.31
92.3133 -13.2208 7.39 0.29
92.3342 -18.1264 6.36 -0.04
92.3476 -49.5628 6.48 0.50
92.3852 22.1903 5.93 1.63
92.3939 -14.5846 5.56 1.15
92.4010 -5.7114 6.16 0.35
92.4123 49.0630 7.23 1.42
92.4147 -41.9804 7.28 0.48
92.4152 43.1407 7.07 0.11
92.4239 -22.1189 7.41 1.25
92.4333 23.1135 5.75 0.19
92.4464 -26.7011 6.27 1.01
92.4498 -22.7743 5.71 0.45
92.4548 2.8695 6.57 1.02
92.4731 14.8528 7.36 -0.05
92.4865 9.4678 7.29 -0.11
92.4958 58.9357 5.35 1.10
92.5315 -29.8186 7.49 -0.10
92.5388 3.3131 7.50 1.16
92.5434 -40.3538 5.54 1.67
92.5494 46.7587 7.20 1.21
92.5595 -74.7530 5.08 0.71
92.5644 15.9065 7.06 0.94
92.5693 -15.0594 6.90 -0.08
92.5746 -54.9686 4.72 -0.23
92.5991 2.9019 6.85 -0.07
92.6105 -77.1056 6.83 0.03
92.6247 22.9979 6.88 -0.08
92.6330 -34.8168 6.65 0.78
92.6445 -27.1543 5.72 1.07
92.6664 -45.2820 6.28 -0.01
92.6973 13.6595 6.93 -0.00
92.7203 -61.4998 7.45 0.39
92.7219 59.1693 7.14 0.99
92.7465 11.9949 7.46 -0.06
92.7551 -6.7542 6.15 0.01
92.7574 18.1305 6.37 1.35
92.7627 2.3305 7.20 1.36
92.8050 44.9521 7.42 0.89
92.8068 60.4535 6.48 1.70
92.8069 -26.4821 6.08 -0.02
92.8125 -65.5894 5.01 1.60
92.8142 -44.9143 7.22 1.24
92.8148 -33.8708 7.36 1.16
92.8159 47.9068 6.85 0.18
92.8254 21.5638 7.41 0.34
92.8406 -15.7931 6.78 0.27
92.8466 20.9054 6.84 0.15
92.8662 -27.0582 7.40 0.10
92.8663 13.6386 6.04 0.02
92.8740 43.1652 6.95 1.01
92.8837 43.7991 7.13 1.33
92.8846 24.4203 5.83 1.11
92.9024 48.7110 5.78 0.10
92.9200 -10.2508 7.27 1.29
92.9228 7.7786 7.32 0.42
92.9296 -18.1861 6.60 0.99
92.9322 -4.6654 6.18 -0.08
92.9413 52.6472 6.28 0.14
92.9642 21.8682 6.93 2.14
92.9659 -6.5503 5.06 -0.20
92.9756 71.1308 7.48 0.48
92.9844 23.2071 7.17 1.52
92.9850 14.2088 4.45 -0.18
92.9914 -75.0839 7.33 0.95
92.9947 7.3913 7.04 -0.10
93.0024 6.7831 6.85 0.64
93.0056 19.7905 5.76 -0.07
93.0137 16.1304 4.95 -0.15
93.0229 29.4921 7.38 1.17
93.0312 -26.0499 7.28 1.30
93.0467 -65.5311 6.85 0.48
93.0512 4.6737 7.46 -0.04
93.0664 10.3334 7.49 -0.06
93.0796 22.9085 6.51 2.20
93.0838 32.6934 5.78 1.65
93.1215 -36.5637 6.88 -0.15
93.1285 -29.0181 7.44 0.50
93.1342 -61.4740 6.59 -0.07
93.1700 -27.7258 7.39 0.98
93.1858 -2.5048 6.62 0.05
93.1930 -17.7632 6.52 -0.17
93.2127 65.7184 5.36 1.34
93.2313 -8.7291 6.91 -0.07
93.2428 7.2777 7.00 1.56
93.2433 77.2868 7.47 0.95
93.2465 -28.4636 7.28 0.03
93.2475 10.2874 6.60 -0.07
93.2482 6.0163 6.45 1.62
93.2618 -4.9353 6.94 1.13
93.2657 3.5091 7.50 -0.09
93.2952 19.0093 7.41 -0.07
93.3021 10.6271 6.43 0.66
93.3024 -5.0098 7.36 1.02
93.3529 -15.3841 6.85 1.00
93.3771 37.1591 6.77 0.00
93.3886 18.6803 6.58 -0.09
93.3895 -29.3957 6.52 -0.10
93.4185 -56.9184 6.77 1.16
93.4207 -66.6800 7.28 0.47
93.4240 -51.6675 6.85 0.07
93.4298 41.6972 7.16 0.08
93.4387 -23.8619 6.37 0.71
93.4389 51.1725 6.07 1.05
93.4698 2.8089 7.41 0.99
93.4760 -3.7414 5.83 0.91
93.4845 -6.8232 7.47 -0.04
93.4879 -7.2481 6.78 -0.00
93.4961 52.0114 7.36 0.39
93.5021 33.2443 6.59 1.66
93.5524 3.9023 7.32 -0.05
93.5764 14.4936 7.27 0.02
93.6191 17.9064 5.86 0.25
93.6254 4.5431 7.03 0.92
93.6262 -29.6043 6.98 -0.01
93.6297 11.7969 7.12 1.01
93.6529 -4.5685 5.83 -0.15
93.6555 2.2900 7.23 -0.12
93.6748 -73.6265 6.61 -0.04
93.6778 14.5863 7.02 -0.02
93.6804 16.0371 6.66 0.94
93.6833 -4.4489 7.30 1.08
93.7120 19.1564 5.20 0.43
93.7139 -6.2748 3.99 1.32
93.7194 22.5068 3.31 1.60
93.7278 -8.8042 7.22 -0.09
93.7282 -71.6560 7.31 1.66
93.7570 -29.3654 7.31 0.03
93.7752 -71.7028 6.62 0.56
93.7850 -20.2722 5.88 1.32
93.7853 13.8511 5.91 -0.23
93.7930 48.8340 7.19 -0.15
93.8003 8.4463 7.48 1.03
93.8238 -18.4772 5.99 1.06
93.8417 16.4309 6.98 1.55
93.8446 29.4981 4.32 1.02
93.8486 -11.9044 6.60 0.12
93.8531 25.3337 7.30 1.88
93.8547 16.1432 5.34 -0.10
93.8589 -9.0358 6.09 -0.08
93.8618 -1.3998 7.15 1.03
93.8736 -4.9147 5.99 0.10
93.8760 3.9582 7.02 -0.13
93.8826 0.8350 7.36 -0.11
93.8928 -0.5122 5.62 0.51
93.9007 66.1485 7.05 0.51
93.9102 36.1462 7.46 0.39
93.9126 36.1487 6.86 0.44
93.9145 -66.2923 7.32 -0.09
93.9174 6.0662 6.07 -0.12
93.9189 59.9990 5.37 1.34
93.9223 18.2975 6.61 1.59
93.9370 -13.7184 5.00 -0.08
93.9373 12.5511 5.44 0.01
93.9435 -6.2085 7.48 -0.09
93.9459 4.2836 6.63 -0.16
93.9658 42.0351 7.49 1.26
93.9749 1.1691 6.37 0.44
93.9823 -17.0293 7.36 0.88
93.9853 10.2817 6.84 1.22
93.9882 -29.7884 6.67 1.54
94.0112 70.7816 7.43 0.78
94.0166 59.2150 6.59 1.00
94.0202 52.1858 7.37 1.40
94.0253 37.6366 7.09 0.88
94.0320 -16.6180 5.97 -0.17
94.0518 56.9344 7.48 0.60
94.0578 5.1142 7.16 -0.07
94.0616 0.0153 7.47 -0.07
94.0784 -59.2135 6.44 0.59
94.0794 23.9700 6.09 0.90
94.0858 30.1025 6.91 -0.04
94.0878 1.0803 6.63 -0.06
94.0925 28.8520 7.41 0.41
94.0991 17.1816 6.39 1.56
94.1109 12.2722 5.04 0.43
94.1135 -35.4309 7.19 1.13
94.1381 -35.1405 4.37 0.98
94.1483 -39.2644 6.00 0.16
94.1735 -12.0473 6.76 0.40
94.1746 -69.0761 7.49 1.26
94.1875 -43.6440 7.34 -0.01
94.2202 -18.6067 7.48 0.60
94.2435 7.0526 6.56 -0.12
94.2446 23.7409 6.24 0.45
94.2551 -37.7374 5.54 1.13
94.2650 -22.7152 6.05 0.58
94.2762 15.8506 7.29 -0.09
94.2776 9.9424 5.39 0.11
94.2831 -22.3744 7.03 0.01
94.2899 -37.2535 5.88 0.14
94.3033 -24.0746 6.73 0.93
94.3079 -26.9329 6.87 0.92
94.3172 5.1001 5.70 0.61
94.3279 64.8318 7.26 1.03
94.3348 22.1440 7.40 1.02
94.3374 49.4856 7.36 0.04
94.3474 57.4147 7.15 0.52
94.3603 58.8265 7.36 0.14
94.3888 14.0587 6.59 -0.04
94.3906 35.1492 6.68 0.45
94.3944 46.4240 6.53 0.26
94.3963 -10.7250 6.76 0.36
94.4001 39.8584 7.29 1.24
94.4059 -24.4447 7.49 0.47
94.4145 -53.9787 7.13 0.97
94.4238 -16.8159 5.15 1.29
94.4343 -19.1887 6.72 -0.12
94.4374 39.4739 6.72 1.90
94.4448 40.1886 7.47 -0.02
94.4646 32.5046 7.50 0.42
94.4650 -31.0092 7.45 1.16
94.4656 -52.7330 6.40 1.46
94.4722 -4.3827 6.65 1.19
94.4784 61.5153 5.01 1.84
94.5231 -53.5591 6.86 0.17
94.5234 14.3829 6.12 0.04
94.5353 -6.7254 6.79 1.05
94.5572 -19.9670 5.51 -0.16
94.5700 3.9845 7.36 1.27
94.5703 46.3604 6.33 1.11
94.5726 -5.6543 6.88 0.55
94.5866 27.2101 6.66 1.12
94.6122 -48.0386 7.43 1.62
94.6336 4.5098 7.35 0.79
94.6489 -38.8948 7.34 1.13
94.6574 29.7814 6.86 0.01
94.6681 9.0472 6.24 0.87
94.6949 -50.3591 7.03 0.83
94.7033 -15.0250 6.04 1.66
94.7061 11.1650 7.06 0.04
94.7108 -9.3900 5.36 1.24
94.7116 69.3198 4.76 0.03
94.7244 35.2079 6.62 0.97
94.7268 23.6033 6.58 0.91
94.7316 -25.0128 7.04 -0.13
94.7457 -20.9256 5.79 -0.15
94.7485 12.7014 7.41 0.05
94.7577 17.3253 6.27 -0.09
94.7623 59.5594 7.41 0.93
94.7700 47.3940 6.83 0.56
94.7761 12.7467 6.73 -0.12
94.7831 -8.5860 6.22 -0.04
94.7832 -1.3670 7.28 1.41
94.7916 56.5266 6.90 1.14
94.8133 -69.7846 6.91 0.51
94.8137 -24.9749 7.32 0.07
94.8304 23.4694 6.91 0.25
94.8438 23.2745 6.95 0.44
94.8559 13.4339 6.90 0.47
94.8992 69.5691 6.77 0.26
94.9058 59.0110 4.44 0.03
94.9091 -22.1031 6.29 1.47
94.9104 -63.8236 6.86 0.91
94.9125 68.6769 6.86 0.81
94.9154 -26.9842 7.30 1.45
94.9174 16.0132 6.61 0.56
94.9206 -34.3966 5.76 -0.08
94.9217 -17.5262 7.25 -0.08
94.9283 -7.8229 5.27 -0.18
94.9319 38.4352 7.15 0.37
94.9498 -39.4865 6.61 1.25
94.9890 -13.9930 6.67 -0.03
94.9957 28.4268 7.28 0.55
94.9983 -2.9445 4.91 1.61
94.9994 -61.3296 6.95 1.17
95.0176 14.6511 5.67 1.58
95.0253 -48.7411 6.61 0.66
95.0285 -7.8720 6.94 0.31
95.0712 -10.8822 7.22 0.32
95.0714 7.7188 6.76 -0.04
95.0783 -30.0634 3.02 -0.16
95.0790 54.2498 7.26 0.40
95.1123 -49.1043 6.81 1.18
95.1465 -23.6380 6.49 1.13
95.1510 -34.1441 5.55 -0.18
95.1515 25.1890 7.08 0.02
95.1669 -9.8910 6.90 0.10
95.1753 72.1460 6.57 1.30
95.1952 -24.3002 7.44 -0.11
95.2082 52.1483 7.44 0.20
95.2103 -4.5955 6.75 0.28
95.2172 11.7562 6.54 -0.10
95.2244 -79.0667 7.31 1.04
95.2309 -16.9849 7.48 0.80
95.2350 -29.6709 6.99 0.37
95.2532 14.7048 7.34 -0.10
95.2620 2.5688 7.25 1.41
95.2670 29.3717 7.02 0.38
95.2726 -11.8173 6.32 1.68
95.2996 29.5408 6.41 0.05
95.3103 21.1324 7.34 -0.08
95.3246 42.3403 6.79 0.01
95.3530 -11.7732 5.48 0.00
95.3543 -60.0220 6.96 0.23
95.3574 2.2685 6.30 0.25
95.3580 17.7635 6.32 1.10
95.3986 19.8921 7.29 1.06
95.4198 -56.3623 6.79 1.65
95.4241 -8.2360 6.96 1.59
95.4288 -9.6829 7.36 -0.08
95.4374 12.8619 6.68 0.95
95.4388 45.6111 7.15 1.41
95.4422 53.4522 5.34 0.45
95.4460 2.3424 7.29 0.99
95.4586 -51.2377 6.74 0.23
95.5054 44.0585 6.88 1.02
95.5148 59.3721 6.05 0.15
95.5160 29.9641 7.01 -0.01
95.5182 -35.0436 7.24 1.03
95.5201 60.7780 7.43 0.21
95.5255 -15.6634 6.51 1.15
95.5285 -33.4364 3.85 0.86
95.5337 61.7600 7.20 0.38
95.5967 -45.9603 6.84 -0.10
95.6057 46.1946 7.33 0.13
95.6289 -60.2187 6.53 0.61
95.6516 12.5702 6.00 0.32
95.6594 -69.9840 5.56 1.51
95.6749 -17.9559 1.98 -0.24
95.6885 4.2103 6.89 0.11
95.7068 17.5741 6.92 0.02
95.7240 -33.6146 7.25 1.62
95.7299 -45.6289 6.73 1.14
95.7312 3.7608 7.03 1.24
95.7327 -56.3700 5.60 0.24
95.7401 22.5136 2.87 1.62
95.7403 -24.5560 7.37 0.66
95.7561 -3.2770 6.56 -0.15
95.7561 -63.6831 6.30 1.61
95.7755 -3.5158 7.20 -0.12
95.7765 56.9763 6.47 1.07
95.8043 -34.9968 6.53 -0.07
95.8047 35.5203 7.42 0.04
95.8103 -31.7903 6.31 0.89
95.8266 -14.8354 6.96 0.23
95.8270 3.7645 6.41 -0.15
95.8450 -4.6875 6.66 0.06
95.8572 -26.3796 7.17 1.67
95.8731 -29.8608 6.99 1.07
95.8757 27.1180 7.43 0.07
95.8774 -18.9988 7.22 1.35
95.8997 -9.8747 6.11 1.84
95.9118 40.5214 6.81 1.06
95.9151 -33.3195 7.43 0.43
95.9282 -16.4672 6.57 0.31
95.9385 -37.0146 6.89 -0.10
95.9420 4.5929 4.39 0.21
95.9423 -15.0713 6.27 1.53
95.9438 4.5958 6.72 0.45
95.9455 -58.5439 6.47 0.12
95.9482 2.6657 6.86 1.00
95.9486 -19.7854 6.61 -0.13
95.9734 -4.7289 7.30 1.01
95.9747 40.8087 7.15 1.60
95.9830 -25.5776 5.61 1.56
95.9879 -52.6957 -0.62 0.16
96.0042 -36.7078 5.62 1.03
96.0051 9.1716 7.34 -0.07
96.0095 8.8850 6.24 -0.06
96.0255 -36.7030 6.84 0.93
96.0430 -11.5301 5.21 1.23
96.0442 60.0845 7.10 1.05
96.0545 -26.4450 6.68 0.95
96.0577 -60.2813 5.78 -0.00
96.0724 43.2303 6.98 0.98
96.0857 -12.9619 6.12 -0.08
96.0881 -16.2246 6.95 0.20
96.0988 51.0772 7.04 1.66
96.1015 -42.8475 6.67 0.67
96.1108 -63.4289 6.45 0.66
96.1170 13.0150 7.00 1.09
96.1216 37.3166 7.04 1.26
96.1351 4.1866 7.32 -0.09
96.1408 11.2565 6.85 1.08
96.1414 -1.4182 6.72 -0.10
96.1624 35.2550 6.56 1.19
96.1823 25.0487 6.35 1.21
96.1829 -28.7801 6.37 0.63
96.1854 -40.2840 6.30 -0.05
96.1942 43.5485 7.21 0.03
96.2091 4.8720 7.03 0.51
96.2198 29.7071 6.70 -0.06
96.2199 16.0571 6.35 1.06
96.2246 49.2879 4.92 1.91
96.2325 -63.8281 6.26 -0.12
96.2738 16.9947 7.01 -0.05
96.3000 51.6331 7.13 1.00
96.3034 32.2718 6.97 1.32
96.3042 7.0857 6.26 0.85
96.3189 -0.9459 5.88 0.56
96.3270 1.5015 6.66 -0.03
96.3277 23.7095 7.16 0.29
96.3344 11.2332 7.01 0.59
96.3411 -9.0911 7.25 1.01
96.3674 14.7220 6.30 2.35
96.3693 -69.6903 5.37 0.97
96.3750 -35.0642 6.24 1.35
96.3858 23.4421 6.63 1.11
96.3872 23.3272 6.05 0.02
96.3925 22.4578 7.15 0.23
96.3948 -2.9914 6.54 0.11
96.4077 -35.0391 7.18 0.27
96.4096 58.4254 7.07 0.56
96.4122 -4.8323 7.31 -0.07
96.4186 -29.7030 6.89 -0.02
96.4253 14.0927 6.85 0.61
96.4280 21.6450 6.53 0.93
96.4295 38.0504 7.18 0.94
96.4319 -48.1769 5.76 -0.06
96.4408 -20.9731 7.07 1.02
96.4430 -40.9755 7.04 0.22
96.4439 2.2717 6.51 -0.03
96.4464 -3.8890 6.33 1.02
96.4582 -38.9356 7.31 1.72
96.4641 0.8127 6.60 0.96
96.4680 11.1259 6.39 0.08
96.4898 -35.3373 7.06 1.58
96.4922 58.6033 6.87 0.37
96.4951 -7.8950 6.40 0.14
96.5044 15.1499 7.14 1.23
96.5223 62.6901 7.36 1.62
96.5398 -3.5157 6.42 1.04
96.5427 18.7569 6.78 0.94
96.5549 -7.3614 7.38 -0.10
96.5843 2.3178 7.40 1.52
96.5900 41.9595 7.07 1.03
96.6048 -0.7767 6.79 -0.02
96.6077 56.2851 5.53 0.24
96.6158 -19.3250 7.12 0.21
96.6435 -4.5974 6.16 -0.15
96.6572 15.5237 6.88 -0.04
96.6608 -33.4155 7.14 0.92
96.6634 13.1012 6.60 0.56
96.6649 -1.5073 5.87 0.07
96.6777 -14.6034 6.32 1.24
96.6808 0.4542 6.88 1.07
96.6869 -7.5119 6.35 -0.06
96.6969 -88.7437 7.36 -0.02
96.7036 58.4174 5.21 1.54
96.7431 -4.4593 6.91 1.38
96.7451 0.8410 6.70 0.04
96.7536 -4.3557 6.50 -0.15
96.7672 -58.0021 5.82 1.28
96.7782 -32.1668 7.16 0.79
96.7816 -37.8955 6.48 0.39
96.7974 -25.8565 6.05 0.55
96.8004 -60.7286 6.97 1.22
96.8073 0.2992 5.19 1.19
96.8150 -0.2760 5.55 1.38
96.8157 14.8892 6.57 0.10
96.8352 2.9083 5.55 1.03
96.8664 5.1754 6.72 0.37
96.8980 32.5629 6.43 1.26
96.9036 -15.3062 7.48 -0.07
96.9096 48.7769 7.31 0.58
96.9180 30.6452 6.95 1.19
96.9193 18.2239 7.47 0.46
96.9440 20.7895 6.54 1.25
96.9526 -62.1499 6.61 0.09
96.9623 47.4049 6.55 -0.04
96.9861 20.4963 6.22 0.04
96.9899 -4.7622 5.06 -0.17
96.9960 -13.1606 7.08 -0.03
97.0425 -32.5801 4.47 -0.17
97.0582 5.2723 7.39 -0.04
97.0603 70.5353 6.03 0.10
97.0610 -77.2909 6.94 0.06
97.0699 1.9127 6.48 -0.06
97.0784 10.3039 6.16 1.15
97.1169 16.2384 6.24 0.89
97.1420 30.4930 5.75 0.78
97.1559 -17.4660 5.76 1.12
97.1593 -0.7211 6.80 0.49
97.1635 -32.3713 5.74 -0.16
97.1767 -41.0749 6.32 0.39
97.1780 34.8647 7.16 0.09
97.1920 36.4800 7.15 0.61
97.1961 -0.5724 6.52 0.78
97.2045 -7.0331 3.76 -0.11
97.2106 52.4488 6.94 0.96
97.2182 0.1280 6.56 -0.04
97.2288 52.1259 7.25 0.44
97.2349 26.9675 6.57 0.55
97.2408 20.2121 4.13 -0.12
97.2507 11.0192 6.59 0.29
97.3117 2.6462 6.17 1.54
97.3565 -22.5911 6.80 0.07
97.3681 -11.4642 7.47 0.10
97.3688 -56.8528 5.20 1.09
97.4037 -3.5517 7.22 1.04
97.4079 -17.0114 7.06 0.00
97.4545 -50.2391 5.28 0.37
97.4804 -59.5907 6.81 0.36
97.4831 7.1120 7.12 -0.12
97.5096 7.9211 6.63 1.55
97.5124 46.6856 5.88 1.45
97.5125 -65.5682 6.28 0.33
97.5233 9.0297 6.57 0.12
97.5470 -10.0815 5.92 1.37
97.5492 -19.2149 6.44 1.68
97.5911 22.5449 6.98 0.03
97.5917 28.2121 6.85 0.17
97.5940 60.1465 6.80 0.06
97.6052 41.4017 6.70 -0.01
97.6117 -3.0221 6.96 1.09
97.6144 -4.6968 7.47 -0.07
97.6217 4.3324 7.35 -0.14
97.6241 -14.9544 6.75 -0.01
97.6372 5.8670 6.70 0.25
97.6384 -12.0810 6.58 1.08
97.6453 -13.1482 6.16 -0.14
97.6605 -22.3218 7.16 -0.17
97.6695 -40.4481 6.68 -0.11
97.6929 -27.7696 5.92 -0.16
97.6963 58.1626 5.86 0.93
97.7151 -35.0004 7.14 0.21
97.7488 32.8054 7.43 1.63
97.7496 -40.9163 6.19 1.40
97.7546 -66.8707 7.22 1.36
97.7629 39.7546 6.66 0.00
97.7689 -43.7171 6.68 0.98
97.7898 11.2514 6.17 -0.12
97.7944 -61.8795 6.15 -0.15
97.8013 -70.5160 7.38 0.56
97.8046 -35.2588 5.82 0.81
97.8157 -49.6169 7.41 1.06
97.8262 -51.8260 5.58 0.53
97.8395 2.9113 7.14 0.71
97.8460 -12.3920 5.16 1.26
97.8500 -32.8685 6.31 1.67
97.8510 -12.5597 6.80 -0.16
97.8729 -21.4055 6.58 0.26
97.8816 37.1780 6.64 0.94
97.8956 -36.9400 6.26 1.60
97.8960 16.8283 7.04 1.49
97.9004 -5.3687 7.46 -0.08
97.9028 32.1662 7.15 -0.07
97.9060 15.9035 6.38 0.28
97.9141 11.7923 6.64 -0.12
97.9188 5.7691 7.21 -0.02
97.9369 2.0164 7.46 -0.08
97.9419 6.7855 7.28 0.82
97.9512 11.5444 5.22 0.18
97.9586 -8.1582 5.43 1.37
97.9640 -23.4184 4.34 -0.24
97.9813 4.9429 6.75 0.09
97.9819 -18.0623 6.59 1.45
97.9843 -29.3097 7.47 1.08
97.9930 -58.7538 5.69 -0.06
97.9977 22.1857 7.25 0.02
98.0298 6.0356 6.70 -0.04
98.0388 4.8235 7.29 0.15
98.0632 -7.4080 7.28 0.26
98.0705 62.7652 7.42 1.15
98.0730 8.8180 6.98 0.32
98.0743 17.7796 6.91 0.40
98.0773 17.7843 6.26 0.54
98.0800 4.8560 5.88 1.00
98.0816 -45.3101 7.16 1.07
98.0862 15.7062 7.18 0.69
98.0891 -37.6967 5.25 0.98
98.0964 -5.8688 5.60 0.26
98.0970 11.6735 6.08 1.07
98.1133 32.4549 5.82 0.19
98.1352 -21.0218 7.25 -0.14
98.1526 -44.2209 7.30 0.20
98.1624 -32.0304 5.73 -0.18
98.1653 15.0210 7.25 1.12
98.1676 35.2937 6.79 1.14
98.1779 3.8145 7.28 0.52
98.1877 35.0629 7.04 1.26
98.1923 -27.4044 6.89 0.55
98.1931 -61.8279 6.85 1.26
98.1953 -11.1664 6.30 1.10
98.2057 46.9229 7.05 1.64
98.2259 7.3330 4.47 0.02
98.2404 -48.5445 6.96 0.47
98.2469 -8.9641 7.37 0.07
98.2493 39.7846 7.45 0.06
98.2667 78.9795 6.61 1.27
98.2758 1.2733 6.88 1.75
98.2903 46.4762 7.02 -0.04
98.2927 -38.6252 6.44 1.00
98.2993 -37.8220 7.25 0.33
98.3509 78.1685 7.11 0.02
98.3596 -52.3292 6.18 1.09
98.3611 -20.9240 6.39 0.82
98.3640 -32.2264 6.96 1.45
98.3905 -20.1391 7.50 0.40
98.4007 14.1552 5.57 1.10
98.4080 -1.2202 5.09 -0.13
98.4160 -26.3296 7.20 0.02
98.4212 -7.2035 7.49 0.02
98.4240 39.4461 7.05 1.48
98.4277 33.0240 6.53 0.06
98.4562 -36.2320 5.42 1.42
98.4901 52.4614 6.91 0.31
98.5105 -77.6877 6.66 0.49
98.5152 22.1177 7.42 0.43
98.5296 22.1241 7.18 0.27
98.5338 -29.6296 6.82 0.30
98.5350 2.8987 6.90 0.40
98.5426 -42.0990 7.35 0.93
98.5758 -4.9001 7.26 -0.14
98.5807 38.0760 6.66 0.98
98.5854 -2.9057 7.37 0.32
98.5902 3.3065 7.25 0.90
98.5903 -3.0741 6.59 1.42
98.6334 -11.2297 7.43 0.41
98.6367 55.3530 6.45 1.55
98.6472 -32.7163 5.62 -0.09
98.6484 4.9679 6.68 1.49
98.6602 43.0655 7.49 0.34
98.6638 19.4290 7.07 0.01
98.6742 38.5401 7.30 0.68
98.6807 -34.0094 6.69 0.25
98.6909 -20.5574 7.02 0.10
98.6930 7.5725 6.44 -0.01
98.7133 -19.6467 7.32 1.51
98.7237 16.2058 6.61 0.90
98.7260 -30.0920 6.94 1.63
98.7364 16.7638 7.22 -0.13
98.7394 15.3305 7.06 0.94
98.7441 -52.9756 4.35 -0.02
98.7508 -35.0493 7.32 1.00
98.7583 31.4346 7.03 1.18
98.7641 -22.9648 4.54 -0.04
98.7756 37.0644 7.40 1.01
98.7796 12.6689 7.06 0.25
98.7884 -61.1732 7.42 0.20
98.8003 28.0223 5.26 -0.01
98.8160 0.8902 5.78 0.00
98.8215 -4.7899 7.30 1.16
98.8233 9.9883 5.93 1.51
98.8418 37.7153 7.01 0.80
98.8419 -38.8088 7.47 0.05
98.8509 -36.7799 5.59 -0.13
98.8622 80.5732 7.16 1.35
98.8784 -22.1091 6.32 1.03
98.8911 -36.2594 7.14 0.04
98.8941 -50.2961 7.02 1.18
98.9137 -47.4335 7.41 1.14
98.9618 -16.1028 7.39 -0.04
98.9646 17.2000 7.48 0.02
98.9696 -48.2799 7.44 1.13
98.9742 17.6925 7.26 1.13
98.9752 -36.0886 6.36 0.49
98.9757 -11.3743 7.08 1.07
98.9779 43.7058 6.87 0.98
98.9971 32.2907 7.33 0.14
98.9974 31.4792 6.90 1.63
99.0004 4.4980 6.55 -0.05
99.0089 16.7970 6.73 0.44
99.0093 56.3861 6.56 0.40
99.0183 13.6940 7.22 0.26
99.0226 -24.8661 7.45 1.20
99.0393 -28.8355 7.04 1.02
99.0524 -36.1384 7.23 0.62
99.0628 58.1068 6.61 0.50
99.0808 -26.5348 7.46 1.27
99.0851 -19.4921 7.41 -0.02
99.0952 -18.6599 5.71 0.85
99.1000 59.6645 6.84 0.10
99.1079 6.0832 6.87 -0.07
99.1094 27.2784 6.89 0.65
99.1133 -57.5392 7.16 0.42
99.1144 -50.3228 7.22 0.92
99.1165 -31.8869 6.87 0.37
99.1202 15.7501 7.36 0.25
99.1368 38.4455 5.40 2.77
99.1472 -5.2111 5.52 -0.08
99.1503 33.3906 7.37 1.05
99.1710 -19.2559 3.95 1.04
99.1711 -22.6147 6.35 -0.12
99.1765 23.0980 7.01 -0.11
99.1942 -13.3210 5.95 1.56
99.2136 -41.5571 6.36 1.15
99.2579 -38.1465 6.03 1.03
99.2612 -41.2499 7.32 1.59
99.2639 -28.7062 7.49 0.97
99.2645 5.5194 7.14 0.33
99.2739 -2.1790 7.10 -0.04
99.3077 -36.9907 5.72 -0.11
99.3332 -43.4513 6.87 -0.15
99.3502 6.1354 6.05 0.02
99.3637 24.5909 6.44 0.10
99.3834 -8.2356 7.22 -0.01
99.3913 12.1806 6.84 0.72
99.4008 -55.3437 6.88 0.96
99.4037 10.8533 6.39 1.35
99.4100 56.8575 5.87 0.01
99.4106 -70.6037 7.34 0.52
99.4115 22.7164 7.37 1.46
99.4180 2.7042 6.17 1.08
99.4193 55.3592 7.38 0.16
99.4200 -12.9851 6.11 0.99
99.4230 61.4812 5.94 0.90
99.4279 16.3993 1.93 0.00
99.4403 -43.1959 3.17 -0.10
99.4484 -32.3397 5.25 1.18
99.4616 0.5271 7.13 0.07
99.4635 -8.7817 7.41 1.07
99.4686 23.6044 6.65 0.88
99.4696 4.9567 6.14 0.09
99.4710 2.2694 7.28 0.00
99.4726 -18.2375 4.42 1.14
99.4798 73.6956 6.26 0.40
99.5016 -61.5334 6.15 0.62
99.5203 30.8897 7.34 0.12
99.5289 59.4495 7.46 0.95
99.5494 7.1482 7.43 0.11
99.5788 24.4504 6.75 0.28
99.5833 57.1917 6.73 0.93
99.5852 -2.5439 6.14 1.47
99.5955 -23.5803 6.48 0.66
99.5959 28.9844 5.76 -0.00
99.5959 -52.9321 6.74 1.56
99.6065 -66.0856 7.15 1.09
99.6193 4.6072 7.14 0.11
99.6476 -16.8735 6.01 0.04
99.6516 61.4777 6.96 0.29
99.6568 -48.2202 5.05 1.00
99.6591 1.6135 6.23 0.09
99.6603 -60.1830 7.06 -0.09
99.6648 39.3909 5.70 1.37
99.6651 -37.9960 7.15 -0.10
99.6698 41.5815 6.87 0.02
99.6901 -16.2609 7.10 0.02
99.6997 6.9019 6.94 0.00
99.7049 39.9026 5.34 -0.07
99.7059 4.7006 6.56 -0.07
99.7194 33.0180 7.12 0.37
99.7453 41.4948 7.48 1.64
99.7649 -18.1858 7.13 1.65
99.7721 22.0309 6.09 1.03
99.8197 -14.1458 4.82 1.46
99.8326 42.4889 4.80 1.24
99.8615 -43.4273 7.18 1.53
99.8812 24.6002 6.43 0.52
99.8880 28.2631 6.02 -0.09
99.9009 -23.6957 6.05 -0.03
99.9057 -52.8325 7.19 1.49
99.9278 -30.4705 5.70 1.13
99.9305 -53.4514 7.34 0.17
99.9316 58.0950 6.96 0.30
99.9439 -1.3801 6.92 1.25
99.9451 -43.4029 7.40 -0.14
99.9488 12.9828 5.99 0.06
99.9871 -38.1590 6.59 1.18
99.9912 44.0141 6.35 1.22
100.0087 19.6578 7.28 1.19
100.0121 -80.8136 5.61 0.21
100.0175 -17.2936 7.47 0.49
100.0223 23.6738 7.43 0.40
100.0538 44.3329 6.75 1.03
100.0657 -4.4613 7.23 1.55
100.0692 79.5995 6.74 0.07
100.0786 -6.3463 6.91 1.61
100.0887 40.9697 6.82 0.47
100.1047 -21.3901 7.46 0.24
100.1202 77.9958 5.75 1.49
100.1307 61.9225 6.58 0.16
100.1331 6.3713 6.51 -0.14
100.1344 71.7488 5.88 1.22
100.1441 -28.2656 7.19 0.93
100.1771 40.1685 7.17 0.63
100.1973 56.8838 7.41 0.05
100.1977 -47.6215 6.66 -0.14
100.2061 -47.6747 6.71 1.60
100.2388 -12.1823 6.92 0.05
100.2399 -71.7752 6.50 1.11
100.2444 9.8958 4.66 -0.23
100.2479 56.0993 7.18 1.00
100.2484 64.9869 7.38 0.98
100.2577 -7.5726 6.84 1.54
100.2636 20.6455 7.40 0.96
100.2679 53.3985 7.50 0.53
100.2727 0.4953 5.79 -0.09
100.2825 -30.6456 7.23 -0.06
100.2892 39.2345 7.25 1.06
100.2892 8.9847 6.53 0.65
100.2957 -34.5107 7.33 1.48
100.3090 -40.3498 6.16 -0.15
100.3218 11.0032 6.19 1.68
100.3271 29.7136 7.05 1.21
100.3371 28.1966 6.45 1.09
100.3414 16.3976 6.28 -0.02
100.3434 -7.1687 6.96 -0.12
100.3578 0.9573 7.43 0.01
100.3743 6.1108 7.00 0.22
100.3784 -20.3176 6.88 0.97
100.4073 35.9319 6.48 0.51
100.4609 14.2167 6.80 0.05
100.4779 2.5818 7.14 1.21
100.4849 -9.1675 5.21 1.52
100.4883 -20.2497 6.85 0.90
100.4968 6.3454 6.36 -0.08
100.4987 -16.0072 6.94 -0.03
100.5195 3.2483 7.05 0.12
100.5217 -15.2153 6.97 0.56
100.5305 -6.1143 7.04 -0.14
100.5498 25.4685 7.35 1.62
100.5683 -38.3988 6.28 0.35
100.5714 7.3978 6.86 1.63
100.6014 17.6453 5.20 0.06
100.6065 -67.8431 6.72 -0.04
100.6149 -23.2326 7.07 -0.13
100.6221 66.1978 7.07 0.58
100.6368 29.3752 7.46 -0.01
100.6375 59.6975 7.41 1.60
100.6433 38.8920 7.04 0.36
100.6434 -41.8153 7.45 1.11
100.6566 -3.8357 7.28 0.05
100.6677 47.7355 7.29 0.50
100.6808 -32.7128 6.76 0.28
100.6876 32.5589 6.74 1.47
100.6919 -22.4486 6.26 0.32
100.6978 -4.1409 6.57 0.50
100.7035 -50.4518 7.02 -0.14
100.7166 56.6931 7.34 0.24
100.7594 -13.6981 7.14 0.05
100.7708 44.5245 5.04 1.48
100.7752 -29.2373 7.28 -0.00
100.7776 3.0338 6.18 1.37
100.7913 -28.3528 7.29 0.05
100.8048 -0.0213 7.49 1.03
100.8072 37.1474 6.21 1.03
100.8098 -21.8624 7.27 -0.14
100.8309 49.4037 7.46 1.05
100.8473 -39.1931 6.30 0.26
100.8620 5.8488 7.16 1.00
100.9031 -73.1182 6.36 0.96
100.9048 -37.7738 7.32 1.03
100.9110 3.9325 5.88 -0.05
100.9466 18.6559 7.48 0.95
100.9731 -25.5350 6.70 0.93
100.9736 -27.5914 7.46 0.04
100.9830 25.1311 3.06 1.38
100.9971 13.2280 4.49 1.17
101.0217 62.9630 6.61 1.40
101.0408 -54.7307 6.68 -0.08
101.0479 53.2959 6.28 1.09
101.0490 36.9940 7.49 0.32
101.0522 36.1093 6.37 0.07
101.0533 -54.6955 6.47 -0.12
101.0724 40.6229 6.84 1.59
101.1028 56.9330 6.90 1.66
101.1058 3.1416 6.81 0.79
101.1117 5.2061 7.24 1.03
101.1186 -31.0705 5.23 -0.13
101.1200 76.5859 7.15 0.92
101.1253 20.6930 7.05 0.01
101.1263 82.1153 6.61 0.18
101.1842 -61.2242 6.95 1.43
101.1848 -19.0530 7.32 -0.08
101.1894 28.9709 5.42 1.45
101.1942 44.5055 6.64 1.22
101.2122 -18.5705 7.07 0.25
101.2151 59.4493 7.07 0.39
101.2165 -27.3417 6.43 0.55
101.2288 20.8607 7.20 0.56
101.2319 -70.4338 6.10 1.33
101.2348 22.8374 6.76 0.20
101.2606 -30.5864 6.53 -0.11
101.2779 -1.0210 7.45 -0.07
101.2872 -16.7161 -1.44 0.01
101.2905 39.3681 6.93 0.35
101.2917 -18.2683 6.90 0.99
101.2917 30.8259 7.27 0.31
101.2937 -47.2227 7.22 -0.16
101.2967 -0.0432 7.02 0.21
101.3056 -46.8533 7.49 -0.14
101.3102 53.0861 7.04 1.59
101.3107 13.3359 7.28 0.31
101.3224 12.8956 3.35 0.44
101.3457 -31.7937 5.92 0.49
101.3470 23.6462 7.16 1.30
101.3474 -23.4624 6.04 1.21
101.3479 24.6725 6.95 1.65
101.3553 -65.0442 7.18 1.64
101.3586 -52.2009 6.56 1.07
101.3606 9.7657 6.65 0.33
101.3706 44.2334 7.47 0.61
101.3800 -30.9490 5.62 -0.14
101.3879 4.5941 7.04 0.04
101.3962 27.6732 6.70 1.34
101.4292 -20.8527 7.44 1.27
101.4582 2.4993 7.22 -0.06
101.4586 -0.7165 6.78 -0.03
101.4738 -52.4097 5.81 1.55
101.4758 12.6936 6.47 0.34
101.4894 -20.7750 6.91 1.51
101.4906 -7.3389 7.13 0.04
101.4963 38.9702 7.29 -0.03
101.4975 -14.7961 5.30 0.07
101.5134 -39.5403 6.62 -0.12
101.5300 -20.7543 7.25 0.57
101.5432 23.3712 6.51 0.84
101.5471 42.2656 6.88 1.60
101.5506 -37.7753 6.19 -0.12
101.5560 -83.9915 7.46 0.46
101.5568 -34.2428 7.05 0.14
101.5589 59.4417 4.86 0.08
101.5601 79.5648 5.44 0.53
101.5684 -29.5611 6.91 0.88
101.5863 50.3804 7.31 0.01
101.5879 18.8377 7.07 -0.06
101.6076 -19.8779 6.75 0.96
101.6325 -8.9186 7.20 -0.01
101.6351 8.5872 5.92 -0.17
101.6369 9.2042 7.31 1.50
101.6375 -14.5237 6.69 0.08
101.6626 -10.1074 5.66 -0.05
101.6697 8.3631 7.04 0.38
101.6736 -54.6950 6.45 0.86
101.6847 43.5774 5.24 0.57
101.6860 -47.8045 6.95 1.40
101.7056 16.7725 6.83 0.41
101.7063 57.1692 5.34 0.96
101.7129 -14.4260 5.28 -0.02
101.7195 -51.2657 5.39 1.33
101.7438 -87.0250 6.46 0.43
101.7549 80.2423 7.32 1.20
101.7562 -21.0154 6.07 -0.16
101.8046 22.1945 7.00 1.15
101.8280 -55.5400 5.60 1.55
101.8302 18.3228 7.31 0.10
101.8326 8.0373 4.77 1.40
101.8392 -37.9297 5.27 -0.08
101.8449 -48.5636 6.84 0.30
101.8477 18.1935 6.35 0.07
101.8701 -76.8515 7.00 0.87
101.9013 -17.5086 7.05 -0.03
101.9051 -8.9985 5.08 1.79
101.9149 48.7895 5.22 1.13
101.9166 -81.0657 7.25 1.42
101.9480 21.6915 6.81 1.63
101.9481 0.3402 7.00 0.16
101.9652 2.4122 4.48 1.10
102.0479 -61.9414 3.24 0.23
102.0479 0.3050 7.39 0.56
102.0511 55.7042 5.54 0.55
102.0658 -57.6558 7.31 1.09
102.0758 -43.8008 7.41 0.16
102.0794 -1.3189 5.75 0.29
102.0898 -7.7546 6.90 -0.10
102.0905 41.3023 7.28 1.34
102.0999 6.2130 7.24 1.22
102.1142 -12.8406 7.03 -0.09
102.1490 -4.0759 7.02 0.55
102.1553 -28.2154 7.38 -0.03
102.1797 -43.8015 7.36 -0.12
102.1834 8.8662 6.92 0.90
102.2051 -34.9368 6.91 -0.02
102.2108 -29.7437 6.83 1.52
102.2151 -14.3892 7.49 1.33
102.2406 -15.1447 5.39 -0.10
102.2652 1.0021 6.16 -0.13
102.2778 -26.0635 7.23 1.12
102.2858 23.2019 6.80 0.01
102.2925 27.1904 6.66 0.14
102.3064 -46.7096 7.36 0.00
102.3139 22.3108 7.32 0.04
102.3161 -12.6679 7.24 0.09
102.3180 -28.9735 6.99 0.25
102.3184 -2.2720 5.75 -0.10
102.3389 43.7591 7.30 0.55
102.3613 -28.6522 7.43 0.97
102.3727 3.6917 7.18 1.35
102.3816 -45.5669 7.11 -0.03
102.3825 -32.5422 6.85 -0.08
102.3900 -41.4290 7.01 0.54
102.3990 -7.4124 7.14 1.40
102.4011 13.1905 7.42 1.31
102.4085 -24.1435 7.14 0.07
102.4221 32.6068 5.72 1.30
102.4302 25.4844 6.80 1.56
102.4333 -24.0761 6.31 0.05
102.4345 -1.3399 7.33 -0.09
102.4345 37.5127 6.49 1.55
102.4577 16.2029 5.87 -0.14
102.4602 -32.5085 3.50 -0.12
102.4638 -53.6224 4.41 0.90
102.4776 -46.6146 5.14 0.46
102.4840 -50.6146 2.94 1.21
102.4904 -45.4504 6.54 1.50
102.5041 46.1847 7.15 1.29
102.5042 -60.2491 6.11 0.46
102.5091 12.0581 6.85 1.81
102.5105 -66.2934 6.99 0.88
102.5244 6.2563 7.43 -0.08
102.5249 -27.3340 7.05 -0.18
102.5337 -12.5848 7.20 -0.13
102.5451 -33.8857 7.41 -0.04
102.5459 16.4537 7.05 0.82
102.5465 -39.0551 7.24 0.91
102.5514 5.6735 6.77 0.32
102.5518 35.0685 7.16 1.01
102.5695 -17.2920 6.62 0.03
102.5907 -17.0846 5.77 1.44
102.5973 -31.7061 5.74 0.09
102.6053 -69.9862 6.80 1.00
102.6062 13.4132 5.68 1.33
102.6540 -25.7784 6.32 -0.18
102.6609 -31.2763 7.16 0.88
102.6763 -8.0410 6.31 0.01
102.6803 -4.2662 6.87 -0.09
102.6915 41.7812 4.99 1.26
102.7076 -0.5409 5.78 0.40
102.7181 -34.3673 4.99 1.38
102.7194 -20.9104 7.16 -0.17
102.7379 67.5719 5.14 -0.15
102.7479 5.8423 6.97 0.51
102.7518 25.7604 6.98 0.60
102.7796 -47.3260 7.30 1.15
102.7845 -19.0135 7.03 0.21
102.8003 -10.0852 7.12 1.50
102.8121 15.0765 7.29 1.56
102.8272 -3.5138 7.23 -0.06
102.8583 -40.5503 7.45 -0.05
102.8624 -70.9634 5.41 -0.11
102.8857 -48.2928 6.42 1.21
102.8877 21.7611 5.28 -0.02
102.8892 -6.9665 6.58 0.03
102.8992 9.4401 6.84 1.36
102.9012 2.6510 7.29 0.49
102.9141 3.0420 6.37 0.05
102.9217 -2.4027 6.64 1.38
102.9268 -36.2303 5.94 0.18
102.9406 5.0844 6.91 0.01
102.9470 86.6843 6.59 1.18
102.9493 46.4999 7.41 1.05
102.9659 -2.1760 6.86 0.52
102.9748 6.6068 7.44 1.03
102.9925 25.6630 6.75 0.16
103.0000 23.6017 5.68 1.47
103.0085 -33.9156 7.21 0.61
103.0099 -11.2045 7.41 0.72
103.0506 -5.6454 7.28 -0.06
103.0752 -5.1737 6.58 1.07
103.0953 -5.3163 6.30 0.98
103.1513 39.9289 7.05 1.23
103.1531 -70.5101 7.14 1.35
103.1625 7.8222 7.47 -0.02
103.1651 -42.5044 6.52 0.42
103.1696 -21.1843 7.46 -0.11
103.1716 -26.1166 7.02 1.55
103.1893 -59.3412 6.41 0.18
103.1916 -16.2122 7.14 -0.10
103.1959 -54.0903 6.56 1.08
103.1964 -43.9756 6.47 -0.10
103.1972 33.9613 3.60 0.10
103.2061 8.3804 5.75 0.27
103.2279 -12.1545 7.13 0.26
103.2471 2.7435 7.09 1.11
103.2485 -42.6276 7.23 0.52
103.2513 -26.9576 6.33 1.41
103.2559 38.8692 6.10 0.41
103.2647 35.7880 6.03 1.46
103.2711 59.4485 5.34 0.68
103.2756 25.3115 7.41 0.33
103.2816 44.8399 6.24 0.24
103.3058 38.4380 6.32 0.52
103.3090 10.5905 7.39 -0.08
103.3284 -19.0328 5.65 0.28
103.3410 -18.9328 6.13 0.16
103.3420 -24.6844 6.52 0.09
103.3433 10.9967 6.30 0.96
103.3591 51.5180 6.95 0.44
103.3871 -20.2243 4.82 -0.21
103.3913 -28.5398 6.05 0.71
103.4260 68.8883 5.11 -0.11
103.4368 -9.5155 7.05 0.57
103.4486 -11.2636 7.24 1.23
103.4811 -24.5388 6.23 0.02
103.4878 38.5050 6.46 -0.04
103.5095 -50.6116 6.24 0.99
103.5252 6.6877 7.09 0.98
103.5316 32.5114 6.95 0.00
103.5331 -24.1842 3.89 1.74
103.5358 -5.8522 6.39 0.17
103.5475 -12.0386 4.08 1.42
103.5543 -23.9283 6.65 -0.06
103.5617 -34.2229 7.33 -0.02
103.5783 -6.3892 7.29 -0.09
103.5838 -31.8016 6.86 -0.11
103.5888 21.1613 6.51 1.40
103.6028 -1.1270 5.44 0.17
103.6112 -42.3656 6.32 2.29
103.6359 50.0449 7.35 0.05
103.6610 13.1778 4.73 0.32
103.6657 15.8379 6.57 0.92
103.6672 6.7241 7.22 0.18
103.6752 -1.7565 6.20 0.49
103.6784 24.2456 6.84 0.58
103.6915 48.9051 6.99 0.15
103.6946 42.9479 7.41 0.18
103.7215 -14.8627 7.50 0.56
103.7365 21.5714 6.98 -0.02
103.7455 -2.8036 6.03 1.10
103.7614 -20.4049 5.80 0.05
103.7799 -38.5565 7.45 1.00
103.7863 -2.4813 7.33 1.06
103.8001 -15.7035 7.32 1.50
103.8111 43.9100 6.16 0.31
103.8114 -29.0385 7.02 0.52
103.8133 45.8264 6.31 0.94
103.8161 -70.4891 7.07 -0.03
103.8278 25.3757 5.74 0.57
103.8830 37.9154 6.73 0.94
103.8870 -22.0375 6.78 -0.17
103.8942 8.3243 6.28 0.04
103.9020 -33.8068 6.99 1.15
103.9060 -20.1365 4.66 0.37
103.9206 -68.5057 6.86 1.13
103.9455 -22.9414 5.29 -0.16
103.9707 -25.5181 7.18 0.44
103.9718 -56.9424 7.39 0.58
103.9760 -1.5854 7.34 0.23
103.9782 -31.7902 6.36 -0.15
103.9842 27.2859 7.21 -0.07
104.0277 -14.0434 5.00 1.18
104.0343 -17.0542 4.36 -0.06
104.0507 12.5805 7.36 1.01
104.0569 8.7454 7.03 1.20
104.0666 -48.7211 4.94 1.67
104.0689 17.7371 6.75 1.06
104.1076 9.9566 5.90 -0.09
104.1336 46.2740 5.85 -0.08
104.1386 0.1063 7.47 1.03
104.1424 -22.6449 7.35 1.28
104.1424 1.1621 7.41 0.69
104.1437 -79.4202 5.45 0.04
104.1459 -8.3337 6.93 0.24
104.1904 -35.3413 6.27 1.28
104.1933 -51.0160 7.24 1.16
104.2024 20.9672 7.43 -0.11
104.2151 -3.6924 7.13 0.42
104.2336 46.7054 5.88 1.09
104.2491 24.6428 6.83 0.95
104.2504 -8.1793 6.31 0.64
104.2522 33.6810 5.91 0.88
104.2572 -19.4390 6.64 0.47
104.2632 -17.0986 6.92 1.36
104.2891 -10.8245 6.90 0.28
104.3047 57.5633 6.03 1.50
104.3115 -22.2029 6.64 -0.19
104.3192 58.4228 4.35 0.85
104.3233 -35.5072 6.23 0.47
104.3271 37.3947 6.48 1.67
104.3501 -56.1013 7.34 0.96
104.3566 11.9076 6.26 0.35
104.3660 43.2293 7.47 1.22
104.3684 -55.6678 7.37 -0.08
104.3710 2.8880 7.49 0.27
104.3807 -43.7886 7.30 -0.05
104.3829 -16.8895 7.24 0.19
104.3886 19.7289 7.42 0.25
104.3913 -24.6308 5.45 0.39
104.3947 -23.1579 7.34 0.65
104.3991 -35.4665 7.27 1.31
104.4046 45.0941 4.90 0.03
104.4276 -27.5375 6.22 -0.15
104.4288 17.9020 7.16 -0.13
104.4394 -52.6485 6.91 0.48
104.4751 41.7055 6.84 1.02
104.4873 -49.1467 7.38 -0.06
104.4909 2.2922 7.47 0.30
104.4958 -10.7859 6.70 1.17
104.5029 -46.0959 6.83 -0.06
104.5029 63.0406 7.49 0.19
104.5275 14.2287 7.30 -0.11
104.5297 -9.0273 7.03 1.50
104.5315 -27.1644 6.36 -0.19
104.5347 -30.7465 7.13 0.87
104.5355 -10.3157 6.58 1.39
104.5489 22.4759 6.94 0.62
104.5560 14.2492 7.36 0.16
104.5730 3.8958 7.05 1.34
104.5895 6.1671 7.35 2.74
104.6010 -16.0546 7.14 -0.08
104.6046 -34.1117 5.07 -0.15
104.6173 -3.0237 7.20 -0.09
104.6329 19.2220 7.32 1.33
104.6490 -23.8808 6.73 0.03
104.6496 -25.4142 5.59 -0.16
104.6516 -56.3948 6.46 0.39
104.6530 -7.1858 7.12 0.81
104.6565 -28.9721 1.50 -0.21
104.6621 7.6223 6.25 0.10
104.6657 -55.7291 6.26 1.16
104.6739 -45.7676 6.23 -0.01
104.6821 -30.9980 6.41 -0.14
104.6976 26.0811 6.20 0.52
104.7376 3.6024 5.96 1.06
104.7499 -47.0233 7.28 -0.01
104.7518 -32.7223 6.76 0.83
104.7525 -26.4744 7.17 -0.17
104.7619 38.0523 6.02 1.22
104.7804 -60.8420 6.96 1.51
104.8339 42.3148 6.68 0.12
104.8341 7.3170 6.34 -0.11
104.8664 25.9142 6.40 -0.11
104.8823 0.9168 7.50 0.80
104.9136 -21.6029 6.26 -0.16
104.9187 48.6222 7.41 1.15
104.9230 -33.4757 6.62 0.20
104.9352 52.5724 6.66 1.39
104.9356 -28.3997 7.23 -0.17
104.9390 -83.7524 7.42 1.04
104.9607 -67.9164 5.18 1.40
104.9617 -41.0016 7.02 1.18
104.9675 11.8020 7.37 1.32
104.9684 -15.0217 7.39 0.40
104.9990 -61.3362 6.81 0.79
105.0115 -30.0783 7.09 1.49
105.0162 76.9774 4.55 1.36
105.0293 29.7721 7.18 1.53
105.0345 -20.1584 6.32 -0.13
105.0407 -31.1417 6.62 0.44
105.0616 26.8784 7.47 0.94
105.0626 -19.8013 6.90 1.03
105.0659 16.0790 5.73 1.64
105.0753 15.5353 6.86 -0.13
105.0752 -5.3672 6.29 0.57
105.0807 -22.1191 6.53 -0.17
105.0872 67.3306 6.53 0.91
105.0878 -5.8267 7.21 -0.04
105.0934 -2.4321 7.20 1.13
105.0984 -49.1351 6.56 0.88
105.0990 -8.4068 5.95 -0.07
105.0994 15.2881 6.69 1.30
105.1041 1.9315 6.76 -0.13
105.1170 -22.6450 7.27 1.55
105.1462 -20.6403 6.71 0.29
105.1546 12.7234 7.39 0.20
105.1608 -15.3987 7.06 1.58
105.1630 16.9592 7.11 -0.05
105.1639 -9.2030 6.49 0.14
105.1684 23.4402 7.17 -0.09
105.1726 -20.6755 7.29 1.24
105.1771 -28.4896 6.28 0.45
105.1981 -25.6438 7.35 -0.12
105.2073 -33.4655 6.39 1.05
105.2145 -51.4026 5.14 1.65
105.2166 -19.4444 6.99 -0.00
105.2337 -0.6692 7.25 0.10
105.2443 10.6250 6.83 1.57
105.2581 -3.2525 7.22 1.84
105.2714 -58.9399 6.01 0.30
105.2731 -65.7065 7.33 0.46
105.2736 -40.7949 7.36 -0.02
105.2748 -25.2156 5.64 -0.17
105.2911 11.7746 6.77 0.11
105.2945 -30.6648 7.41 0.29
105.3072 -25.9487 6.71 0.88
105.3067 54.8567 6.92 -0.07
105.3209 32.4146 6.55 0.27
105.3262 -50.4667 7.25 -0.05
105.3392 70.8083 5.69 1.34
105.3900 -27.2229 6.95 -0.17
105.4150 -23.5014 6.73 1.61
105.4227 4.8181 6.64 0.05
105.4298 -27.9348 3.49 1.73
105.4384 69.6464 6.64 0.97
105.4467 -35.5479 6.58 -0.15
105.4563 -11.3009 6.54 0.02
105.4580 -10.8824 6.64 0.73
105.4705 -1.3459 6.20 1.29
105.4803 5.5572 6.59 -0.03
105.4849 -5.7221 5.22 1.69
105.4872 63.6769 6.61 1.51
105.4880 -17.6443 7.28 0.05
105.5051 44.4490 6.91 1.30
105.5107 -57.3158 7.32 0.43
105.5280 -3.7548 6.58 1.57
105.5300 25.4256 7.05 0.14
105.5316 -6.0224 6.84 1.49
105.5645 -43.4039 6.44 -0.04
105.5689 22.0962 7.36 0.93
105.5729 15.3360 5.78 1.14
105.5768 12.5817 7.28 0.11
105.5852 25.3644 7.37 0.27
105.5859 -42.6325 7.01 -0.14
105.6033 24.2154 5.20 0.95
105.6064 17.7555 5.96 1.52
105.6177 53.3838 7.47 0.03
105.6387 16.6744 5.86 1.66
105.6698 69.2082 7.33 1.64
105.6722 -17.5815 7.45 -0.03
105.6761 84.6629 7.35 0.88
105.6907 -49.9280 6.86 0.06
105.7057 -16.6994 6.77 1.15
105.7105 13.0894 7.50 0.49
105.7273 -24.5831 7.14 -0.07
105.7282 -4.2392 4.99 -0.20
105.7561 -23.8333 3.02 -0.08
105.7577 -24.2327 7.44 1.38
105.7715 -40.3575 7.47 0.28
105.7729 54.1741 7.42 0.95
105.8037 9.0235 7.18 0.51
105.8092 57.9300 7.12 1.58
105.8093 14.3361 7.15 0.26
105.8129 -59.1781 5.50 -0.12
105.8247 9.1384 5.96 0.13
105.8485 0.3440 7.32 -0.05
105.8525 -52.4253 6.53 -0.11
105.8558 -3.0254 7.49 0.14
105.8614 -4.2664 7.43 1.34
105.8735 -55.9482 7.30 1.19
105.8769 29.3371 5.93 0.59
105.8897 71.7581 7.15 0.52
105.8940 2.4373 6.99 0.84
105.9049 -2.4742 7.21 -0.11
105.9086 10.9518 5.14 1.39
105.9151 10.7703 7.39 0.41
105.9236 -0.5570 7.20 -0.04
105.9288 -25.0839 6.86 -0.17
105.9301 33.8934 7.47 1.06
105.9396 -15.6333 4.11 -0.11
105.9650 12.5942 6.01 1.58
105.9728 -13.0970 7.07 1.41
105.9734 -49.5839 4.92 0.14
105.9768 -50.6614 7.19 1.39
105.9889 -43.6080 5.56 0.62
105.9894 -10.1238 6.44 -0.07
105.9932 40.5822 6.97 0.88
105.9956 -43.6113 6.83 0.78
105.9959 47.0500 6.99 0.45
106.0002 -4.6235 7.44 1.90
106.0095 5.1320 7.31 1.41
106.0109 -12.2882 7.44 -0.11
106.0110 51.2859 7.28 1.14
106.0117 -42.3373 5.20 0.20
106.0148 36.3135 6.70 0.84
106.0170 75.2275 7.15 0.59
106.0219 -5.3240 5.63 1.29
106.0272 20.5703 4.01 0.90
106.0363 -64.4900 7.48 0.07
106.0397 18.6688 7.31 0.10
106.0628 75.4113 6.99 0.94
106.0712 37.5640 6.62 0.93
106.0764 -56.7497 5.14 -0.03
106.0817 4.0239 7.35 1.01
106.0841 1.4885 6.57 0.01
106.0943 4.5721 7.46 -0.03
106.1064 -10.4544 6.97 0.36
106.1596 -11.5241 7.22 0.00
106.1724 -40.4840 7.10 1.27
106.1852 -31.9455 7.35 0.46
106.1960 -22.0317 6.09 1.23
106.2234 -20.8301 6.89 1.68
106.2468 30.3623 7.29 0.90
106.2731 -20.2025 7.01 1.24
106.2754 -21.4502 6.68 1.01
106.2874 47.7750 6.37 -0.05
106.3182 -50.3600 6.47 1.42
106.3207 -34.1433 7.50 0.51
106.3265 22.6375 6.00 -0.03
106.3410 -8.1332 7.14 1.02
106.3834 -34.7777 6.15 0.35
106.3864 -40.6404 6.73 0.91
106.3945 14.4731 7.06 -0.11
106.4126 9.1858 5.78 1.51
106.4159 52.7586 6.17 0.10
106.4254 -12.8118 7.30 -0.11
106.4469 31.3933 6.64 1.64
106.4568 -10.6601 6.50 -0.06
106.4651 70.7319 6.49 1.57
106.4699 -1.0205 7.26 0.52
106.4825 15.1815 7.03 1.00
106.4902 36.5730 6.88 0.99
106.4907 -42.3275 7.21 -0.02
106.4949 33.7425 7.47 1.56
106.5020 -30.6557 6.34 -0.13
106.5051 59.8019 6.40 1.19
106.5094 -38.3829 6.09 0.70
106.5210 13.9858 7.44 1.46
106.5230 -45.9688 7.44 1.65
106.5483 24.8601 6.89 1.47
106.5483 34.4740 5.55 0.91
106.5596 -68.8376 6.47 1.04
106.5726 17.7444 7.19 -0.11
106.5862 -37.7096 7.50 -0.02
106.5872 -43.6108 6.52 -0.01
106.6446 -22.0147 7.33 0.96
106.6499 -12.3939 6.48 -0.12
106.6699 -11.2940 5.41 0.03
106.6976 -67.0162 7.30 0.94
106.7187 -24.9606 6.09 1.34
106.7473 -5.4716 7.32 0.43
106.7500 -26.6568 6.61 -0.17
106.7618 -25.7809 7.31 1.45
106.7770 4.9106 6.10 -0.13
106.7795 -40.8933 5.80 -0.16
106.7900 -29.5395 7.35 1.58
106.8054 -51.9683 5.96 1.00
106.8178 -59.7164 6.46 -0.11
106.8205 24.1684 6.73 1.64
106.8404 -9.9851 7.02 0.08
106.8433 34.0093 5.94 1.51
106.8441 -23.8407 5.75 -0.12
106.8537 28.1767 6.47 -0.08
106.8659 -52.2045 6.60 1.39
106.9238 33.1957 7.45 0.93
106.9562 7.4712 5.74 1.18
106.9566 -35.8145 7.34 1.26
106.9686 -15.7005 7.22 0.78
106.9869 -4.6779 6.92 0.30
107.0143 -11.9233 6.65 2.55
107.0263 44.0400 6.84 1.07
107.0277 -57.3311 6.87 0.36
107.0457 -31.4280 7.06 0.47
107.0553 33.8324 6.31 1.36
107.0910 16.1350 6.99 0.96
107.0912 -20.8594 6.82 1.51
107.0918 15.9307 5.47 1.02
107.0931 7.8814 7.02 0.01
107.0979 -26.3932 1.83 0.67
107.1153 -18.6030 7.18 1.63
107.1251 10.9253 7.14 0.03
107.1343 -12.8859 7.20 -0.02
107.1510 37.4451 6.19 1.21
107.1536 4.1761 7.02 1.60
107.1550 18.3014 7.44 1.12
107.1765 -70.4971 5.68 0.44
107.1826 17.6573 7.43 0.68
107.1868 -70.4989 3.78 1.01
107.2059 -24.0438 6.65 -0.19
107.2128 -39.6557 4.83 -0.18
107.2184 33.9339 6.54 1.49
107.2422 -45.3313 7.01 -0.07
107.2728 71.9594 7.02 1.33
107.2825 2.2531 7.23 1.31
107.2861 -31.9336 7.49 -0.12
107.2863 19.5466 7.31 1.43
107.3290 30.1477 7.28 1.08
107.3344 -10.3466 6.23 -0.02
107.3540 -60.3804 6.82 0.82
107.3572 36.5632 6.74 -0.02
107.3776 -35.9909 7.26 0.43
107.3846 -6.0439 6.96 0.24
107.3890 -16.2345 6.00 0.04
107.3975 25.7286 7.09 0.70
107.3990 -15.2432 7.11 0.19
107.4074 60.7921 6.64 1.09
107.4293 -25.2310 5.69 -0.16
107.4626 9.3089 6.72 1.51
107.4674 -16.2347 6.62 0.31
107.4748 13.1476 7.05 1.28
107.4875 -13.6161 7.17 1.03
107.4913 7.7246 6.65 1.55
107.5022 -28.7482 7.30 -0.17
107.5279 21.2470 6.43 0.88
107.5362 62.1359 6.96 1.52
107.5370 -15.6847 7.33 -0.08
107.5390 -18.6856 6.23 0.42
107.5516 -19.1984 7.37 0.29
107.5570 -4.2371 4.91 1.02
107.5805 -27.4915 5.46 1.00
107.6019 -55.5877 6.94 0.95
107.6256 -20.2748 7.49 0.21
107.6385 -7.8710 7.34 -0.00
107.6650 -41.2651 7.49 0.12
107.6802 32.6187 7.04 1.46
107.6957 -9.3360 7.41 -0.11
107.6979 -48.9321 5.12 1.25
107.7394 -67.0670 7.24 1.23
107.7489 -67.9614 7.17 1.32
107.7627 -3.8980 6.51 1.16
107.7849 30.2452 4.41 1.26
107.7938 -4.7033 7.02 0.29
107.7982 3.1916 6.73 0.97
107.8137 59.0646 7.47 1.02
107.8203 15.3322 7.23 0.40
107.8206 -70.1194 6.77 1.00
107.8241 -12.0414 7.13 0.67
107.8312 33.1119 7.16 0.43
107.8369 -10.4288 7.34 -0.08
107.8372 -21.8033 6.92 -0.06
107.8442 -39.1021 6.87 0.14
107.8461 26.8566 5.75 0.13
107.8484 -0.3019 5.44 0.31
107.8549 -17.3311 6.66 -0.03
107.8619 -27.7318 7.21 1.14
107.8693 60.2248 7.24 1.02
107.8707 30.4726 7.18 0.40
107.8750 26.4059 6.70 1.06
107.8814 55.6125 7.34 0.33
107.8820 -49.4242 7.50 0.70
107.9138 39.3205 4.91 1.45
107.9233 -20.8831 5.84 -0.04
107.9452 16.9763 6.50 1.42
107.9641 5.6547 6.07 -0.02
107.9661 -0.4928 4.15 -0.01
107.9811 -56.1555 6.67 0.97
107.9875 49.7898 6.67 1.59
108.0044 22.2790 7.37 0.50
108.0045 43.8430 6.88 0.02
108.0083 -63.1901 6.03 -0.01
108.0171 -30.8214 6.10 0.27
108.0225 -27.3349 6.92 -0.14
108.0312 5.4743 6.15 1.14
108.0424 -5.4449 7.24 1.45
108.0509 -25.9426 5.91 -0.17
108.0659 -40.4988 5.30 0.07
108.0727 -67.7827 7.33 0.74
108.1003 -31.9819 7.13 1.72
108.1007 -27.4748 6.59 0.19
108.1076 -36.5444 5.94 -0.14
108.1099 24.1286 5.85 0.40
108.1300 26.5645 7.36 0.91
108.1402 -46.7593 4.49 0.32
108.1892 -51.2118 7.20 -0.12
108.1929 21.3525 7.30 1.14
108.1931 -57.4907 6.64 0.02
108.2007 15.1783 7.46 0.00
108.2045 27.2248 6.46 0.50
108.2057 25.7487 7.05 -0.01
108.2207 -43.8852 7.27 0.04
108.2612 -24.2256 7.17 0.66
108.2675 31.9655 6.90 0.05
108.2800 -11.2513 5.77 1.51
108.2895 54.4937 7.05 0.12
108.3038 47.6068 6.75 0.30
108.3057 -45.1827 4.87 -0.00
108.3161 -64.8735 7.35 -0.06
108.3266 -0.2595 6.68 0.34
108.3428 16.1590 5.07 1.65
108.3475 51.4287 5.46 1.64
108.3490 13.7630 6.60 1.19
108.3501 -22.6742 5.99 1.48
108.3654 -29.1823 7.46 0.18
108.3722 -38.4911 7.46 0.00
108.3789 32.1454 7.37 0.28
108.3846 -44.6397 4.42 1.33
108.4019 -27.3564 6.12 -0.23
108.4054 47.2668 7.04 0.44
108.4162 -53.6678 6.70 -0.09
108.4356 -5.1555 7.19 0.85
108.4468 -31.0836 6.57 -0.17
108.4516 -22.9058 6.34 -0.18
108.4572 10.6908 6.95 1.00
108.4590 28.4940 6.99 0.01
108.4692 48.4988 7.26 -0.20
108.4708 16.5803 7.26 0.38
108.4795 78.7525 6.93 0.28
108.4889 -30.3398 6.32 -0.18
108.4914 -50.4716 6.79 -0.05
108.4917 71.8166 6.36 1.12
108.4953 -48.3025 7.45 0.36
108.5433 -46.3259 7.29 0.95
108.5452 -3.9018 5.80 1.58
108.5634 -26.3525 4.42 -0.17
108.5647 -9.9475 5.90 1.53
108.5836 3.1114 5.36 1.19
108.5941 -61.0698 7.17 0.44
108.6106 24.7111 6.88 -0.00
108.6177 -10.3162 6.02 -0.17
108.6343 -19.9911 7.35 -0.16
108.6359 12.1158 5.71 1.01
108.6418 20.5169 7.17 1.60
108.6424 -25.3024 7.32 -0.03
108.6530 -30.6549 6.92 0.78
108.6589 -48.2719 4.75 -0.09
108.6749 24.8850 5.84 1.55
108.6754 -23.4894 7.30 -0.18
108.6918 -46.8497 5.72 -0.11
108.6954 -37.2454 7.23 -0.17
108.7002 52.5456 7.30 0.31
108.7011 -15.4761 7.28 0.43
108.7027 -26.7727 4.01 -0.15
108.7132 -27.0380 5.58 1.22
108.7296 -28.9644 7.38 -0.17
108.7381 -41.4264 5.95 -0.15
108.7863 -14.6095 6.97 1.33
108.7994 -36.2256 7.39 -0.09
108.8124 5.8185 7.40 -0.10
108.8309 -0.1613 6.42 0.90
108.8378 -30.6864 5.36 -0.15
108.8385 -52.4992 5.96 1.10
108.8500 -42.0880 7.00 -0.07
108.8712 -58.5426 6.84 0.27
108.8757 9.4975 7.26 0.34
108.8784 -75.8649 7.49 0.54
108.8820 51.4491 7.26 1.05
108.8844 59.7749 7.16 0.95
108.8903 21.9666 7.02 1.59
108.9073 45.4095 6.51 1.15
108.9143 7.9777 5.78 1.54
108.9150 -58.8055 7.42 1.65
108.9283 19.8473 7.45 -0.11
108.9302 -10.5836 5.95 1.17
108.9471 -23.7403 6.34 -0.02
108.9589 47.2400 5.54 0.58
108.9790 59.6375 5.20 1.08
108.9845 -16.2353 6.87 -0.15
108.9882 27.8974 5.75 1.60
108.9993 -54.9616 7.37 1.22
109.0019 82.4405 7.22 1.61
109.0080 29.2551 7.47 -0.07
109.0080 64.7810 7.29 0.83
109.0249 -14.5100 7.04 0.15
109.0288 -30.4354 7.15 -0.18
109.0418 -54.0419 7.26 1.10
109.0607 -15.5857 5.46 0.08
109.0645 -46.7745 5.64 1.44
109.0808 -32.0417 6.92 1.62
109.0823 -50.0484 7.46 -0.04
109.1327 -38.3189 5.81 -0.13
109.1458 -27.8812 4.66 1.59
109.1518 1.8788 7.34 0.61
109.1535 -23.3156 4.83 1.60
109.1550 -64.1255 7.49 0.52
109.1598 -23.3109 6.02 0.32
109.1856 16.1471 6.75 0.42
109.1961 -13.6811 7.20 0.06
109.2021 24.5363 7.32 0.08
109.2059 -36.5926 5.03 -0.16
109.2076 -67.9572 3.97 0.76
109.2094 -25.1590 7.03 0.12
109.2384 -30.8970 6.30 0.20
109.2397 -71.7497 7.08 0.43
109.2507 9.4631 7.24 0.18
109.2642 26.6895 6.38 0.88
109.2679 -21.1892 7.01 1.02
109.2742 -14.8471 7.41 0.45
109.2791 -12.0339 6.72 0.44
109.2800 -28.6004 7.12 -0.01
109.2857 -37.0975 2.71 1.62
109.2897 33.0921 6.93 0.63
109.3150 26.3637 7.28 1.15
109.3241 6.6810 6.64 -0.11
109.3433 -29.1311 7.11 0.06
109.3572 -39.0248 7.38 -0.09
109.3609 -38.9133 6.77 1.35
109.3732 -46.9792 6.70 0.97
109.3773 31.6981 6.75 -0.06
109.3817 -5.8226 7.23 -0.08
109.3819 -6.6800 6.29 1.62
109.3905 52.1311 5.93 1.26
109.3969 -3.7480 7.38 -0.14
109.4105 9.2921 6.72 0.56
109.4191 40.9451 7.45 1.00
109.4277 38.8763 6.48 0.99
109.4500 -26.7976 6.45 -0.15
109.5092 40.8834 5.87 0.18
109.5170 30.9559 6.19 -0.02
109.5177 -43.9868 5.86 -0.12
109.5232 16.5404 3.58 0.11
109.5512 -22.3393 6.70 1.21
109.5767 -36.7340 4.65 -0.10
109.6332 49.4648 5.00 0.09
109.6338 -32.3468 6.99 -0.09
109.6392 -30.7988 7.01 -0.18
109.6396 -39.2103 5.24 0.03
109.6504 0.2787 7.30 0.26
109.6591 -36.7427 5.11 -0.17
109.6619 -63.3867 7.37 -0.04
109.6682 -24.5587 4.88 -0.16
109.6770 -24.9544 4.37 -0.13
109.6926 8.4868 7.09 1.05
109.7136 -26.5859 5.29 0.96
109.7189 38.6736 6.96 0.92
109.7313 0.0793 6.66 1.11
109.7348 -45.2973 7.17 0.52
109.7527 35.1579 7.11 1.34
109.7580 -19.2803 6.06 0.61
109.7606 29.1837 7.47 0.98
109.7654 -17.2133 6.79 1.08
109.7740 10.3150 7.37 0.17
109.7857 -38.0380 7.02 1.09
109.7913 -25.5659 7.47 -0.17
109.7970 -29.0131 7.41 1.27
109.8032 -24.9557 6.82 -0.17
109.8070 -33.7272 6.31 1.30
109.8167 -49.9780 7.26 1.07
109.8231 64.1158 7.39 1.15
109.8255 -58.0522 6.73 0.30
109.8267 -17.5249 6.70 -0.02
109.8338 -22.0498 7.02 -0.10
109.8410 -55.9708 7.42 1.30
109.8422 -8.7831 7.15 1.71
109.8432 2.7407 5.90 1.07
109.8436 36.6756 7.48 0.99
109.8674 -16.3952 5.70 0.35
109.8782 26.8229 6.96 0.97
109.8846 -61.1450 6.75 1.23
109.8949 10.3993 7.36 1.60
109.9485 7.1429 5.91 0.54
109.9655 -52.5650 7.41 1.03
109.9701 59.2529 6.75 1.47
109.9825 33.6144 7.26 0.14
109.9982 2.4604 7.35 0.25
110.0107 19.5208 7.21 1.26
110.0193 -4.9914 7.10 0.29
110.0200 -20.7041 6.99 0.01
110.0283 -3.9145 6.70 1.20
110.0285 15.1429 6.45 0.01
110.0307 21.9823 3.50 0.37
110.0399 16.1403 6.88 1.03
110.0547 -6.1380 7.42 1.03
110.0784 -8.5498 7.15 0.41
110.0893 -52.3115 5.50 0.48
110.0951 -22.0846 7.18 1.01
110.0952 28.1222 7.16 0.11
110.0957 -56.2946 6.57 0.11
110.1295 0.4036 6.88 -0.01
110.1356 -26.7002 6.74 0.25
110.1617 -52.0859 5.38 -0.07
110.1626 -52.1987 6.90 -0.02
110.1820 3.5817 6.88 -0.16
110.1930 -0.8468 7.48 0.32
110.2056 9.6538 7.50 0.46
110.2078 -6.1355 7.24 0.03
110.2081 -51.4046 6.79 0.12
110.2098 -32.4767 7.34 1.33
110.2212 -22.8504 6.59 -0.14
110.2255 -20.6491 7.17 0.21
110.2288 -26.9638 6.00 -0.17
110.2401 6.2376 7.17 0.97
110.2429 -14.3605 5.59 0.97
110.2570 -50.8542 7.31 -0.10
110.2629 42.6559 6.33 1.40
110.2681 -25.8916 5.87 1.60
110.3200 -8.8779 6.56 0.53
110.3230 45.2282 5.74 0.34
110.3374 13.1647 7.49 0.25
110.3423 -48.5271 6.83 -0.07
110.3437 -3.2886 7.20 1.55
110.3687 -28.1912 7.00 0.97
110.3787 37.6628 6.88 1.05
110.3943 -5.8972 6.60 -0.10
110.4213 -61.9514 6.92 -0.09
110.4613 75.0895 6.96 0.03
110.4869 20.4437 5.09 1.53
110.5076 -5.5707 7.42 0.00
110.5086 -8.9794 6.42 -0.19
110.5110 36.7606 5.12 1.08
110.5145 0.1771 5.99 -0.07
110.5344 -32.5873 7.13 -0.05
110.5559 38.9959 6.40 1.22
110.5564 -19.0166 4.94 -0.04
110.5630 50.1488 7.49 0.32
110.5683 -35.9162 6.68 0.56
110.5716 59.9020 6.36 0.28
110.5775 -2.9792 6.23 0.69
110.5818 -16.3113 6.98 1.41
110.5962 -20.5067 6.96 1.61
110.5983 -24.9039 7.02 1.42
110.6058 -5.9828 5.83 0.35
110.6180 0.7008 6.43 0.99
110.6285 -0.2593 6.78 -0.05
110.6486 -32.0460 6.82 -0.17
110.6493 62.8660 7.30 1.34
110.6805 -26.0113 7.15 -0.07
110.7006 -9.6320 7.37 0.55
110.7034 -16.7262 7.34 0.99
110.7118 55.2843 6.86 -0.05
110.7169 55.2814 5.80 -0.08
110.7374 -55.5772 6.89 1.04
110.7424 -3.8923 7.40 0.51
110.7529 -31.9238 5.40 -0.16
110.7558 15.3589 6.66 0.91
110.7692 18.2734 6.78 0.46
110.7734 17.4096 7.19 -0.04
110.7755 -62.2716 7.09 0.97
110.7787 -70.6366 6.75 1.08
110.8317 -36.3401 6.74 -0.13
110.8428 -53.5081 7.04 0.97
110.8521 -20.2303 7.35 0.33
110.8672 22.9453 6.17 0.01
110.8688 25.0505 5.04 0.90
110.8708 -27.8343 5.37 1.54
110.8829 -32.2021 5.41 -0.17
110.8841 -34.5180 7.48 1.07
110.9183 -30.4492 7.03 0.11
110.9254 -53.6693 7.22 -0.07
110.9495 16.6751 7.07 1.49
110.9498 80.6263 7.20 0.99
110.9630 -39.5378 7.10 1.03
110.9742 -17.4134 6.84 0.49
110.9768 -30.2170 6.61 -0.20
110.9931 -35.8378 6.32 -0.14
111.0001 10.9063 7.34 0.10
111.0054 -3.9789 7.10 1.43
111.0238 -29.3031 2.45 -0.08
111.0333 -28.8279 6.79 -0.15
111.0353 40.6724 5.23 1.25
111.0373 21.4578 7.28 0.09
111.0393 -58.4919 6.58 0.71
111.0514 -22.3625 7.27 1.56
111.0716 36.3109 7.14 0.40
111.0718 -22.9128 6.20 -0.09
111.0727 -18.3482 6.95 0.24
111.0758 3.1780 7.24 1.22
111.1024 10.2457 6.90 0.92
111.1152 15.5172 6.47 -0.19
111.1394 27.6379 5.77 0.37
111.1547 -71.4707 6.49 0.12
111.1564 -38.2733 7.42 0.43
111.1674 -16.2015 5.18 -0.04
111.1827 -31.8089 5.35 1.07
111.1973 -37.2912 6.14 0.26
111.2120 -19.0123 6.24 0.29
111.2379 51.8873 5.80 1.61
111.2424 11.6695 5.37 0.10
111.2783 -14.8832 6.76 0.04
111.2832 -21.1739 6.80 0.12
111.2847 -13.7520 5.79 0.43
111.2908 19.0055 7.47 1.06
111.3332 -21.9826 6.04 0.23
111.3415 81.2575 6.30 -0.03
111.3553 -25.2178 5.79 -0.10
111.3592 78.2540 7.23 1.23
111.3906 -19.4377 6.90 1.51
111.3971 20.4951 6.92 0.33
111.4091 -79.0942 5.54 1.28
111.4121 9.2761 4.99 0.99
111.4291 -31.7387 6.32 -0.18
111.4317 27.7981 3.78 1.02
111.4389 4.4459 7.11 1.10
111.4633 -5.7750 5.98 0.90
111.4665 48.5478 6.77 -0.05
111.4755 18.1475 6.93 0.90
111.4838 -14.1788 6.82 0.03
111.4884 -2.2485 6.99 0.57
111.4976 -42.1078 7.41 1.25
111.5101 14.1029 7.40 -0.09
111.5129 -18.3630 7.44 0.06
111.5141 -4.5374 6.78 -0.01
111.5151 -15.6659 6.88 0.62
111.5191 5.5801 7.05 1.04
111.5216 -26.7903 7.42 1.42
111.5274 31.8967 7.08 0.03
111.5306 -18.1215 7.29 -0.02
111.5557 -20.9063 7.18 0.10
111.5910 -51.0185 5.09 1.04
111.5922 -35.1767 7.42 1.06
111.6054 -10.0895 6.97 0.17
111.6139 18.5169 7.26 0.33
111.6158 10.6081 6.38 0.08
111.6423 -0.4695 7.02 0.12
111.6463 73.0827 7.35 0.32
111.6493 -13.1890 6.93 -0.01
111.6615 -23.0820 7.41 -0.02
111.6650 31.6200 7.14 0.89
111.6695 -23.7126 6.62 -0.00
111.6717 11.0088 6.39 -0.13
111.6769 -34.1407 5.90 -0.15
111.6786 49.2115 4.61 -0.00
111.6924 -5.8689 7.40 1.50
111.7094 21.5356 6.54 0.46
111.7347 20.2576 5.94 0.34
111.7399 75.6122 7.39 0.07
111.7439 43.2584 6.66 1.37
111.7447 -34.3122 7.03 0.49
111.7478 -23.0860 5.65 -0.13
111.7732 -68.6154 7.15 0.41
111.7833 -17.8649 5.60 0.31
111.7877 8.2893 2.89 -0.10
111.7880 11.9550 6.58 0.90
111.8291 1.4527 7.16 1.04
111.8498 39.3151 6.99 1.03
111.8565 -51.4026 6.72 0.69
111.8577 66.3316 6.47 -0.06
111.8581 15.3164 7.22 -0.01
111.8921 38.6661 6.92 0.90
111.8937 -18.4919 6.92 -0.08
111.9166 14.6763 7.43 1.56
111.9189 22.1415 6.78 1.68
111.9289 -22.8592 5.98 -0.09
111.9349 21.4452 5.20 0.46
111.9537 27.2925 7.34 0.93
111.9559 -28.3712 7.09 -0.12
111.9616 19.0448 7.24 0.73
111.9652 -11.5569 5.79 0.58
111.9818 -23.4898 7.48 0.96
111.9965 -29.1559 5.55 -0.05
111.9989 -2.8822 6.89 1.01
112.0038 26.2275 7.34 0.14
112.0080 -26.8390 6.26 1.51
112.0086 6.9420 5.22 0.22
112.0221 -19.1181 7.49 -0.09
112.0360 46.5217 6.86 0.11
112.0408 8.9255 4.33 1.43
112.0441 40.6566 7.39 0.70
112.0476 -58.0729 6.52 0.94
112.0484 45.9906 7.27 1.46
112.0704 -11.2653 7.49 -0.06
112.0958 -37.8102 6.54 0.06
112.0968 -35.2602 7.48 0.20
112.0997 61.8776 7.34 1.15
112.1031 21.5494 7.15 0.93
112.1431 -10.0438 6.63 -0.10
112.1663 27.5529 6.36 1.22
112.1711 -29.1187 6.67 1.12
112.1712 -21.8047 7.28 1.38
112.1747 2.2835 7.39 0.09
112.1814 47.9208 6.66 1.47
112.1837 34.4369 7.45 1.13
112.1969 15.1098 6.23 -0.04
112.2131 -31.8484 5.95 -0.16
112.2142 -64.5098 6.38 1.55
112.2145 48.1839 5.70 -0.09
112.2193 46.3146 6.42 1.20
112.2362 -34.9184 6.92 -0.12
112.2705 -31.4562 5.78 -0.18
112.2737 -38.8121 5.41 -0.15
112.2741 -18.8752 6.94 1.20
112.2779 31.7845 4.16 0.32
112.2972 12.7600 6.58 0.23
112.3035 11.5813 7.00 1.04
112.3059 14.3583 7.17 0.04
112.3077 -43.3014 3.25 1.51
112.3214 -34.1714 7.32 0.20
112.3278 -1.9053 5.60 1.49
112.3284 6.5821 6.58 1.00
112.3310 -13.1392 7.16 1.14
112.3350 -17.3449 7.15 0.64
112.3352 28.1183 5.07 0.12
112.3411 -14.9987 6.05 0.48
112.3421 -10.3267 5.75 1.62
112.3568 -7.5512 5.86 0.49
112.3781 19.6332 6.73 1.28
112.3788 35.1640 7.22 1.50
112.3977 7.8405 7.34 1.15
112.4390 -46.6895 7.41 0.03
112.4491 12.0066 4.55 1.28
112.4532 27.9161 5.01 1.12
112.4642 -23.0243 4.85 0.24
112.4733 -14.3582 7.32 0.33
112.4763 -13.9894 7.20 -0.09
112.4830 49.6725 5.35 0.47
112.4989 -52.6512 5.87 1.01
112.5088 -25.1462 7.12 0.21
112.5090 -19.5267 6.72 1.49
112.5258 10.0476 7.25 1.61
112.5431 38.1695 6.99 0.50
112.5748 -57.2105 7.07 1.55
112.5774 -40.9892 6.55 0.96
112.5975 19.8139 7.07 0.60
112.6093 13.8650 7.16 0.51
112.6118 -20.8080 7.37 0.09
112.6192 -50.6090 6.55 -0.02
112.6212 2.2623 6.96 1.39
112.6288 -54.3994 5.95 1.58
112.6395 48.8794 7.27 0.18
112.6400 5.2546 6.91 0.03
112.6622 20.4916 7.23 0.16
112.6637 41.8903 7.21 1.11
112.6649 27.9087 7.11 0.47
112.6772 -37.3394 6.66 0.64
112.6775 -30.9623 4.65 0.90
112.6978 -9.7769 6.81 1.10
112.7094 -51.1590 7.48 1.17
112.7131 -5.2265 6.24 1.19
112.7196 68.4656 5.63 1.10
112.7357 8.5520 7.12 0.44
112.7366 51.9987 6.79 0.21
112.7446 -10.1075 6.60 1.62
112.7463 -2.1649 6.96 0.88
112.7584 -34.9842 7.48 1.67
112.7687 82.4115 4.92 1.63
112.7866 11.2030 6.38 1.28
112.8004 76.9546 7.31 1.05
112.8063 2.1703 7.28 0.63
112.8223 -1.1259 6.57 1.07
112.8330 -14.9656 6.95 1.01
112.8389 -4.6789 7.19 0.94
112.8500 -8.7400 7.40 1.36
112.8509 -74.2906 7.48 0.41
112.8514 66.1348 7.15 1.47
112.8574 -36.1533 6.66 -0.12
112.9005 62.5018 7.00 0.08
112.9279 -35.8878 6.61 -0.08
112.9517 17.0860 5.45 1.13
112.9553 1.1652 7.10 1.01
112.9818 38.8961 6.56 0.08
112.9924 -5.9427 6.84 1.30
112.9969 12.6613 6.51 1.00
113.0050 35.6030 7.02 1.59
113.0093 61.7578 6.68 0.99
113.0112 2.7254 6.86 0.07
113.0240 -8.8813 5.90 0.54
113.0248 1.9145 5.24 0.23
113.0492 71.3637 7.24 1.37
113.0537 27.1252 7.17 1.11
113.0677 -18.5179 7.34 0.41
113.0928 -35.9612 6.35 -0.10
113.1438 21.4078 6.81 0.98
113.1868 -9.4110 7.41 1.42
113.1923 -53.5552 6.98 -0.09
113.2056 -2.0344 6.82 -0.02
113.2110 22.8876 6.54 1.00
113.2462 -6.8662 7.28 1.12
113.2720 78.6869 7.41 0.57
113.2907 -24.7107 5.84 0.16
113.2986 3.2904 5.59 0.32
113.3048 -40.0585 6.27 -0.13
113.3055 -43.0862 6.53 0.92
113.3070 0.1643 7.41 -0.12
113.3315 -19.4125 5.64 1.12
113.3409 -68.7685 6.60 0.03
113.3424 -14.3383 6.21 -0.06
113.3526 15.6391 6.64 1.07
113.3535 37.1879 6.40 1.23
113.3550 -33.3999 7.34 -0.13
113.3630 -77.0829 7.16 0.07
113.3638 -50.5843 6.69 -0.09
113.3645 11.0117 6.80 0.70
113.3724 -59.1985 7.50 1.52
113.3832 30.6286 7.46 1.17
113.3899 -6.2270 7.27 0.97
113.4020 15.8267 5.27 0.06
113.4498 -14.5239 4.82 1.36
113.4594 -43.1137 6.68 1.76
113.4627 -36.3384 5.42 -0.08
113.4647 51.3141 6.44 1.35
113.4682 -28.5677 6.77 0.31
113.4929 -39.9058 6.76 1.13
113.5133 -22.2961 4.44 0.52
113.5207 10.5681 6.28 0.02
113.5384 46.1508 7.11 1.58
113.5535 -33.4634 6.11 0.30
113.5540 -20.1374 6.93 -0.17
113.5548 -16.1878 6.72 0.61
113.5662 3.3717 5.83 -0.02
113.5776 -23.4737 5.06 0.47
113.5968 -42.0738 7.46 0.55
113.6132 -42.3990 7.30 0.19
113.6170 -54.0652 7.26 0.59
113.6202 -26.1169 6.64 -0.01
113.6204 -13.8702 6.71 0.49
113.6316 28.6866 6.66 0.93
113.6333 12.3047 7.30 0.55
113.6431 -21.3065 7.48 0.06
113.6450 -27.0123 5.78 1.04
113.6495 31.8883 1.58 0.03
113.6510 48.1914 7.27 0.12
113.6649 -51.4745 6.29 0.07
113.6659 80.8967 6.54 0.96
113.6689 28.5021 7.45 1.37
113.6822 -44.6920 6.77 1.55
113.6891 2.4211 7.39 1.05
113.6925 2.7255 6.55 0.23
113.7100 24.9545 7.37 0.64
113.7128 -44.2961 6.81 -0.03
113.7216 3.3430 7.25 1.13
113.7392 3.2766 6.56 1.05
113.7479 4.4395 6.82 1.18
113.7630 5.2968 7.21 -0.04
113.7809 48.6809 6.97 0.35
113.7867 30.9609 5.34 1.01
113.7973 23.0459 7.26 0.80
113.8011 -17.5482 7.29 0.59
113.8402 -74.2750 6.33 0.02
113.8454 -28.3693 4.65 -0.11
113.8482 -15.3825 6.96 1.54
113.8499 28.6277 7.00 0.20
113.8551 7.5799 6.66 0.05
113.8883 3.9876 7.42 -0.10
113.8899 -26.6287 6.62 0.10
113.9083 -75.5442 7.32 0.54
113.9155 -52.5338 4.93 1.37
113.9178 -70.5236 7.16 0.94
113.9609 -33.3925 7.23 -0.14
113.9702 -47.1557 7.09 1.40
113.9765 -23.5487 6.78 1.16
113.9806 26.8957 4.06 1.54
113.9815 -37.4457 7.25 -0.07
113.9833 43.0310 6.37 0.36
114.0060 -3.1518 7.16 0.56
114.0067 -55.8877 6.39 1.18
114.0145 -57.2959 6.64 1.20
114.0162 -14.4928 5.66 -0.07
114.0175 -77.6341 6.72 1.73
114.0185 66.4703 7.23 1.56
114.0309 -22.1605 6.40 0.97
114.0350 -27.5038 7.08 1.51
114.0575 -44.9576 6.90 1.03
114.0696 -8.3113 6.27 1.54
114.0719 -40.5313 7.48 0.19
114.0803 -69.0565 6.88 -0.01
114.1088 -54.1872 6.82 0.04
114.1143 -14.5951 7.03 -0.06
114.1318 46.1803 5.66 1.56
114.1326 -25.3328 6.85 -0.08
114.1424 65.0962 7.18 1.24
114.1446 5.8622 5.89 0.60
114.1570 -44.9873 7.20 -0.12
114.1710 -19.7023 5.69 -0.17
114.1719 -14.4436 6.70 -0.05
114.1830 -48.8302 5.69 -0.04
114.1960 55.7551 5.93 1.12
114.2116 -45.4313 7.28 1.27
114.2385 -24.2969 7.46 0.22
114.2409 -40.1921 7.07 1.22
114.2504 -21.3939 6.69 0.98
114.2646 -26.8165 6.89 1.08
114.2698 -27.4217 7.11 0.32
114.2728 20.1568 6.73 1.27
114.2739 16.9043 6.94 -0.21
114.3134 53.8408 7.35 1.05
114.3195 -4.1110 5.14 0.44
114.3205 -23.7754 6.34 0.54
114.3242 40.0254 6.34 1.60
114.3421 -34.9685 4.53 -0.08
114.3482 -36.4180 7.11 1.23
114.3708 -2.0369 7.21 1.59
114.3770 18.9178 6.85 0.34
114.3852 60.5386 7.00 0.06
114.4021 -65.9170 7.35 1.30
114.4117 -14.4408 6.53 -0.02
114.4173 22.3401 6.96 1.05
114.4233 1.9284 6.89 -0.02
114.4300 -7.7272 7.09 0.28
114.4367 -35.2772 6.59 1.13
114.4376 -38.0104 6.38 1.47
114.4510 38.8788 7.20 0.28
114.4595 14.3406 6.76 -0.07
114.4621 14.0420 6.79 -0.03
114.4648 -6.9580 6.97 -0.10
114.4744 48.7738 5.93 0.22
114.4899 -32.1313 6.70 0.39
114.5065 -8.1263 6.92 0.71
114.5197 61.5334 7.37 0.45
114.5307 38.2588 7.18 1.65
114.5363 -16.0443 7.32 0.99
114.5461 -31.4533 7.18 0.31
114.5495 -10.6131 7.03 1.57
114.5592 -67.4479 7.36 0.41
114.5599 24.3604 6.37 0.34
114.5752 -25.3648 4.69 -0.10
114.5759 -48.6014 5.68 0.68
114.5864 33.1868 6.84 1.27
114.6001 -39.9920 6.61 -0.05
114.6201 66.2352 6.95 1.31
114.6269 0.5050 7.09 0.40
114.6356 -38.7815 6.20 1.01
114.6369 35.0485 5.58 0.92
114.6557 -56.2293 6.79 1.59
114.6655 -26.3167 7.15 -0.11
114.6789 -1.4523 7.46 0.35
114.6829 -36.4968 5.78 -0.15
114.7078 -26.8038 3.80 -0.16
114.7124 7.9666 7.13 0.24
114.7366 -0.2604 6.76 1.71
114.7373 -20.2697 7.27 0.31
114.7513 -53.2734 6.06 -0.12
114.7682 11.8711 7.20 1.54
114.7748 8.9263 7.19 1.00
114.7796 -18.6784 6.72 -0.07
114.7914 34.5843 4.89 0.41
114.8000 24.2225 6.18 0.03
114.8019 53.9006 6.66 0.09
114.8123 52.5664 7.43 1.19
114.8200 -49.0514 6.97 -0.09
114.8242 20.1485 7.27 0.41
114.8255 5.2250 0.40 0.43
114.8402 50.5285 6.89 0.47
114.8508 -16.8473 6.40 1.47
114.8576 40.6713 7.34 0.82
114.8624 -26.8631 6.50 -0.09
114.8635 -11.5640 7.32 -0.07
114.8639 -38.3080 4.84 -0.19
114.8691 17.6745 5.04 1.62
114.8744 -26.9190 6.78 -0.12
114.8979 -13.8856 7.48 1.56
114.9128 -29.1909 7.21 1.28
114.9244 -43.2796 7.16 0.01
114.9303 -15.8278 7.38 1.75
114.9326 -38.1393 5.73 -0.12
114.9495 -38.2607 5.76 -0.07
114.9754 32.0097 6.16 0.37
114.9781 -45.9696 7.40 1.74
114.9916 -37.5794 5.99 -0.04
114.9942 59.5633 7.23 0.12
114.9972 -3.5975 7.18 0.89
115.0091 11.0894 7.40 0.95
115.0161 -82.5815 7.28 1.28
115.0183 -30.1691 7.11 1.06
115.0417 -45.3493 7.29 1.57
115.0564 -19.6609 5.92 1.16
115.0566 41.1635 6.83 -0.04
115.0613 38.3445 5.77 1.65
115.0812 -78.3874 6.64 0.19
115.0831 -39.4211 6.66 1.03
115.0876 -11.7526 6.43 1.25
115.0967 -15.2639 4.98 1.54
115.1040 -22.0459 7.05 1.08
115.1094 -30.0797 6.95 0.01
115.1272 -33.4262 7.32 0.54
115.1294 87.0201 5.05 1.60
115.1480 -8.1854 6.01 0.15
115.1808 -27.9454 6.76 -0.14
115.1963 -71.7629 7.05 1.02
115.1966 13.7713 6.23 1.39
115.2042 4.0718 6.51 1.46
115.2064 57.0829 6.09 1.44
115.2179 -54.7070 6.69 0.36
115.2192 -31.6612 6.60 1.07
115.2394 -43.1846 7.34 -0.04
115.2438 23.0185 5.93 1.56
115.2509 -36.8685 7.49 1.56
115.2546 -47.8311 7.30 -0.01
115.2631 24.9651 7.24 0.56
115.3017 48.1315 5.58 1.01
115.3118 -9.5511 3.94 1.02
115.3159 -38.5335 5.41 -0.13
115.3405 -44.6322 6.41 -0.00
115.3412 -41.1648 7.40 -0.06
115.3480 -22.3367 6.16 1.64
115.3562 -43.6353 7.04 0.01
115.3965 3.6248 5.95 -0.03
115.4403 -22.4041 6.90 0.28
115.4496 54.7658 6.82 0.99
115.4499 -56.3151 7.04 -0.10
115.4551 -72.6061 3.93 1.03
115.4660 13.4805 5.79 1.67
115.4918 -38.5284 6.54 -0.09
115.5049 -32.0797 7.00 0.31
115.5134 14.2085 5.55 1.64
115.5211 22.9288 7.44 1.28
115.5278 -30.1863 6.95 -0.15
115.5426 -58.6309 6.40 -0.09
115.5485 -55.1790 6.93 -0.08
115.5621 75.5642 7.26 0.89
115.5771 -66.9038 7.26 1.01
115.5787 -16.0692 7.11 1.05
115.5806 30.1678 6.69 1.36
115.5870 -19.1065 7.36 0.45
115.5991 -56.1460 7.25 -0.08
115.6089 -27.7299 7.39 -0.06
115.6276 -39.2013 7.26 -0.07
115.6504 -59.2974 7.17 0.64
115.6707 -42.5674 7.01 -0.11
115.6791 22.2240 7.13 0.42
115.6815 34.0002 6.05 0.47
115.7006 -26.3513 5.64 0.99
115.7093 1.6095 7.30 0.15
115.7166 -71.5419 7.28 1.54
115.7223 -58.2301 6.20 1.05
115.7347 -21.9947 6.82 1.10
115.7380 -45.1731 5.04 0.77
115.7456 -17.0616 6.53 0.81
115.7518 58.7104 4.93 0.10
115.7627 -27.6684 6.93 0.18
115.7630 -33.3125 7.37 0.34
115.7726 0.1893 6.17 1.05
115.7784 -38.8637 6.89 1.03
115.7791 -49.9930 6.56 0.08
115.7999 -36.0501 5.60 -0.13
115.8101 -4.1311 7.19 0.34
115.8187 69.3364 7.03 1.12
115.8200 -33.8030 7.46 0.12
115.8280 28.8835 4.23 1.12
115.8342 -22.2986 6.94 0.91
115.8383 4.9458 6.50 1.36
115.8396 -52.1641 6.69 0.55
115.8424 22.3995 6.25 0.93
115.8735 -54.2413 6.88 0.92
115.8796 3.4859 6.97 0.58
115.8839 -4.6807 7.14 -0.08
115.8849 -28.4109 4.63 1.63
115.8903 -45.8640 7.23 1.72
115.8969 -10.1418 7.45 1.22
115.9029 -1.3482 7.32 1.26
115.9055 -4.7079 6.91 0.92
115.9062 6.2848 7.39 0.06
115.9127 -41.4677 7.32 1.69
115.9130 -25.5038 6.56 0.07
115.9246 -40.9337 5.12 1.10
115.9288 -38.2019 6.42 -0.12
115.9468 43.7947 7.18 0.90
115.9496 -40.3093 6.58 -0.13
115.9519 -28.9548 3.94 0.16
115.9729 15.2577 7.27 0.30
115.9919 24.2440 7.06 0.27
116.0104 -38.8180 7.42 -0.06
116.0139 -42.9776 7.20 1.62
116.0174 50.4338 5.31 -0.00
116.0288 25.7842 5.30 1.53
116.0318 2.4054 6.46 0.21
116.0395 38.8378 7.49 1.56
116.0402 14.1732 7.30 1.58
116.0404 -36.0625 5.80 0.32
116.0523 -50.4567 6.64 0.53
116.0545 -69.8216 6.16 -0.03
116.0579 20.2015 7.35 0.69
116.0586 12.8601 6.40 1.39
116.0856 45.3685 7.50 1.02
116.1119 24.3980 3.57 0.93
116.1336 23.3452 7.38 1.54
116.1424 -24.6741 5.62 -0.19
116.1424 -37.9429 5.89 -0.12
116.1676 -47.0085 6.76 -0.07
116.1828 -66.0719 6.37 0.95
116.2341 39.5564 6.74 0.55
116.2699 -37.8879 6.53 -0.10
116.2889 20.3160 6.53 0.01
116.3013 -4.4540 6.81 1.22
116.3102 -81.9675 7.49 0.21
116.3137 -37.9686 3.62 1.71
116.3252 -43.7526 6.02 -0.07
116.3292 28.0262 1.16 0.99
116.3396 -39.3452 7.19 -0.03
116.3640 -37.5963 6.99 -0.07
116.3697 -14.6862 7.03 0.34
116.3714 -14.6905 6.06 0.11
116.3839 25.9886 7.35 1.53
116.3960 -34.1724 5.36 0.59
116.3980 -56.7226 6.10 0.40
116.4264 39.5469 7.14 0.36
116.4283 -5.6785 7.10 0.05
116.4292 -48.3548 7.47 1.37
116.4622 -7.5297 7.46 0.49
116.4661 -24.2561 6.73 -0.15
116.4870 -14.5638 5.03 0.34
116.5091 -6.7725 5.49 1.38
116.5148 -23.1417 6.95 0.51
116.5310 18.5100 4.89 1.43
116.5331 21.1220 7.41 0.38
116.5379 -51.5507 7.31 0.87
116.5439 -37.9337 5.87 -0.11
116.5584 51.0257 6.97 1.63
116.5675 10.7683 5.25 0.02
116.5972 -61.4302 7.38 0.76
116.6003 -49.2410 6.95 0.16
116.6143 62.8305 6.50 0.26
116.6393 -40.0595 6.56 -0.12
116.6393 -37.7726 6.31 1.35
116.6473 4.1306 7.49 0.63
116.6550 1.8577 7.44 0.10
116.6637 37.5174 5.15 1.59
116.6664 -50.9973 7.35 0.13
116.6669 65.4557 5.93 1.18
116.6829 -48.1121 7.31 0.10
116.6863 -12.6753 6.39 -0.00
116.6918 -46.8017 7.27 -0.10
116.6918 -20.8313 7.34 -0.40
116.7362 -52.3472 6.93 -0.12
116.7408 -50.1845 7.08 0.01
116.7517 4.9253 7.05 0.09
116.7518 64.0519 6.78 0.12
116.7703 69.1545 7.13 0.29
116.7740 -39.3310 6.33 -0.14
116.7800 -41.5037 6.93 -0.17
116.7912 0.9188 7.44 1.30
116.7923 -39.1033 7.12 0.37
116.8023 -22.5195 5.90 -0.18
116.8108 -36.0736 6.46 1.08
116.8429 33.5643 7.32 1.04
116.8541 -38.5111 5.07 -0.11
116.8764 33.4157 5.14 1.64
116.8772 -81.5964 6.79 0.16
116.8779 70.2067 7.06 0.71
116.8813 -46.6085 5.22 -0.15
116.8856 9.6326 7.08 0.58
116.8877 8.9723 7.08 0.43
116.8967 -47.0130 6.98 -0.11
116.9105 -15.9907 6.31 1.79
116.9303 -32.6714 7.41 0.25
116.9384 -16.0145 6.38 1.70
116.9863 -12.1927 5.48 0.48
116.9884 60.2961 7.01 0.59
116.9936 28.6674 7.50 0.93
117.0143 5.4098 6.61 1.58
117.0215 -25.9372 4.40 -0.07
117.0356 -40.6524 6.14 1.59
117.0520 -24.5772 6.85 -0.03
117.0628 -54.7143 6.62 1.11
117.0663 -6.7738 7.17 0.28
117.0813 -56.4711 6.30 1.01
117.0841 -47.0777 4.69 1.04
117.0853 49.7569 7.35 1.09
117.0942 18.3368 6.70 0.93
117.1200 28.7642 6.86 1.00
117.1402 23.1410 6.18 0.57
117.1404 -52.6841 7.41 0.11
117.1482 -22.0092 7.31 1.17
117.1508 74.0432 7.17 1.43
117.1520 -30.7560 7.20 -0.16
117.1738 -31.6178 6.97 -0.11
117.1830 -19.1749 7.39 1.35
117.2055 -38.2041 7.14 0.49
117.2146 -43.3113 7.12 -0.14
117.2237 18.1903 6.91 1.16
117.2426 0.6619 7.46 0.36
117.2457 4.3337 6.55 0.79
117.2570 -24.9122 5.32 0.75
117.2577 13.3719 6.07 1.37
117.2755 -11.1811 6.73 0.29
117.2780 -56.4104 5.57 1.12
117.3036 -46.8577 5.82 -0.14
117.3039 -60.2837 5.78 0.43
117.3050 -10.4993 7.42 0.02
117.3096 -46.3732 4.10 -0.16
117.3096 -40.7011 6.53 -0.15
117.3110 -35.2433 5.94 -0.05
117.3236 -24.8598 3.34 1.22
117.3286 24.4887 7.09 0.49
117.3603 -59.3808 7.49 0.68
117.3652 -54.8123 7.43 0.89
117.3679 -44.7512 6.32 0.96
117.3700 -13.3529 6.23 -0.08
117.3773 -39.0012 7.27 1.10
117.3846 12.8142 6.42 0.98
117.3975 -33.2889 5.61 1.62
117.4117 -55.0790 7.28 0.00
117.4166 -14.0854 6.34 1.66
117.4174 12.1488 7.09 1.24
117.4198 -19.5055 6.49 1.23
117.4208 -66.1960 5.78 -0.04
117.4217 -17.2284 5.17 1.28
117.4386 -20.2076 6.54 0.58
117.4488 26.2638 6.82 0.96
117.4595 -36.0935 6.76 1.55
117.4676 -40.9145 7.08 -0.07
117.4782 -60.0514 6.72 1.24
117.4794 27.3632 6.90 0.68
117.4876 28.1988 6.77 0.09
117.4962 -23.7983 6.73 0.31
117.5236 -19.5235 6.11 1.26
117.5327 60.3421 6.78 0.09
117.5441 -9.1834 5.60 1.45
117.5563 39.7707 6.83 1.64
117.5863 -35.7906 7.21 1.53
117.5952 45.7919 7.06 0.20
117.5994 -50.5095 5.89 1.09
117.6084 -36.2419 7.26 -0.07
117.6276 -3.5977 7.31 0.34
117.6316 14.8416 7.29 0.42
117.6657 24.1610 7.07 0.22
117.6771 -44.5799 6.45 0.90
117.6975 3.2773 6.17 1.11
117.7024 5.8593 6.96 0.04
117.7129 4.4595 6.49 0.94
117.7226 0.0796 6.38 1.24
117.7302 -11.1286 6.16 1.13
117.7368 -59.6462 7.31 0.01
117.7503 -24.5286 6.43 -0.00
117.7508 31.6135 6.83 0.18
117.7598 33.2337 6.06 0.15
117.7608 7.4380 7.44 0.05
117.7739 54.1292 6.03 0.50
117.7753 37.2117 7.37 0.47
117.7762 -18.2473 6.59 0.96
117.8077 -62.9302 7.07 1.02
117.8082 -47.2164 6.53 -0.12
117.8139 37.0821 6.49 1.51
117.8304 54.7323 7.08 1.55
117.8347 -43.0952 6.34 -0.17
117.8353 -9.4047 6.83 0.08
117.8608 29.1680 7.01 0.85
117.9182 -42.8882 6.05 -0.18
117.9204 -12.8194 6.37 0.38
117.9249 1.7669 5.12 -0.12
117.9293 -21.1737 5.62 0.96
117.9429 -13.8980 5.16 0.60
117.9522 -55.7025 7.50 0.95
117.9550 -20.7206 6.78 0.42
117.9860 -9.6558 7.30 0.27
117.9866 19.3251 6.03 1.12
117.9950 5.3497 7.41 0.39
118.0161 45.9330 6.50 0.21
118.0164 59.5006 7.15 1.28
118.0300 3.2773 6.30 1.46
118.0305 -64.2942 7.39 0.12
118.0353 36.1692 6.92 1.63
118.0353 -3.0541 6.94 0.28
118.0543 -40.5758 3.71 1.01
118.0555 -59.6137 7.48 0.01
118.0648 36.2699 7.05 0.59
118.0654 -34.7054 5.01 0.47
118.0787 -14.8462 5.69 0.37
118.1176 57.0176 7.34 1.59
118.1182 -13.8628 6.61 1.08
118.1239 -54.3672 5.70 -0.15
118.1518 55.2094 6.36 -0.00
118.1589 71.7841 7.47 1.24
118.1610 -38.8628 4.49 -0.19
118.1668 39.5383 7.41 0.31
118.1755 3.3838 7.11 0.19
118.1994 -5.4283 5.76 0.41
118.2093 -50.5217 7.10 0.01
118.2311 64.9036 7.45 1.54
118.2542 22.3345 7.05 1.02
118.2646 -36.3638 5.44 1.16
118.2652 -49.6130 4.63 -0.23
118.3068 -34.9385 6.64 0.82
118.3166 -34.0389 7.36 1.64
118.3257 -48.1029 4.22 -0.13
118.3378 28.0520 6.92 -0.01
118.3454 45.7414 7.36 1.03
118.3582 16.8460 7.42 1.11
118.3742 26.7658 4.97 0.10
118.4106 -23.3137 6.95 -0.08
118.4170 -23.1872 7.22 -0.07
118.4310 58.2138 7.39 0.31
118.4553 -26.2621 6.95 0.91
118.4900 16.0362 7.24 0.17
118.4946 -26.3488 7.00 1.34
118.5092 -41.7029 6.85 -0.10
118.5203 -34.0222 7.48 -0.09
118.5299 -18.3310 6.89 1.66
118.5459 -35.8773 5.48 -0.17
118.5465 36.7416 7.15 0.96
118.5493 13.4212 7.20 1.03
118.5554 21.1053 6.84 1.66
118.5600 54.7150 7.25 0.91
118.5855 71.0792 7.35 -0.01
118.6021 -50.1707 7.47 -0.11
118.6063 -28.1053 6.60 0.08
118.6143 -41.6582 7.11 1.07
118.6219 47.3860 6.25 1.13
118.6424 -1.4123 7.43 0.74
118.6663 -34.8467 6.14 1.54
118.6780 47.5646 5.47 1.46
118.7055 18.1002 7.31 1.46
118.7099 -45.6641 7.34 -0.10
118.7135 -31.5348 7.19 -0.11
118.7193 -38.4200 7.44 0.14
118.7223 -57.3028 5.62 1.30
118.7258 32.2847 7.47 0.57
118.7518 -52.5833 6.36 -0.01
118.7525 -23.4654 6.99 0.03
118.7583 12.5695 6.97 0.99
118.7846 28.3842 7.33 0.43
118.7959 9.3500 6.81 1.14
118.8077 -30.9176 6.45 1.47
118.8156 -52.9023 6.99 0.38
118.8215 -11.1515 7.34 -0.12
118.8263 -25.9319 7.44 1.30
118.8502 -47.3131 7.09 1.62
118.8716 -19.0474 6.84 0.13
118.8780 62.0439 7.04 1.23
118.8810 8.8628 5.86 0.37
118.8837 -10.6623 7.33 0.43
118.8990 -15.5788 7.00 0.90
118.9162 19.8840 5.38 -0.04
118.9201 35.4127 6.23 0.28
118.9217 -13.7324 7.26 0.41
118.9441 -43.8451 6.02 -0.11
118.9485 10.4434 7.03 -0.03
118.9589 -45.9801 6.74 -0.12
118.9780 39.2868 7.25 0.04
118.9824 -44.6205 7.44 -0.11
118.9942 -12.6082 6.57 0.96
119.0114 23.6927 7.32 0.63
119.0269 23.6238 6.81 -0.08
119.0481 -51.3384 6.77 0.97
119.0646 29.8521 6.81 1.41
119.0657 -61.0994 6.73 0.00
119.0777 -60.5264 5.74 1.55
119.0775 80.2655 6.55 0.72
119.0905 -20.4633 6.84 0.04
119.0947 -30.2846 6.28 1.48
119.0996 4.4856 6.16 0.96
119.1005 -40.7362 6.78 -0.17
119.1113 56.5044 6.71 0.05
119.1337 -15.5244 7.16 1.31
119.1422 71.8470 7.36 0.39
119.1661 -16.5315 7.23 0.56
119.1881 -12.9353 7.17 1.08
119.1947 -52.9824 3.46 -0.18
119.2123 -59.1258 7.06 2.02
119.2148 -22.8801 4.20 0.72
119.2391 -57.4306 7.46 1.06
119.2409 -43.5004 5.36 -0.17
119.2409 -42.4065 6.09 1.36
119.2466 -49.2649 7.06 1.56
119.2477 15.7903 5.80 1.28
119.2626 -34.3784 6.86 1.58
119.2740 20.9669 7.09 0.92
119.2860 -33.2499 7.31 -0.15
119.3032 -63.2968 6.14 -0.10
119.3162 8.6412 6.03 1.00
119.3168 81.3522 7.16 1.33
119.3179 1.1270 6.35 0.51
119.3268 -44.1099 5.08 -0.17
119.3336 -47.8907 6.21 -0.10
119.3564 6.8517 7.22 0.98
119.3577 -0.6359 7.16 0.01
119.3668 -46.3266 7.08 -0.11
119.3859 32.6567 7.13 0.23
119.4086 -46.5933 7.23 -0.13
119.4156 77.5764 6.87 0.23
119.4171 -30.3346 4.76 0.15
119.4232 -65.9087 6.69 1.60
119.4270 -57.4792 7.41 0.04
119.4384 -60.9265 6.86 -0.01
119.4403 -40.1234 7.36 0.69
119.4442 -60.3031 5.59 0.57
119.4464 -41.5357 7.22 1.31
119.4655 -45.5777 5.14 1.26
119.4754 -20.4287 7.28 2.02
119.4783 -40.7844 6.46 0.98
119.5201 -37.5801 7.48 -0.10
119.5246 7.2135 6.42 -0.03
119.5257 5.0114 7.20 1.02
119.5463 13.3295 7.48 1.05
119.5602 -49.2449 4.47 -0.18
119.5690 43.9774 6.36 1.04
119.5861 2.2248 5.30 0.93
119.5894 -51.4485 6.44 0.26
119.5930 -60.8577 6.73 0.00
119.6264 2.9359 6.65 0.16
119.6311 16.5187 6.05 1.47
119.6453 43.5039 7.30 -0.17
119.6570 -37.0205 6.99 0.98
119.6602 -27.5775 6.98 1.59
119.6882 5.6233 6.95 -0.07
119.7098 -47.6829 7.28 -0.09
119.7107 -60.8245 5.77 -0.08
119.7206 8.4533 7.37 1.10
119.7224 -27.9071 7.44 1.22
119.7385 48.6255 7.35 1.02
119.7531 -48.3763 6.84 -0.12
119.7575 -45.2158 5.98 -0.14
119.7664 -4.3324 6.98 0.30
119.7738 -23.3104 5.09 1.11
119.7817 -39.4203 7.24 -0.09
119.7822 -38.0510 7.27 0.24
119.7928 -51.4659 7.34 -0.07
119.8013 -49.9769 6.35 -0.15
119.8031 5.2516 7.23 0.94
119.8065 -49.9738 6.37 -0.09
119.8157 -73.2442 6.33 0.13
119.8238 16.8191 7.50 0.54
119.8384 -19.4662 7.49 0.01
119.8433 -52.5429 7.45 0.89
119.8545 34.6799 7.30 1.65
119.8683 -39.2969 5.22 0.40
119.8776 -37.3024 7.43 -0.13
119.8961 13.2422 6.05 1.32
119.9032 79.8615 6.84 1.35
119.9064 -60.5871 5.19 1.76
119.9170 -60.2074 6.30 -0.05
119.9275 23.1829 6.92 1.03
119.9340 -3.6796 4.93 1.21
119.9414 -47.3035 6.71 -0.09
119.9641 36.0821 6.50 1.56
119.9669 -18.3992 4.61 0.09
120.0124 -45.0257 7.22 -0.11
120.0232 -48.9054 7.36 -0.06
120.0342 41.4230 7.50 1.53
120.0428 -16.9534 7.02 0.98
120.0490 73.9179 5.37 1.42
120.0522 -55.2158 7.11 1.24
120.0612 -48.9815 6.01 0.04
120.0617 -35.9915 7.18 0.15
120.0625 -45.7933 7.06 1.04
120.0786 8.9743 7.21 0.24
120.0814 -45.4570 6.62 1.27
120.0832 -63.5675 4.81 -0.17
120.0998 64.7472 7.24 0.31
120.1171 -34.1239 7.49 0.05
120.1207 -48.8718 6.13 -0.09
120.1207 -4.8798 7.27 0.52
120.1222 -17.9301 7.46 1.07
120.1339 29.2124 6.97 0.72
120.1351 18.8431 7.10 -0.01
120.1518 12.6418 6.59 1.07
120.1718 18.2456 7.09 0.96
120.1742 -40.1969 7.34 0.06
120.1839 -2.8819 6.41 -0.09
120.1971 17.3087 5.60 1.32
120.2004 19.8162 6.30 1.11
120.2047 12.6784 6.79 -0.07
120.2081 -54.1513 5.87 -0.13
120.2242 -43.0601 7.35 -0.15
120.2262 -15.7389 7.42 0.30
120.2328 25.3928 5.87 1.02
120.2533 23.5831 6.34 1.16
120.2592 -14.1381 7.34 0.27
120.2642 -6.4192 6.45 0.84
120.3006 54.4605 7.07 0.19
120.3056 -1.3926 4.69 1.48
120.3079 4.8798 5.65 0.01
120.3092 -25.4134 7.17 0.23
120.3274 -22.3370 7.06 0.55
120.3337 -49.6205 7.24 -0.11
120.3365 59.0474 5.78 0.42
120.3442 40.8568 7.38 1.01
120.3460 -54.5155 6.12 -0.04
120.3762 16.4553 5.99 -0.02
120.3762 23.9127 7.27 1.10
120.3816 -55.4547 6.28 -0.15
120.3856 41.3871 7.28 0.56
120.3954 -15.2555 7.45 0.98
120.3963 -50.6056 7.20 0.01
120.4064 -37.2837 5.90 0.15
120.4270 60.3244 6.02 0.16
120.4323 25.0895 6.32 0.02
120.4354 -8.5932 7.28 0.68
120.4614 8.9140 6.22 0.57
120.4636 -44.5999 6.56 1.34
120.4799 35.4131 6.34 1.56
120.4816 4.5414 7.14 1.26
120.4880 -27.2148 6.82 -0.04
120.4991 -54.6624 6.67 0.34
120.5022 -9.3568 7.14 0.21
120.5256 -37.0500 6.31 1.60
120.5312 2.9606 6.79 1.55
120.5647 -55.5406 6.70 -0.03
120.5664 2.3346 4.39 1.25
120.5691 60.9935 6.87 0.38
120.5972 -51.4407 7.27 1.09
120.6082 -6.3371 6.34 0.61
120.6129 -44.6670 6.54 -0.05
120.6284 63.0903 6.09 0.58
120.6305 -66.0209 7.18 0.87
120.6487 -25.0369 7.40 0.35
120.6492 57.2736 6.48 0.65
120.6559 -27.5443 6.89 0.75
120.6563 -36.4012 6.59 0.26
120.6706 -49.9505 6.61 0.37
120.6770 48.5925 7.26 1.51
120.6779 14.9493 7.30 0.31
120.6866 -41.3098 5.52 -0.15
120.6934 -6.3225 6.89 1.05
120.7106 -34.5457 7.26 1.63
120.7232 -33.1536 7.35 -0.13
120.7321 -48.3250 6.64 -0.15
120.7342 -40.4026 6.97 1.17
120.7673 -32.4635 5.83 1.23
120.7799 -41.1260 6.83 0.95
120.8104 9.9428 7.48 1.57
120.8270 26.2676 7.07 0.17
120.8382 -69.9716 6.76 -0.07
120.8605 37.1367 6.90 1.48
120.8651 16.8476 7.43 1.18
120.8697 12.1813 6.74 0.57
120.8734 -42.9483 6.28 1.01
120.8738 -49.4986 6.63 1.03
120.8795 27.7943 4.94 1.13
120.8838 -8.1734 7.43 0.51
120.8922 20.3385 7.03 1.00
120.8961 -40.0031 2.21 -0.27
120.9164 36.3449 6.89 1.43
120.9603 22.0708 6.84 1.19
120.9632 -70.3373 7.22 0.06
120.9719 -68.9368 6.84 0.95
120.9835 -47.8158 7.43 -0.11
120.9894 43.8394 7.44 0.31
121.0055 -26.9733 7.17 0.47
121.0204 -29.1733 7.38 0.08
121.0248 13.6875 6.72 0.96
121.0350 33.0307 6.70 0.07
121.0675 -32.6748 5.25 1.88
121.0938 -44.2370 7.39 1.01
121.1243 9.2679 7.26 0.63
121.1258 -42.7587 7.43 0.27
121.1309 -18.9837 7.39 1.25
121.1355 -17.6655 6.54 1.58
121.1360 -25.6997 6.35 1.46
121.1498 53.6785 7.05 0.33
121.1615 -29.9660 7.35 1.57
121.1674 39.7407 6.89 1.06
121.1726 -19.7281 6.12 -0.15
121.1767 -50.5904 5.96 1.21
121.1789 -62.8363 6.25 -0.09
121.1888 18.8420 6.21 -0.04
121.1965 79.4796 5.39 -0.04
121.2048 -5.4118 7.34 1.69
121.2443 -3.4958 6.98 0.01
121.2538 10.5000 7.28 0.90
121.2602 -60.3880 7.25 0.55
121.2638 -33.5913 6.62 0.45
121.2654 -53.1079 5.52 1.35
121.2687 13.1182 5.14 0.02
121.2935 57.7730 7.07 0.40
121.3346 -46.9784 6.18 -0.14
121.3518 5.8275 7.23 0.03
121.3716 -10.1230 6.97 -0.02
121.3820 -13.5725 7.48 0.03
121.3883 13.5041 6.79 1.27
121.4044 27.5297 6.21 0.01
121.4294 -45.1712 7.05 -0.14
121.4370 -33.5694 6.15 1.10
121.4488 2.1651 6.82 0.01
121.4568 -0.5733 6.40 1.06
121.4951 -19.8925 6.97 0.01
121.4971 71.7901 7.43 1.10
121.5085 36.2724 7.07 0.40
121.5106 59.2488 6.69 0.11
121.5584 1.1774 7.32 1.56
121.5653 -40.0996 7.27 0.84
121.5767 22.6355 5.96 1.65
121.5799 -38.8967 6.91 1.14
121.6097 -2.3938 7.32 0.93
121.6142 -9.2445 6.25 -0.01
121.6434 22.4567 7.20 0.77
121.6507 -63.5159 6.66 0.98
121.6681 -45.2660 5.04 1.49
121.6734 -48.4974 6.34 -0.17
121.7148 -27.1143 7.06 -0.08
121.7508 -51.9394 7.13 1.26
121.7521 -29.4029 6.80 0.60
121.7731 -47.7938 6.97 -0.07
121.7770 9.9801 6.81 0.93
121.7865 -36.3814 7.30 0.55
121.7914 43.2604 6.35 -0.02
121.8167 -17.3687 6.50 1.25
121.8252 -20.5543 5.33 0.10
121.8262 -56.6477 7.44 1.63
121.8307 -48.3861 6.69 0.95
121.8558 55.3014 7.19 1.08
121.8861 -24.3043 2.83 0.46
121.9198 -47.2549 7.48 -0.11
121.9222 -3.4067 6.86 1.59
121.9241 -49.0105 6.66 -0.08
121.9327 -41.8123 7.14 -0.12
121.9411 21.5818 5.30 0.64
121.9522 38.5806 7.10 0.34
121.9826 -68.6171 4.35 -0.11
122.0014 -35.2111 7.20 0.35
122.0083 -13.5081 7.27 0.54
122.0367 -78.6949 7.04 0.97
122.0538 -61.0772 6.66 0.86
122.0599 -61.0771 6.77 0.65
122.0603 -33.3400 7.46 -0.00
122.0784 38.5248 7.06 1.59
122.0807 -23.6178 6.56 -0.08
122.0968 13.1534 7.18 1.36
122.1027 49.0211 7.49 -0.03
122.1027 -63.8008 6.32 -0.06
122.1144 51.5067 4.78 0.05
122.1185 -52.6171 7.17 0.35
122.1235 -19.8602 7.07 -0.06
122.1485 -2.9838 4.36 0.97
122.1506 -39.4991 7.16 0.03
122.1568 -37.6812 6.36 -0.05
122.1584 1.8951 7.33 -0.05
122.1769 13.6409 6.25 0.48
122.1816 -20.3632 6.37 0.14
122.1852 -60.6258 7.32 -0.03
122.2031 0.4595 7.47 1.61
122.2067 27.4804 6.88 1.04
122.2363 -68.9916 7.22 -0.10
122.2369 -11.3397 6.31 0.01
122.2369 -71.7218 7.11 1.58
122.2532 -61.3024 4.74 0.44
122.2568 -19.2450 4.40 -0.16
122.2777 -30.3229 6.64 1.40
122.2895 -31.6464 7.34 1.02
122.2896 -48.6844 5.66 -0.10
122.2925 -35.4550 6.21 0.89
122.3006 -64.7762 7.41 1.06
122.3146 -21.5765 7.41 1.03
122.3192 -15.5702 7.32 -0.11
122.3461 42.4306 6.26 1.26
122.3536 24.8261 7.29 1.02
122.3689 -16.2489 5.66 -0.15
122.3703 55.2558 6.83 0.35
122.3754 -51.8428 6.53 0.60
122.3765 32.2211 6.68 0.49
122.3773 -59.5416 6.60 -0.11
122.3801 -52.5745 7.26 -0.04
122.3831 -47.3366 1.75 -0.14
122.3889 65.6609 7.36 1.54
122.3901 -56.0854 5.66 0.20
122.3966 29.0931 6.47 0.80
122.3997 -44.1228 5.20 -0.17
122.4157 35.7024 7.30 1.03
122.4265 25.5591 7.45 1.48
122.4298 -47.9372 5.23 -0.20
122.4487 -42.6408 6.27 -0.04
122.4674 -43.5284 7.17 1.46
122.4913 29.1250 7.49 1.46
122.5038 17.0165 7.34 1.49
122.5158 58.2482 5.91 1.36
122.5477 35.4550 6.65 0.54
122.5546 25.8445 6.44 1.42
122.5650 -22.5333 6.80 0.32
122.5670 -49.0349 7.32 -0.13
122.5747 9.1681 6.80 0.84
122.5845 69.7251 6.54 0.57
122.5857 -49.2373 6.46 -0.14
122.6133 25.5073 5.73 0.82
122.6660 -13.7992 5.53 0.49
122.6682 2.9495 6.94 0.99
122.6868 52.1428 7.41 0.61
122.7143 -32.3796 7.20 1.34
122.7394 -39.0781 7.37 -0.09
122.7435 -6.7479 6.71 1.08
122.7454 14.6295 6.22 0.01
122.7570 -37.2924 6.42 -0.04
122.7810 -40.7583 6.69 1.53
122.7904 53.2451 6.79 0.55
122.7950 -48.4620 5.83 -0.15
122.8179 -12.9270 4.72 0.94
122.8192 9.8212 6.08 -0.10
122.8252 54.5402 6.48 0.94
122.8281 -45.8181 6.94 0.97
122.8396 -39.6185 4.44 1.59
122.8405 -36.8010 7.26 1.08
122.8403 38.7313 6.61 0.59
122.8579 -42.9873 4.73 0.16
122.8875 -7.7725 5.36 0.89
122.9031 16.2177 7.30 1.20
122.9112 32.4571 6.78 0.68
122.9550 16.5239 7.34 0.67
122.9559 13.4456 7.28 0.84
122.9723 -35.7730 6.64 1.53
122.9783 -41.7886 6.70 1.46
122.9999 -46.6444 5.77 0.63
123.0252 -43.4004 6.48 1.70
123.0484 48.9593 6.88 1.31
123.0530 17.6478 4.67 0.53
123.0924 14.0041 6.53 0.15
123.1140 -36.9892 6.54 -0.10
123.1283 -46.2643 6.00 -0.11
123.1363 -54.1465 6.97 0.35
123.1913 -29.9108 6.53 0.06
123.2005 11.1847 7.26 -0.06
123.2033 68.4741 5.34 1.04
123.2112 4.9285 7.26 -0.00
123.2148 -37.9245 6.40 0.11
123.2489 16.5143 6.03 0.89
123.2676 -34.5785 6.99 1.29
123.2869 29.6565 5.62 -0.07
123.3129 -52.2362 7.16 -0.08
123.3185 -24.2926 7.19 0.31
123.3258 -36.3417 7.32 -0.12
123.3332 -15.7882 4.99 1.07
123.3403 56.5279 6.84 0.45
123.3407 -1.1659 6.48 0.92
123.3444 -36.3104 7.34 -0.14
123.3657 48.2808 6.84 -0.03
123.3730 -35.8995 4.78 -0.11
123.3925 10.8472 7.17 0.54
123.3925 -6.5944 7.49 1.00
123.3927 -50.1961 5.52 1.65
123.3939 -31.7354 6.70 0.62
123.3999 10.3807 7.32 0.79
123.4007 -46.9916 5.14 -0.14
123.4211 -33.5695 6.38 1.14
123.4237 23.1377 6.56 0.12
123.4402 -46.5787 6.49 -0.16
123.4591 56.4522 5.88 1.02
123.4614 -35.2083 6.91 0.79
123.4919 -44.7509 7.40 1.12
123.4930 -36.3223 5.09 -0.18
123.4946 -36.3408 6.11 -0.18
123.5121 -40.3479 4.42 1.17
123.5158 -36.9522 7.14 -0.10
123.5214 -44.5758 6.56 0.18
123.5460 -32.1407 6.07 -0.16
123.5464 17.6760 6.47 0.33
123.5553 -35.4900 5.77 1.02
123.5875 13.0483 6.39 1.03
123.5995 -45.8345 5.86 -0.18
123.6127 20.7078 6.93 0.39
123.6235 -40.8259 6.62 -0.15
123.6332 10.1883 7.32 1.02
123.6626 1.1574 7.48 0.19
123.6779 -73.8072 6.64 0.21
123.7042 43.0350 6.83 0.05
123.7135 -46.4859 6.45 -0.15
123.7327 -17.2760 6.98 0.49
123.7363 -35.6887 6.80 1.27
123.7481 16.0786 7.28 -0.08
123.7574 -79.3187 7.03 -0.02
123.8164 -62.9156 5.16 0.09
123.8352 60.0171 7.28 0.98
123.8469 -50.4492 6.44 1.52
123.8551 -52.0603 6.63 0.58
123.8670 -37.3720 7.42 -0.10
123.8809 2.8322 7.50 0.05
123.8898 -13.6243 7.06 1.69
123.9254 66.1756 7.15 0.36
123.9522 2.8014 7.27 -0.01
123.9558 32.1772 7.36 0.52
123.9605 60.3806 6.43 0.21
123.9689 -30.9259 6.22 0.78
123.9702 -46.3123 6.65 0.18
123.9951 -35.9032 6.15 1.55
123.9960 -30.1846 7.01 0.71
123.9972 -19.4082 7.11 1.62
124.0270 57.0941 7.49 0.75
124.0411 46.8022 6.81 1.60
124.0503 -15.6860 7.38 1.19
124.0524 -35.8822 7.29 0.89
124.0726 -86.5573 6.76 0.06
124.1041 -36.2026 7.18 -0.14
124.1049 -39.7531 6.98 1.00
124.1103 -3.2261 7.16 0.58
124.1288 9.1855 3.53 1.48
124.1306 -52.7600 7.13 -0.05
124.1368 11.0436 7.38 1.28
124.1409 11.7262 7.04 1.04
124.1856 -21.8821 6.97 -0.14
124.1985 -9.0143 7.07 0.01
124.2170 -15.1520 7.20 1.48
124.2206 -64.1871 6.67 -0.07
124.2208 -53.6264 7.37 1.10
124.2248 84.0576 6.45 0.05
124.2259 -21.3207 6.60 0.02
124.2420 59.1894 6.58 1.32
124.2900 -3.3637 6.72 -0.06
124.3234 -42.5215 7.16 0.30
124.3269 4.2192 6.53 0.63
124.3316 -47.9201 6.87 -0.12
124.3455 27.0493 7.42 1.29
124.3464 -16.2851 6.32 0.06
124.3681 -32.8700 6.94 0.05
124.3712 -26.3020 7.32 0.51
124.3819 8.8663 6.28 0.98
124.3918 70.1771 7.21 1.41
124.3925 -58.6975 7.00 -0.01
124.4078 6.2450 7.39 1.49
124.4200 9.1647 7.29 1.55
124.4346 -55.8918 7.24 0.99
124.4373 -55.7753 7.07 0.97
124.4423 -36.0676 6.42 1.45
124.4598 35.7284 7.15 0.39
124.4601 59.5711 5.63 0.18
124.4671 -1.8040 7.46 0.85
124.4823 -59.1668 6.47 0.40
124.4928 -30.0037 6.43 1.04
124.4973 6.2341 6.99 1.34
124.5048 -47.0919 7.05 -0.14
124.5210 -60.3139 7.27 -0.01
124.5275 26.4246 7.19 0.16
124.5533 -37.3746 6.67 0.24
124.5601 15.6779 6.42 1.02
124.5658 54.1437 6.26 1.56
124.5725 -35.4517 5.59 1.25
124.5783 -65.6132 5.06 1.13
124.5957 9.1514 7.10 -0.15
124.5968 37.0562 7.45 0.94
124.5998 -12.6322 5.95 0.75
124.6203 54.5638 6.61 0.27
124.6305 -76.9197 4.05 0.41
124.6389 -36.6593 4.44 0.22
124.6456 47.0340 7.38 0.99
124.6556 -14.5664 6.96 0.07
124.7238 -42.5267 7.09 0.95
124.7280 26.3354 7.15 0.35
124.7388 -39.0791 7.08 -0.06
124.7430 -47.2109 7.14 -0.08
124.7457 56.2547 6.84 1.56
124.7733 -48.1979 6.45 -0.13
124.7862 16.1219 6.98 -0.04
124.7876 -46.2052 7.17 1.36
124.7883 24.1747 7.22 0.92
124.8099 -7.5582 6.91 1.65
124.8129 -5.6195 7.43 0.60
124.8128 -10.1658 6.31 0.33
124.8216 62.5072 5.73 0.89
124.8428 -20.1643 6.68 0.03
124.8730 -34.5901 6.44 -0.08
124.8824 35.0457 7.18 0.36
124.8843 75.7569 5.55 0.90
124.9281 -27.0818 7.18 1.30
124.9354 -49.5368 7.13 1.19
124.9393 -37.4177 7.00 0.42
124.9482 35.2013 7.25 0.98
124.9541 -71.5149 5.33 -0.06
124.9578 3.9480 6.04 0.96
124.9746 -12.8569 6.77 1.39
124.9826 39.8847 6.76 0.99
124.9908 -51.9418 6.75 0.26
125.0023 -71.5054 5.63 -0.10
125.0161 27.2177 5.13 0.49
125.0201 -23.4619 7.07 1.64
125.0202 -31.0978 6.90 1.20
125.0302 53.1975 7.19 1.40
125.0542 -0.9093 6.18 0.61
125.0709 -5.3299 6.12 1.33
125.0811 -69.0613 7.07 1.15
125.0874 20.7477 5.80 1.14
125.0977 8.0074 7.35 1.39
125.1085 57.7433 5.89 0.42
125.1140 -22.9247 6.12 1.04
125.1213 53.5741 6.50 0.30
125.1216 9.4001 6.93 1.30
125.1229 -6.6272 7.11 1.58
125.1339 24.0223 5.92 -0.04
125.1440 -44.2550 7.23 -0.12
125.1617 -77.4845 4.34 1.16
125.1680 72.4072 6.00 1.54
125.1708 25.3363 7.27 1.42
125.1726 2.6648 7.42 0.44
125.1997 35.7788 7.15 0.18
125.2000 67.5269 7.03 1.60
125.2198 -4.8661 7.38 0.15
125.2519 -52.2280 6.63 0.15
125.2818 -64.1060 6.11 0.93
125.2889 -52.5875 7.02 0.25
125.3004 -57.9732 5.96 -0.09
125.3149 -8.0579 7.28 1.28
125.3170 1.0638 7.24 0.40
125.3283 -14.9759 6.81 1.32
125.3345 -1.6020 6.52 0.02
125.3377 -36.4842 5.18 -0.19
125.3384 -20.0791 5.58 0.77
125.3460 -33.0544 4.83 1.42
125.3508 -39.6207 6.15 0.17
125.3673 21.9093 7.31 1.07
125.3674 -39.7054 7.17 0.69
125.3764 -20.7945 7.29 -0.01
125.3955 -8.6708 7.08 0.13
125.4013 -11.0457 6.85 0.29
125.4044 33.9368 7.16 0.80
125.4067 -40.4548 7.48 0.11
125.4718 13.6241 7.33 0.35
125.4775 -17.5863 5.71 1.05
125.4875 -10.7481 6.78 0.39
125.4883 14.7681 7.28 1.28
125.5163 19.9592 7.21 1.36
125.5188 -73.4000 5.28 0.01
125.5281 -28.6240 7.14 1.02
125.5341 -40.9915 6.96 0.47
125.5397 74.8204 6.40 1.02
125.5480 2.1514 6.79 1.47
125.6133 5.0161 7.39 1.46
125.6257 -6.1792 6.14 0.23
125.6285 -59.5095 1.86 1.20
125.6321 -48.4904 4.79 -0.15
125.6328 16.1625 6.66 1.17
125.6373 -29.6924 7.02 0.37
125.6470 66.5453 7.44 1.16
125.6572 -44.8657 7.24 0.35
125.6623 40.4438 7.13 0.31
125.6836 60.6312 6.42 0.97
125.6906 -31.6075 7.23 -0.11
125.6952 -13.0548 6.13 1.00
125.6977 -0.8676 6.95 1.12
125.7007 -76.4308 7.25 0.03
125.7081 -26.3482 5.88 0.38
125.7088 43.1881 4.25 1.55
125.7254 -7.5431 5.92 1.64
125.7299 -52.1237 5.89 0.02
125.7382 -43.2279 7.09 -0.11
125.8206 -38.2861 6.28 1.61
125.8410 18.3322 5.94 0.17
125.8556 -70.2487 7.07 1.44
125.8742 85.6921 7.40 0.92
125.8757 6.8132 7.38 1.56
125.8780 -30.8013 6.93 1.20
125.8826 -27.8224 7.09 0.60
125.9249 -30.3921 7.32 -0.07
125.9403 0.0594 7.46 0.33
125.9489 -42.0339 7.47 -0.06
125.9521 53.2197 5.52 0.12
125.9557 -28.9703 6.64 0.02
125.9800 10.6321 6.11 1.51
125.9841 -1.4980 6.91 0.72
125.9954 -32.8969 7.16 -0.14
126.0005 68.9246 7.10 0.46
126.0245 31.3010 7.36 1.04
126.0350 -19.1359 6.88 1.21
126.0378 -35.5090 7.41 0.09
126.0488 -5.6793 7.34 1.50
126.0846 -80.9142 5.67 1.02
126.0938 -55.7896 7.19 1.75
126.1379 82.4308 6.28 0.04
126.1386 -1.1484 7.07 0.59
126.1459 -3.7512 5.61 0.48
126.1470 -40.7470 7.11 -0.16
126.1518 -4.7170 6.03 0.46
126.1649 -11.5245 7.09 1.58
126.1708 -55.3644 6.81 -0.11
126.1782 42.0052 6.02 1.59
126.1892 17.1818 7.06 0.54
126.2049 20.1530 7.34 0.64
126.2198 -23.6891 6.97 0.48
126.2218 76.9649 6.96 1.35
126.2299 -23.1537 5.67 0.07
126.2301 23.9455 7.49 0.41
126.2384 -42.7698 5.97 -0.16
126.2431 -15.2941 6.76 0.19
126.2513 -74.9122 7.17 0.67
126.2517 -12.7648 6.89 -0.13
126.2544 9.4261 6.76 1.43
126.2656 -24.0462 5.32 1.48
126.2704 35.0114 6.08 1.26
126.2887 -55.4728 6.61 -0.05
126.2896 53.9316 7.35 0.49
126.2948 -31.9402 6.81 -0.08
126.3087 -7.1702 7.35 0.95
126.3262 -22.1403 6.93 0.97
126.3292 -21.0460 6.01 0.40
126.3427 -55.7486 6.95 0.35
126.3761 -58.1332 6.65 -0.02
126.3805 -51.7274 5.18 -0.16
126.3981 2.1022 5.74 1.53
126.4057 -8.9561 6.51 0.96
126.4140 -17.4394 6.44 1.23
126.4151 -3.9064 3.91 -0.01
126.4343 -66.1369 3.77 1.13
126.4418 -0.4118 7.30 1.06
126.4515 1.5743 6.56 1.16
126.4525 -4.1780 7.39 1.57
126.4578 17.0463 6.11 0.45
126.4650 -64.6006 5.95 0.97
126.4663 -42.1531 5.45 -0.14
126.4782 7.5645 5.13 0.93
126.4816 -14.9297 5.96 0.17
126.5024 -32.1700 7.12 0.36
126.5044 -10.5166 6.58 0.18
126.5260 -8.5151 6.94 0.38
126.5732 -27.1450 6.99 0.46
126.5739 -39.0590 6.07 -0.01
126.5818 70.1281 7.33 0.92
126.5840 2.4900 7.31 1.31
126.6051 -52.8075 6.05 0.06
126.6134 -3.9875 5.60 0.22
126.6154 27.8936 5.58 1.42
126.6488 -49.4972 7.24 -0.06
126.6658 24.5342 6.51 0.35
126.6687 -42.5242 7.24 0.14
126.6748 -12.5346 5.52 1.17
126.6818 7.6507 7.04 0.00
126.6831 12.6546 5.56 1.61
126.6903 -48.9562 7.36 -0.02
126.6962 39.8922 7.08 1.17
126.6961 26.9355 6.30 0.19
126.6968 -55.3629 7.40 0.05
126.7004 -18.1732 7.44 0.14
126.7115 -29.2156 6.73 -0.03
126.7407 -52.7049 6.49 0.42
126.7501 7.2211 7.12 0.20
126.7674 -32.1835 6.80 0.75
126.7726 -15.6427 7.46 1.58
126.8184 -31.6727 6.33 0.90
126.8199 -70.0935 5.51 -0.02
126.8220 -6.4097 6.61 0.52
126.8619 -14.9352 6.68 -0.15
126.8648 -55.0112 6.52 -0.01
126.8886 -20.8440 6.57 0.04
126.8911 -75.3587 6.81 0.12
126.8964 -5.1486 7.17 0.65
126.9025 -53.0885 5.08 0.26
126.9033 45.6530 6.32 0.62
126.9072 -31.9935 7.21 1.29
126.9201 -4.4149 6.83 0.36
126.9437 -24.8915 7.32 1.25
126.9737 -26.1330 6.60 0.11
126.9803 53.4572 7.33 1.31
126.9817 3.2186 6.96 1.09
126.9976 -35.1138 5.75 -0.15
127.0109 11.7064 7.24 1.51
127.0171 35.8918 6.89 0.90
127.0298 21.1485 6.87 1.04
127.0298 46.2488 6.97 1.15
127.0607 0.2439 7.30 1.16
127.0657 -51.7704 7.45 -0.01
127.0824 -8.8163 6.43 1.20
127.0855 33.6853 7.15 1.13
127.0862 49.6873 7.42 0.37
127.0885 6.7007 7.37 -0.10
127.1215 -2.5171 6.42 0.33
127.1382 6.9649 7.15 0.42
127.1500 1.2475 7.40 0.53
127.1502 -23.0710 6.50 0.06
127.1533 24.1449 6.05 0.25
127.1556 14.2108 5.94 0.20
127.1821 -60.1226 7.31 0.72
127.2077 -16.0632 7.29 1.02
127.2125 -9.7486 6.01 0.43
127.2157 53.8622 7.12 0.56
127.2169 -42.5875 6.61 -0.17
127.2226 -20.9504 6.69 -0.07
127.2235 -72.0818 6.88 0.21
127.2313 56.6671 7.05 1.13
127.2698 -47.9289 5.33 -0.14
127.2733 -43.9189 6.78 1.39
127.2744 -5.8761 7.36 0.94
127.2815 -44.1604 5.82 -0.16
127.2881 12.5520 7.26 1.44
127.2953 -28.6657 7.42 0.94
127.3031 32.6923 6.92 -0.08
127.3645 -44.7248 5.03 -0.17
127.3648 -27.3322 6.69 -0.10
127.3742 -54.2118 6.44 -0.11
127.3772 -0.9600 6.70 1.02
127.3788 -34.2623 7.46 1.19
127.4016 8.4172 6.83 1.01
127.4016 -55.1909 6.36 0.80
127.4169 24.3447 7.05 0.99
127.4289 -67.1398 7.28 0.02
127.4402 -46.3317 5.98 -0.13
127.4427 67.2974 5.89 0.97
127.4564 26.1929 6.81 -0.02
127.4614 -10.4666 7.14 1.02
127.4799 0.0193 7.03 0.82
127.5654 -51.1350 7.00 0.20
127.5665 60.7182 3.35 0.86
127.6052 -13.4685 7.33 0.06
127.6192 -32.1593 5.61 1.51
127.6242 -36.7213 6.78 1.90
127.6426 54.1191 6.76 -0.02
127.6434 -40.5117 7.05 -0.08
127.6635 -44.7373 6.30 -0.01
127.6736 46.7496 7.46 0.42
127.6843 68.5149 7.15 0.02
127.6934 -41.5150 6.62 0.90
127.7033 -31.1345 7.41 -0.12
127.7113 -33.6448 7.09 0.28
127.7165 78.2284 7.08 0.93
127.7229 -15.8347 6.75 1.56
127.7520 18.9684 7.43 0.28
127.7656 40.0556 7.06 0.16
127.7658 -14.0121 7.47 0.24
127.7687 38.2916 7.35 1.56
127.7688 -20.3041 7.41 0.11
127.7747 -39.0610 7.32 -0.06
127.7805 59.9126 7.14 0.66
127.7943 -47.8666 6.39 -0.15
127.7944 40.2249 6.71 0.11
127.8174 11.6384 7.40 1.33
127.8332 37.2649 6.18 -0.04
127.8401 -65.5228 7.45 -0.06
127.8496 -19.5057 7.12 0.39
127.8529 -39.0641 6.31 -0.13
127.8732 -54.3940 6.34 1.30
127.8772 24.0811 5.71 0.33
127.8789 -19.5775 5.42 -0.06
127.8959 34.9662 7.26 0.73
127.8989 18.0944 5.33 1.57
127.9029 -45.7848 7.00 -0.11
127.9095 -62.3390 7.42 -0.06
127.9152 -47.2410 6.78 -0.14
127.9221 18.9877 6.50 1.50
127.9360 -74.8550 6.72 1.12
127.9731 72.6921 7.42 1.57
127.9771 9.8141 6.78 -0.04
127.9794 50.6167 7.44 0.63
127.9963 -18.3904 7.06 0.88
128.0207 -53.2119 5.68 0.58
128.0377 -39.9530 7.36 -0.04
128.0474 12.8028 7.29 1.15
128.0706 -41.8324 7.02 -0.05
128.0723 29.3193 7.35 0.95
128.0758 -5.1081 7.26 1.02
128.0974 -49.6013 6.87 0.16
128.1390 -15.0301 6.38 0.28
128.1393 53.1148 6.23 1.01
128.1471 -5.8995 6.88 0.98
128.1483 -55.1236 7.35 -0.04
128.1547 5.7176 7.27 1.12
128.1567 -14.4180 6.62 1.34
128.1661 10.0660 6.48 -0.01
128.1688 -47.0421 6.49 1.29
128.1714 -55.4699 7.45 0.05
128.1744 -73.3568 6.11 0.95
128.1771 20.4412 5.33 1.25
128.1809 15.2746 7.41 1.46
128.2150 -31.5009 6.38 0.78
128.2220 69.3199 6.31 1.36
128.2241 -47.6055 6.57 0.13
128.2292 38.0164 5.88 1.11
128.2349 -49.1551 7.22 1.71
128.2438 -34.6340 6.36 0.95
128.2505 24.0848 6.35 1.03
128.2578 -45.7529 6.36 -0.12
128.2694 67.2929 7.28 1.02
128.2702 -24.6070 6.19 0.27
128.2731 -56.3966 7.49 -0.11
128.2883 -15.7645 7.44 0.99
128.2906 -43.6839 7.13 0.99
128.2952 -5.2226 6.80 0.07
128.3233 -5.3279 7.34 0.53
128.3328 -38.3707 6.48 -0.15
128.3406 36.4364 6.20 0.40
128.3667 -41.6167 7.05 0.73
128.3761 -46.9707 6.25 1.56
128.3896 -16.1096 6.56 1.04
128.4009 -80.1587 7.02 1.40
128.4101 -38.8488 5.92 -0.11
128.4312 4.7570 5.89 1.07
128.4377 13.2573 6.26 1.18
128.4405 -23.3555 7.22 0.74
128.4449 -9.9982 7.50 1.63
128.4795 58.6072 6.87 0.00
128.5067 -2.1516 5.80 0.01
128.5072 -25.0994 6.99 0.13
128.5133 -1.5682 7.46 0.61
128.5181 -41.6789 6.74 1.20
128.5339 -44.5448 7.47 -0.17
128.5400 -53.0715 6.79 -0.11
128.5457 -39.7291 7.01 1.21
128.5474 -36.9062 6.69 0.43
128.5537 -42.1025 7.27 1.21
128.5556 8.4523 6.04 0.33
128.5970 -82.5667 6.84 0.44
128.5972 18.3976 7.44 1.29
128.6208 -51.0931 6.58 -0.16
128.6219 -37.6112 6.28 1.56
128.6238 -27.0982 6.40 1.43
128.6240 47.1396 6.68 0.00
128.6319 -0.7261 7.32 0.79
128.6331 -32.5987 6.41 0.75
128.6384 5.5039 6.63 1.59
128.6487 -44.2703 7.31 1.00
128.6507 65.1452 5.47 0.21
128.6817 -49.9442 5.01 1.30
128.6829 36.4196 5.76 0.05
128.7229 48.5337 6.75 0.20
128.7294 73.4804 7.50 1.03
128.7625 41.0238 7.42 1.00
128.7675 11.2837 7.47 0.51
128.7726 -22.2550 7.24 1.25
128.7890 0.3626 6.94 0.96
128.7922 -54.2062 7.06 -0.11
128.7976 -34.0243 6.70 1.35
128.8022 -39.9705 6.44 0.58
128.8149 -58.2247 5.27 -0.13
128.8310 19.5901 6.55 0.68
128.8320 -58.0092 4.84 0.98
128.8540 2.7434 6.35 1.02
128.8675 -7.9823 5.72 -0.00
128.8696 -26.8435 5.95 0.39
128.9050 -42.5605 7.47 0.44
128.9210 -52.3223 7.47 1.63
128.9326 -40.8684 7.41 0.46
128.9378 19.7712 7.48 0.15
128.9436 -28.4786 7.13 1.14
128.9624 6.6202 5.91 0.53
128.9636 6.6228 7.25 0.71
128.9663 -11.2915 7.36 1.64
128.9668 -50.9697 5.79 -0.13
128.9683 -56.3728 7.06 0.43
129.0103 24.0511 6.99 0.08
129.0321 15.3136 6.33 0.34
129.0426 -56.7124 6.97 0.48
129.0456 13.7775 7.40 0.06
129.0648 42.5799 6.98 0.19
129.0727 20.3415 7.47 0.14
129.0863 -70.6767 6.87 -0.06
129.0903 -32.2619 6.69 1.09
129.0966 -38.4554 7.22 0.51
129.1649 -9.7142 7.48 1.14
129.1701 49.3763 7.09 1.68
129.1709 -47.4999 7.39 0.32
129.1781 25.9373 7.47 -0.01
129.1781 -47.9984 7.38 -0.10
129.1904 -52.5164 7.28 0.39
129.2032 74.7237 6.31 0.31
129.2402 -18.6811 7.01 0.93
129.2554 -44.1147 7.12 0.77
129.2656 -26.4164 6.80 1.14
129.2741 9.6556 5.92 0.08
129.2903 -49.4252 7.38 0.16
129.2921 69.6989 7.14 0.93
129.3100 77.0468 7.29 0.54
129.3196 5.9913 7.42 0.98
129.3284 -40.6914 7.29 0.51
129.3285 -62.8535 5.45 1.01
129.3335 -40.1477 6.53 0.60
129.3421 28.2944 6.63 0.83
129.3632 -4.9340 6.18 1.05
129.3735 -33.7457 6.51 0.32
129.3906 -12.5857 6.70 0.28
129.4110 -42.9891 4.11 0.11
129.4140 5.7038 4.14 0.00
129.4154 -40.4356 6.88 1.69
129.4165 -46.2827 6.86 0.04
129.4449 19.2672 6.72 0.19
129.4596 -6.8069 6.74 0.66
129.4673 -26.2550 5.24 -0.03
129.4711 -12.7059 7.13 0.95
129.4836 -74.5739 6.62 0.27
129.4841 39.6448 7.47 0.14
129.4898 -8.8816 7.02 0.52
129.5068 -11.7437 6.58 -0.04
129.5215 9.5746 6.54 -0.01
129.5236 -38.0090 7.19 -0.17
129.5791 32.8020 5.96 1.11
129.5845 -6.6623 6.52 0.45
129.5851 0.6911 7.24 1.04
129.5926 53.4015 5.66 0.96
129.6161 -62.8432 6.72 1.59
129.6532 -74.0742 6.82 1.05
129.6588 30.7122 7.44 1.30
129.6679 -19.7369 6.32 1.59
129.6867 -53.0904 6.45 -0.10
129.6893 3.3414 4.45 1.22
129.6897 23.6859 6.89 0.55
129.7346 -6.8483 7.17 0.07
129.7496 52.9251 6.34 1.32
129.7669 -55.9424 7.41 0.44
129.7714 -70.3867 5.19 0.01
129.7830 -22.6619 5.05 0.72
129.7897 -40.4192 7.20 0.39
129.7920 59.9391 6.47 0.04
129.7989 65.0209 5.63 0.62
129.8051 -60.3173 6.35 -0.00
129.8093 -37.4701 6.91 1.68
129.8102 -69.2739 6.99 -0.12
129.8122 -12.7375 6.65 0.03
129.8235 52.7116 5.91 1.17
129.8288 -39.7993 7.28 0.16
129.8422 -36.6067 6.12 0.43
129.8494 -53.4398 5.45 -0.13
129.8523 8.0176 6.46 1.08
129.8639 35.5198 7.37 0.07
129.8703 -18.2675 7.11 0.34
129.8828 32.5156 6.71 1.45
129.9204 -29.0827 6.94 1.12
129.9270 -29.5611 4.86 0.90
129.9276 73.6297 6.16 1.02
129.9277 19.7785 6.65 0.25
129.9325 5.7643 7.26 0.61
129.9588 -34.0098 7.09 1.37
129.9613 19.5408 6.59 0.96
129.9731 -17.3030 6.59 1.33
129.9848 32.7273 6.70 1.12
129.9900 -53.0547 5.18 -0.15
129.9966 -59.5469 6.78 -0.09
130.0061 -12.4754 4.98 1.42
130.0126 -53.8518 7.34 0.28
130.0256 -35.3084 3.97 0.94
130.0267 20.0078 6.39 0.98
130.0348 -51.9416 7.46 -0.11
130.0477 19.9711 6.61 0.01
130.0536 64.3279 4.59 1.18
130.0556 6.5656 6.60 0.90
130.0728 -53.0154 5.56 -0.12
130.0733 -52.9219 3.60 -0.17
130.0752 1.9202 6.76 1.38
130.0762 31.9419 6.21 0.40
130.0799 -40.2639 5.20 -0.03
130.0839 19.3490 6.76 0.27
130.0880 -42.3892 6.85 0.16
130.0920 19.6699 6.42 1.02
130.1005 -14.6969 7.46 0.08
130.1125 19.5448 6.29 0.17
130.1356 10.9241 6.78 1.38
130.1403 33.2773 6.74 1.07
130.1469 -45.1911 5.67 1.66
130.1543 -59.7610 4.31 -0.12
130.1565 -46.6487 3.77 0.67
130.1725 -12.1691 7.25 0.27
130.1791 51.4307 6.88 0.96
130.1800 19.7193 6.83 0.20
130.1814 -57.5455 6.34 0.21
130.2225 -48.2255 6.95 -0.15
130.2346 19.5803 6.77 0.17
130.2544 45.8340 5.35 0.99
130.2568 -9.0520 6.64 0.02
130.2696 -66.8163 6.71 -0.09
130.2722 -48.9227 5.90 -0.19
130.3047 -47.3171 4.74 0.14
130.3138 20.4769 6.72 0.11
130.3316 -78.9634 5.46 -0.10
130.3470 -72.5887 7.07 0.43
130.3544 59.0711 7.04 0.98
130.3854 -73.6146 7.00 -0.00
130.3955 -44.9919 6.70 -0.11
130.4306 -15.9434 4.87 1.06
130.4587 19.8742 6.90 0.96
130.4784 -22.0282 7.49 1.63
130.4871 -45.4107 5.20 0.17
130.5175 -74.6092 7.42 -0.03
130.5186 -89.4605 7.20 1.71
130.5390 -3.0499 7.40 1.48
130.5409 -11.9660 6.46 0.16
130.5415 -52.9677 7.38 0.01
130.5524 -32.2313 7.30 -0.02
130.5675 -48.0991 5.48 -0.17
130.5792 -53.1001 5.49 -0.13
130.5869 -55.7746 6.26 1.18
130.6058 -53.1140 4.83 -0.17
130.6179 -47.5213 6.73 0.23
130.6278 -8.4985 7.01 -0.05
130.6284 34.1877 7.42 0.58
130.6452 -48.1636 7.25 -0.16
130.6541 -4.4102 6.90 1.38
130.6739 39.0615 7.46 1.69
130.6926 31.8626 7.18 0.60
130.6975 -46.8073 6.92 0.27
130.7137 73.1692 6.95 0.01
130.7241 -9.8056 6.90 0.17
130.7375 -35.9433 6.42 0.02
130.7507 46.9008 6.21 0.98
130.7525 70.1645 7.22 1.20
130.7585 60.9301 7.28 0.98
130.7787 -45.5617 6.87 1.51
130.8012 -79.0701 6.05 0.23
130.8014 12.6809 5.62 0.43
130.8062 3.3987 4.30 -0.19
130.8215 21.4685 4.66 0.01
130.8253 -38.8824 6.58 0.92
130.8753 -61.6888 6.85 -0.11
130.8912 36.7149 7.06 1.05
130.8981 -33.1864 3.68 -0.18
130.9178 -49.8228 5.15 -0.20
130.9182 -7.2337 4.63 0.84
130.9226 9.3398 7.23 1.04
130.9764 -68.2116 6.33 1.50
130.9991 4.3346 6.37 -0.04
131.0034 -38.7793 6.99 0.98
131.0169 -4.2022 7.30 0.17
131.0405 -47.1161 7.23 -0.11
131.0422 36.9183 6.54 0.47
131.0618 32.0626 7.03 0.23
131.0644 42.1007 7.07 1.43
131.0768 -20.2668 7.38 1.00
131.0779 -37.5269 6.78 1.40
131.0998 -42.6493 4.05 0.87
131.1164 -32.0209 7.34 1.56
131.1250 -65.8254 6.03 0.22
131.1299 5.2859 6.87 0.12
131.1680 -41.2772 7.34 0.32
131.1712 18.1543 3.94 1.08
131.1728 -23.7884 6.72 1.26
131.1759 -54.7088 1.93 0.04
131.1782 -74.7880 6.66 1.22
131.1874 -42.6346 7.20 0.74
131.1877 10.0817 5.63 -0.07
131.1949 -22.2980 7.47 1.66
131.2117 -44.5426 6.56 0.57
131.2164 -37.1472 5.74 -0.14
131.2298 -21.1678 6.10 0.20
131.2530 -30.9781 7.16 0.04
131.2553 5.6806 6.13 0.20
131.2731 -58.7243 6.20 -0.08
131.2868 -32.2493 6.89 0.33
131.2958 43.6492 7.26 0.50
131.3226 -6.9785 6.66 1.47
131.3365 -2.6011 6.41 0.52
131.3393 30.6978 6.12 0.94
131.3472 0.1978 6.55 1.01
131.3733 18.8175 6.77 0.39
131.3801 28.4453 7.34 0.46
131.3953 4.6644 6.45 1.23
131.4077 37.2916 6.95 0.30
131.4089 -77.0753 6.85 0.06
131.4330 -55.8547 6.77 0.30
131.4455 48.8788 7.47 0.08
131.4475 -40.6156 7.24 -0.04
131.4479 -44.2480 6.70 -0.09
131.4515 -36.7430 7.45 -0.14
131.4554 -25.3881 6.07 0.08
131.4630 -37.8773 6.87 0.04
131.4801 -79.5044 5.79 1.59
131.4859 -32.1638 6.84 1.15
131.4867 73.2926 7.34 0.03
131.4928 -54.9604 6.99 0.84
131.4962 -48.6871 7.46 1.16
131.5069 -46.0415 3.87 0.01
131.5103 -2.0487 5.70 1.10
131.5188 33.5868 7.05 1.44
131.5274 -7.5843 7.49 1.38
131.5286 -11.0068 6.22 1.61
131.5398 -10.8299 6.79 1.58
131.5420 -26.6128 7.09 1.32
131.5597 27.5948 7.29 0.94
131.5809 -47.5499 6.87 0.26
131.5837 0.6468 7.08 0.19
131.5844 20.6165 7.13 0.07
131.5901 -33.9020 7.18 1.05
131.5939 -13.5477 4.32 0.90
131.5949 82.2393 6.86 -0.00
131.5990 -41.1254 6.21 -0.05
131.6020 10.5920 7.34 0.52
131.6273 -45.9125 5.43 0.24
131.6347 8.4779 7.07 0.01
131.6379 -42.5663 7.09 -0.12
131.6475 -8.6409 7.43 1.04
131.6514 -29.7281 7.29 2.09
131.6666 28.7651 6.58 0.05
131.6743 28.7599 4.03 1.01
131.6773 -56.7698 4.50 -0.17
131.6790 -63.1916 7.15 0.99
131.6824 -39.9079 7.06 -0.08
131.6898 -18.7578 6.60 1.03
131.6938 6.4188 3.38 0.69
131.7048 38.0422 7.41 1.41
131.7052 -34.6229 6.33 -0.13
131.7334 12.1100 5.89 0.12
131.7724 -45.0748 6.60 -0.12
131.7804 28.1618 6.60 0.68
131.7936 4.3580 7.38 0.02
131.8124 -1.8970 5.28 0.06
131.8136 7.6093 7.13 1.52
131.8285 -46.1554 5.71 0.55
131.8395 -17.0529 6.48 0.68
131.8416 -39.7998 7.46 0.04
131.8494 -34.6003 6.66 1.43
131.8547 -36.7507 7.42 0.30
131.8970 -13.5267 7.50 0.15
131.9181 -38.9920 6.99 -0.16
131.9183 -41.7368 6.35 0.58
131.9330 -38.9415 6.96 -0.10
131.9497 -42.2729 7.13 -0.12
131.9648 -33.3984 6.81 1.16
131.9746 -43.3542 7.23 0.85
132.0010 -52.8502 6.29 -0.10
132.0034 -49.5748 6.71 0.42
132.0203 -6.5588 6.09 1.28
132.0265 17.3948 7.22 1.43
132.0366 -42.4634 6.43 -0.18
132.0510 2.5801 7.31 0.46
132.0609 -28.6388 6.42 1.36
132.0763 0.5550 7.24 1.47
132.0952 -65.4305 7.10 1.15
132.1082 5.8378 4.35 -0.04
132.1092 -2.5209 7.31 0.93
132.1127 -58.2269 7.32 1.48
132.1284 -42.4007 7.39 -0.11
132.1369 2.5637 6.93 1.08
132.1543 10.4330 6.91 1.55
132.1560 -1.0448 6.42 1.14
132.1647 12.5469 6.66 1.64
132.1789 -39.2339 7.15 0.28
132.2053 66.7081 6.20 -0.11
132.2273 -38.9701 7.04 1.01
132.2514 38.3452 7.27 0.06
132.2592 -39.4147 7.43 -0.07
132.2640 -43.7612 7.33 -0.13
132.3022 3.4848 7.45 0.69
132.3139 -15.5647 7.27 0.54
132.3386 -43.3707 7.48 -0.09
132.3405 -3.4430 5.30 -0.08
132.3430 -10.8843 7.13 1.15
132.3628 -11.0190 7.39 1.30
132.4041 1.4825 7.03 0.02
132.4068 -62.5084 7.42 0.47
132.4132 -40.3202 5.47 0.07
132.4150 -63.1820 7.14 1.06
132.4178 -42.8235 7.47 -0.14
132.4188 -8.6381 6.82 0.24
132.4217 64.2648 7.09 1.28
132.4266 -28.2559 7.45 0.02
132.4294 -5.6945 7.15 0.88
132.4373 -21.0484 6.48 0.26
132.4388 29.4489 7.38 1.16
132.4485 -45.3079 4.94 0.04
132.4532 7.0148 6.67 1.06
132.4589 -72.5512 6.10 0.18
132.4646 -32.7805 5.19 0.88
132.4671 33.7200 7.38 0.90
132.4682 -39.1416 6.38 0.25
132.4764 2.3627 7.24 0.93
132.4818 -36.6161 7.15 0.50
132.4894 6.5472 6.94 0.01
132.5093 -29.4630 5.86 0.95
132.5789 -44.7211 7.50 0.98
132.5876 -42.0898 6.00 -0.11
132.5902 -28.6176 6.17 -0.06
132.5973 -35.9305 6.90 -0.11
132.6030 -4.1976 6.92 0.92
132.6331 -27.7098 4.02 1.27
132.6343 33.2851 6.22 0.55
132.6394 -46.5292 5.09 -0.20
132.6447 -66.7930 5.34 0.42
132.6513 -4.6995 7.02 0.30
132.6599 36.8771 7.49 1.21
132.6684 18.0034 6.70 0.88
132.6845 35.0710 6.86 0.59
132.6880 18.8322 6.41 0.01
132.6922 26.8268 7.44 0.33
132.6942 78.1651 6.93 1.51
132.7300 85.0510 7.42 0.48
132.7512 73.7520 7.44 1.55
132.7561 15.3507 6.36 0.67
132.7950 15.9994 7.38 0.91
132.8080 -38.6331 7.00 -0.17
132.8466 45.9332 7.45 1.55
132.8659 -42.5045 6.54 0.04
132.8661 -61.3630 7.16 0.55
132.8718 70.2994 7.12 1.63
132.8934 -7.1772 5.55 0.15
132.9022 -57.6336 5.59 -0.10
132.9398 -55.8089 6.69 -0.04
132.9585 -44.1509 6.38 -0.15
132.9816 -40.9866 6.49 -0.11
132.9847 11.1359 7.47 1.23
132.9868 43.7266 5.15 0.97
133.0142 4.4661 7.20 0.17
133.0403 29.8537 7.08 1.03
133.0418 42.0027 5.98 1.25
133.0490 45.3128 5.96 1.23
133.0683 8.0629 6.57 0.64
133.0851 -12.8087 6.83 0.55
133.0907 -56.2421 7.21 -0.08
133.1008 5.3403 6.34 0.12
133.1030 -55.3417 6.79 0.01
133.1089 -32.5093 6.49 1.45
133.1191 28.2592 6.25 1.55
133.1282 -13.2329 6.12 1.14
133.1443 32.4742 5.67 0.22
133.1494 28.3308 5.96 0.87
133.1609 -48.3591 5.92 -0.15
133.1612 -36.5453 6.41 0.55
133.1701 -52.1289 6.39 0.00
133.1990 -47.3943 6.81 -0.03
133.2001 -38.7241 5.79 1.51
133.2046 -69.8306 7.44 0.01
133.2504 29.9615 7.35 1.09
133.2658 -56.6495 6.02 -0.02
133.2722 -16.9525 6.43 1.08
133.2747 59.0561 6.35 0.41
133.2755 52.3902 6.92 0.50
133.2835 54.9530 7.38 0.61
133.2981 37.0703 7.09 0.61
133.2999 17.3685 6.87 0.40
133.3429 -44.3331 7.42 0.09
133.3440 61.9623 5.72 0.30
133.3723 -11.3919 6.98 1.53
133.4015 -17.3592 7.35 0.50
133.4406 13.8304 7.06 0.19
133.4528 -60.3539 5.78 -0.09
133.4608 -47.5208 5.31 0.28
133.4614 17.5451 7.24 -0.01
133.4615 -40.4475 6.42 0.96
133.4664 1.8243 7.23 0.34
133.4788 -45.3771 7.44 0.86
133.4806 19.9671 6.68 0.70
133.4820 35.5383 6.14 0.06
133.4867 -41.8270 7.37 -0.12
133.4908 8.4216 7.15 0.51
133.5008 -74.8849 7.45 1.29
133.5026 -42.4858 7.16 0.24
133.5046 -35.6505 7.39 0.51
133.5411 -32.1556 7.26 1.05
133.5532 -43.4990 6.97 1.64
133.5614 30.5791 5.40 1.05
133.5617 -8.7609 7.44 0.55
133.5748 -5.4345 6.01 0.66
133.5886 26.9238 7.01 1.60
133.6235 -23.5218 7.23 0.55
133.6284 5.4644 7.23 1.63
133.6594 -11.3774 6.59 1.66
133.7182 -36.0570 7.41 1.15
133.7252 -58.2397 6.36 -0.09
133.7333 26.1983 6.73 0.67
133.7394 52.7946 7.29 -0.02
133.7402 -15.7793 7.10 1.05
133.7433 -3.5556 6.98 0.20
133.7450 32.7438 7.39 0.11
133.7452 -18.8122 7.38 0.84
133.7517 -54.6994 7.21 0.79
133.7569 -34.1432 7.15 1.13
133.7619 -60.6446 3.84 -0.10
133.7990 -54.9658 5.70 0.48
133.8018 -18.2412 5.75 1.33
133.8111 -18.2568 7.06 1.53
133.8212 -11.3717 6.86 0.17
133.8268 -38.3278 7.26 1.48
133.8300 -45.0417 6.26 -0.15
133.8448 -3.1477 7.02 1.13
133.8453 17.2313 6.28 2.98
133.8485 5.9456 3.11 0.98
133.8556 -33.4018 7.07 0.48
133.8588 5.5659 6.68 1.27
133.8642 26.4098 7.36 0.03
133.8734 -7.9712 6.07 0.22
133.8815 -27.6819 4.87 0.14
133.9153 27.9275 5.23 1.00
133.9194 -2.7908 6.93 1.10
133.9770 -15.4395 6.47 1.39
133.9815 11.6260 5.44 1.46
133.9829 -23.8183 6.39 0.16
134.0563 24.4478 6.74 0.40
134.0715 -60.4720 7.38 1.70
134.0803 -52.7235 4.68 -0.12
134.0828 -37.1225 6.85 0.62
134.0936 38.8117 7.38 1.34
134.1016 83.8874 7.48 0.56
134.1272 40.2015 5.90 0.38
134.1409 45.7641 6.84 0.34
134.1422 -16.7087 5.95 1.54
134.1543 4.2366 6.13 1.00
134.1561 64.6038 5.57 0.88
134.1643 33.2578 7.32 0.51
134.1742 -85.6632 5.43 0.31
134.1762 -63.0485 7.20 -0.04
134.2070 -17.4334 6.56 0.41
134.2083 45.6316 5.72 1.12
134.2280 65.5260 7.36 1.10
134.2329 -73.9219 6.99 1.35
134.2358 32.9104 5.44 0.18
134.2372 56.8889 6.97 1.48
134.2434 -59.2293 4.93 -0.18
134.2439 -49.6810 7.16 1.71
134.2704 35.0234 7.17 1.02
134.2715 21.8604 7.04 0.91
134.2811 44.4093 6.93 0.92
134.2815 -43.2562 7.31 0.00
134.2845 17.1438 6.17 1.00
134.2857 -71.0169 7.05 1.44
134.2991 50.7417 7.32 0.06
134.3068 2.5249 6.95 0.36
134.3123 15.3228 5.22 0.15
134.3279 32.4451 6.99 0.30
134.3548 58.2188 6.89 0.17
134.3680 -44.2654 7.39 -0.15
134.3702 -50.7495 7.09 0.12
134.3967 15.5813 5.68 0.21
134.4184 -24.8411 7.11 1.00
134.4251 9.3878 6.19 0.98
134.4324 -38.7426 7.50 -0.07
134.4441 38.2589 7.10 0.48
134.4632 -18.8890 7.11 0.00
134.4815 -48.5729 5.88 1.06
134.4938 -4.8593 6.68 0.39
134.4944 30.2338 6.25 0.47
134.5342 1.5416 6.59 0.06
134.5731 70.6547 7.08 1.22
134.5762 18.3083 6.56 0.02
134.5947 78.1457 7.34 0.35
134.6141 35.8026 6.65 0.01
134.6218 11.8577 4.26 0.14
134.6830 -16.1327 5.80 0.52
134.6918 -64.5305 6.90 1.07
134.6931 -16.7486 6.98 1.36
134.6954 66.0014 7.30 0.24
134.7078 25.4050 7.47 0.68
134.7182 -47.2347 5.17 0.27
134.7307 -15.9849 6.74 1.54
134.7325 -68.1393 6.93 -0.06
134.7526 63.4286 7.17 0.91
134.7740 63.3525 7.07 0.14
134.7947 18.1349 6.30 1.51
134.8024 48.0418 3.12 0.22
134.8084 -16.5026 7.13 1.12
134.8159 -28.8060 6.24 1.00
134.8360 -63.4668 6.93 0.00
134.8513 45.7384 6.64 0.01
134.8512 -59.0837 5.17 0.42
134.8620 13.0744 6.49 1.46
134.8861 32.4186 5.23 0.91
134.9163 -19.2080 6.19 0.46
134.9280 -27.8163 6.88 0.69
134.9393 -51.5038 7.19 0.15
134.9735 -22.6915 6.96 0.43
134.9914 26.4345 6.86 0.26
135.0045 -49.5580 6.88 1.32
135.0186 82.7194 7.13 1.12
135.0226 -41.2536 4.45 0.65
135.0250 -74.3999 6.85 -0.06
135.0691 61.9448 7.42 1.01
135.0927 -43.1740 6.04 -0.15
135.1283 37.6044 6.21 1.57
135.1372 -12.1407 7.38 0.33
135.1583 -51.5556 6.70 -0.15
135.1584 -21.2159 7.11 0.36
135.1603 41.7829 3.96 0.46
135.1753 -38.4195 7.28 -0.13
135.1901 -9.1914 7.19 0.07
135.1906 -60.9638 5.80 1.21
135.2223 -24.1536 6.94 0.10
135.2403 -24.9699 7.49 0.34
135.2588 -9.2197 7.38 0.05
135.2759 1.2802 7.43 0.09
135.2762 -27.5157 7.19 1.73
135.2854 -68.6839 5.89 1.63
135.2976 -26.6637 6.20 1.14
135.3117 -2.5616 7.50 1.13
135.3288 -64.9242 7.20 1.57
135.3369 -41.8643 5.56 -0.14
135.3505 32.2523 5.89 0.09
135.3805 -4.4560 6.65 1.41
135.3808 5.6410 6.08 1.11
135.3816 -49.5793 7.44 -0.12
135.3866 40.9406 7.43 0.42
135.4084 -1.4763 7.36 0.15
135.4199 39.7135 6.39 0.31
135.4319 17.0811 7.39 -0.01
135.4357 -52.1887 5.23 -0.12
135.4535 27.9026 6.07 0.24
135.4542 -26.5635 7.25 0.50
135.4549 5.6517 7.19 0.31
135.4891 -8.3742 7.29 1.10
135.4916 -0.4827 5.64 1.16
135.4949 2.6712 7.10 0.30
135.5266 -39.4022 6.25 1.00
135.5286 -40.5547 6.91 0.42
135.5790 38.6566 7.34 1.52
135.6007 -2.3659 7.46 0.44
135.6117 -66.3961 4.00 0.14
135.6363 67.6296 4.74 1.54
135.6369 25.8554 7.30 1.08
135.6483 -42.7074 7.30 0.03
135.6785 82.7449 6.99 0.40
135.6844 24.4529 5.45 -0.04
135.6867 7.2983 5.85 1.10
135.7159 -32.4401 6.94 -0.02
135.7619 49.9482 6.87 0.08
135.7722 -53.5504 6.39 -0.07
135.7825 -14.0036 7.36 1.66
135.7868 -25.5042 6.72 -0.03
135.7982 -62.3516 7.39 0.39
135.8109 6.8160 6.53 1.04
135.8158 32.8814 7.03 0.50
135.8172 -33.6007 7.15 -0.01
135.8251 -70.6067 6.93 0.30
135.8380 -4.4416 7.46 0.11
135.8629 37.8410 7.04 0.61
135.8845 53.1083 6.87 1.00
135.9064 47.1565 3.57 0.01
135.9309 -5.1714 6.83 -0.06
135.9375 -17.4966 6.58 1.45
135.9463 38.7421 6.70 1.36
135.9565 -64.6852 7.42 0.05
135.9932 71.3055 7.09 0.32
135.9938 -36.7390 7.28 0.45
136.0017 54.2839 5.74 0.03
136.0241 -47.4415 6.46 -0.15
136.0387 -47.0977 3.75 1.17
136.0411 27.8983 6.67 0.02
136.1135 43.4419 7.22 1.36
136.1322 -56.3436 6.81 0.40
136.1368 -56.3410 6.89 0.04
136.1654 3.5411 7.29 0.15
136.1733 -17.2368 7.16 0.36
136.1999 -57.8526 6.43 0.29
136.2083 -46.8160 6.88 0.08
136.2295 32.3768 6.46 0.24
136.2389 -10.1219 7.27 0.31
136.2421 13.3439 7.37 0.99
136.2499 22.8324 7.36 0.61
136.2720 -3.7809 7.23 1.29
136.2775 -29.0182 6.63 1.41
136.2868 -72.6027 4.47 0.61
136.3141 2.4141 7.38 0.16
136.3283 50.8238 6.77 0.41
136.3293 -61.8268 7.38 1.20
136.3504 48.5303 5.48 0.47
136.3772 -50.2869 7.27 -0.12
136.3890 36.1804 7.07 0.29
136.4057 64.0545 7.42 1.28
136.4099 -70.5385 4.66 -0.15
136.4874 -36.0959 7.32 1.31
136.4932 5.0923 4.99 1.19
136.5318 -64.4998 6.37 1.36
136.5524 15.8624 7.41 0.08
136.5934 68.4451 7.08 0.27
136.5939 49.6114 7.49 -0.18
136.6242 -2.5997 7.34 0.65
136.6324 38.4522 4.56 1.04
136.6418 -55.8024 6.10 -0.13
136.6617 -43.4920 7.31 0.66
136.6798 59.3445 6.44 0.04
136.7132 38.2784 6.61 0.45
136.7137 -60.2615 7.38 -0.07
136.7282 -18.2016 6.65 1.04
136.7498 1.4627 6.16 1.65
136.7941 9.6714 7.39 1.06
136.8064 51.6299 7.20 0.96
136.8112 -51.2118 6.72 1.62
136.8114 -13.3072 7.04 0.30
136.8196 2.5816 6.66 0.42
136.8244 -38.8176 7.32 1.41
136.8279 -57.4637 6.61 0.97
136.8425 0.6002 7.16 0.03
136.8621 22.9809 6.39 0.45
136.8689 -30.0829 7.39 0.98
136.9074 31.2006 6.95 1.36
136.9164 -59.1847 7.36 0.18
136.9272 -44.6324 6.78 -0.01
136.9320 -12.0207 7.15 1.47
136.9367 10.6682 5.23 -0.09
136.9717 25.6263 7.04 0.19
136.9919 -7.8050 7.37 0.32
136.9990 -43.4326 2.23 1.67
137.0002 29.6542 5.42 0.89
137.0064 -2.4762 7.09 0.87
137.0120 -25.8585 4.62 1.59
137.0173 32.5404 6.47 0.38
137.0228 -58.1296 6.94 0.93
137.0263 47.4237 7.09 1.18
137.0266 14.0425 7.30 1.62
137.0301 -37.3589 7.32 -0.03
137.0350 14.7114 7.35 1.21
137.0523 11.9482 7.29 0.98
137.0708 -41.4261 7.12 1.15
137.0980 66.8732 5.15 1.51
137.1052 -15.1448 7.29 0.62
137.1526 -25.8394 6.77 0.57
137.1543 -38.7840 7.40 0.23
137.1670 -54.3704 7.44 -0.11
137.1757 -8.5895 5.60 -0.06
137.1814 -26.7676 6.15 0.17
137.1855 -16.2773 6.48 1.10
137.1972 26.6291 5.95 0.65
137.2075 -10.7575 7.15 0.61
137.2129 33.8822 5.95 0.58
137.2179 51.6046 4.46 0.29
137.2226 -53.5934 6.81 0.15
137.2579 7.5132 6.99 0.95
137.2596 17.4697 7.19 1.21
137.2675 -18.3285 5.73 0.00
137.2859 -1.5879 7.44 1.45
137.2902 -20.9273 7.42 1.00
137.2980 -12.3577 5.76 0.94
137.3397 22.0454 5.16 0.97
137.3934 -29.8169 6.67 0.92
137.3982 -8.7876 5.47 1.00
137.4194 -9.9379 7.47 1.28
137.4209 -13.8574 7.44 1.52
137.4375 -49.4244 6.48 0.17
137.4408 -25.8031 7.04 0.08
137.4434 11.5644 6.48 0.35
137.4563 59.1539 7.07 0.98
137.4701 -47.4762 6.83 -0.13
137.4851 -30.3654 5.59 0.18
137.4879 -52.0829 6.19 1.02
137.5257 -49.2898 7.02 -0.11
137.5324 -65.4895 7.30 0.44
137.5431 -16.8626 6.98 0.34
137.5869 21.9964 6.04 0.89
137.5872 -6.1597 7.46 0.89
137.5958 -23.1767 6.53 0.00
137.5981 67.1340 4.80 0.49
137.6190 -26.2869 7.48 -0.11
137.6384 -36.8445 7.49 0.92
137.6617 30.9631 6.04 1.37
137.7291 63.5136 4.67 0.38
137.7405 -43.2675 7.02 0.06
137.7421 -58.9669 3.43 -0.19
137.7600 71.3644 7.02 1.02
137.7683 -44.8679 4.99 0.22
137.8030 80.8289 6.37 0.39
137.8198 -62.3170 3.96 -0.18
137.8591 -35.7478 7.38 0.18
137.8620 8.9760 6.98 1.50
137.8719 0.2913 6.78 1.32
137.8863 -57.9684 6.59 -0.13
137.8891 -46.5839 5.78 -0.22
137.9077 -54.0370 6.73 -0.05
137.9206 -39.2588 6.05 -0.11
137.9436 44.8241 7.22 1.04
137.9493 -69.2034 7.45 0.49
137.9616 -28.3148 7.10 1.06
137.9818 5.4686 6.34 0.33
137.9844 50.4399 6.69 0.03
137.9871 18.0441 6.87 0.09
137.9881 -67.7217 7.24 0.40
137.9948 -19.7476 5.72 0.98
138.0512 -76.6630 6.13 1.09
138.0537 3.8670 6.14 -0.01
138.0577 -45.8484 6.66 0.44
138.0732 14.9960 6.49 0.73
138.0912 -28.9476 6.76 -0.00
138.1057 -81.7686 7.49 0.56
138.1063 -25.6009 7.14 0.62
138.1085 -7.1098 6.10 0.23
138.1272 -43.6133 5.56 -0.11
138.1724 -3.0331 7.10 1.31
138.1914 61.6757 7.37 0.12
138.2096 56.9418 7.03 1.13
138.2109 -60.9168 6.36 -0.04
138.2318 -59.4139 5.54 0.85
138.2340 -31.0661 7.14 1.24
138.2386 -15.4193 7.44 0.40
138.2862 -53.5048 7.27 -0.05
138.3006 -69.7172 1.67 0.07
138.3278 -42.2733 6.27 1.25
138.3398 -29.6644 6.38 1.60
138.3453 5.8155 7.31 -0.05
138.3533 3.8246 7.23 0.28
138.3576 -38.6165 6.31 0.02
138.3799 -49.0945 6.61 1.52
138.3936 -47.3384 5.92 -0.05
138.4053 21.2832 6.48 0.05
138.4256 65.7969 7.48 0.45
138.4268 -28.3052 7.41 1.00
138.4473 -22.8696 7.39 0.97
138.4509 43.2178 5.30 -0.13
138.4664 -61.2798 6.99 -0.04
138.4772 2.8628 7.00 1.53
138.5129 -14.6948 6.46 0.96
138.5135 71.6558 6.52 0.96
138.5287 -60.5354 7.45 0.04
138.5342 -44.1458 5.85 -0.11
138.5343 -68.9174 7.30 1.26
138.5750 -55.5696 5.26 0.98
138.5856 61.4233 5.18 0.60
138.5894 -32.5569 6.61 1.40
138.5911 2.3143 3.89 -0.06
138.5948 -65.0539 7.04 1.07
138.6020 -43.2275 5.24 -0.14
138.6161 25.0115 6.92 1.26
138.6822 -43.4648 6.80 1.13
138.6933 -35.9620 7.28 0.04
138.6978 -55.6409 7.16 -0.11
138.7166 -1.5871 6.97 0.10
138.7211 -8.7579 7.27 0.04
138.7382 -37.6024 5.85 0.83
138.7412 -33.0669 7.40 1.03
138.7411 38.6093 6.75 0.37
138.7573 -20.1203 7.31 0.12
138.8077 14.9415 5.36 1.32
138.8088 -19.5961 7.46 -0.02
138.8094 34.6335 5.98 0.84
138.8110 -45.5555 6.25 -0.07
138.8230 67.1388 7.27 0.29
138.8235 -58.3884 6.02 -0.10
138.8386 84.1810 6.30 0.34
138.8432 -8.4827 6.96 0.32
138.8539 -15.0249 6.32 0.01
138.8941 -33.3240 6.84 1.31
138.8947 -57.5777 6.32 1.04
138.9030 -38.5699 4.92 1.08
138.9209 -13.1313 7.42 1.31
138.9378 -37.4131 4.63 0.47
138.9575 56.7414 5.28 1.57
138.9642 -37.6293 7.06 1.28
138.9696 72.9463 5.93 0.18
138.9783 -49.9735 7.47 1.33
139.0168 -44.8987 6.02 0.27
139.0183 -8.3504 7.26 0.34
139.0317 -28.8863 7.36 0.05
139.0471 54.0219 4.80 0.20
139.0504 -57.5415 4.34 1.60
139.0960 -44.2657 5.12 1.64
139.1074 -19.4589 7.28 0.40
139.1130 18.8103 7.03 0.32
139.1148 -13.8341 6.82 0.19
139.1666 0.7290 6.73 0.44
139.1670 -49.5787 6.96 0.72
139.1724 -8.7448 5.49 -0.08
139.1739 -6.3531 5.24 1.17
139.1940 -84.6603 7.14 1.13
139.2317 -63.7751 7.42 0.00
139.2333 -40.1166 7.11 0.98
139.2377 -11.1031 6.45 1.17
139.2378 -39.4015 5.31 1.17
139.2416 -45.0120 6.75 -0.01
139.2558 77.0742 6.98 0.08
139.2726 -59.2752 2.21 0.19
139.2822 -14.5741 5.83 1.05
139.3011 1.9296 6.82 0.27
139.3068 -67.6765 6.79 1.31
139.3222 -68.6896 5.38 0.41
139.3247 33.5008 6.85 1.01
139.3301 23.6527 7.32 0.51
139.3550 -74.8943 5.28 0.02
139.3651 -74.7346 5.86 -0.02
139.3717 -11.9620 7.07 1.03
139.3798 69.8735 7.09 1.08
139.3799 46.8172 5.96 0.06
139.3872 0.5549 6.96 0.17
139.3996 27.4222 6.77 0.41
139.4262 -54.4948 6.33 1.40
139.4402 23.0788 6.97 1.15
139.4618 7.9461 7.08 0.92
139.4640 11.5011 6.40 0.10
139.4653 -67.0509 6.14 1.25
139.4727 28.5605 7.20 0.99
139.4848 -37.3979 7.07 0.67
139.4989 -45.6363 7.21 -0.15
139.5245 -51.0509 5.26 -0.06
139.5430 -18.2477 7.49 0.26
139.5693 -65.4308 7.50 1.22
139.6039 -57.2731 6.78 1.47
139.6080 35.3641 5.94 0.18
139.6330 -39.0438 6.89 0.06
139.6765 -51.5607 5.83 0.47
139.6818 -34.0959 7.48 1.54
139.7110 36.8026 3.82 0.07
139.7152 -45.0080 7.20 1.09
139.7417 -16.8008 6.98 0.18
139.7451 17.7054 6.61 0.49
139.7490 35.6825 7.34 1.58
139.7512 -47.9678 7.02 0.99
139.7828 -22.5531 7.19 0.03
139.7891 -56.3655 6.84 0.16
139.8139 46.9438 6.91 -0.02
139.8140 26.2518 6.61 1.43
139.8331 -58.9294 7.04 0.54
139.8716 -67.4313 7.47 1.63
139.8773 9.7901 7.17 0.99
139.8853 -55.1865 6.28 -0.10
139.8880 -15.8347 5.79 1.28
139.8912 -11.3150 6.62 0.09
139.9433 -11.9749 4.77 0.93
139.9497 -34.1033 6.40 -0.09
139.9632 5.2160 6.62 0.26
139.9796 -13.3059 7.09 1.03
139.9823 74.0166 6.42 1.05
139.9892 -35.4981 7.09 1.01
140.0044 -46.9504 7.27 -0.10
140.0635 -45.1732 6.70 1.23
140.0875 -9.6102 6.99 0.39
140.1056 -75.7134 7.41 0.05
140.1097 -29.1268 7.03 1.28
140.1209 -9.5557 4.80 0.91
140.1227 52.4510 6.54 0.09
140.1236 -37.5817 6.04 1.40
140.1327 -61.9930 6.91 -0.09
140.1528 0.1817 6.66 1.57
140.1579 19.0906 7.24 0.92
140.1651 -80.3899 7.41 0.96
140.1824 51.2661 6.14 0.44
140.1846 -31.7602 6.80 0.01
140.1848 -7.7301 7.39 0.48
140.2312 -15.6178 6.30 0.47
140.2368 -62.4046 4.79 0.93
140.2474 38.1883 6.12 0.38
140.2639 34.3926 3.14 1.55
140.2874 2.9410 6.99 0.39
140.2932 -35.3572 7.43 0.40
140.2942 25.1632 7.26 0.63
140.2993 34.9477 7.45 0.44
140.3139 15.3714 6.57 -0.00
140.3145 39.6665 6.66 0.93
140.3261 -42.8245 7.27 0.99
140.3272 13.1115 6.67 0.51
140.3484 45.3701 6.40 1.30
140.3558 40.2839 7.11 0.32
140.3562 16.5983 6.98 0.28
140.3632 32.9022 6.16 1.10
140.3733 -25.9654 4.71 1.63
140.3777 -34.3365 7.47 1.14
140.3930 -60.8305 7.38 0.10
140.4142 32.2642 6.79 0.14
140.4171 -56.9034 7.22 0.99
140.4304 56.6992 5.79 1.51
140.4366 -2.7929 7.21 -0.02
140.4534 88.5703 7.10 0.17
140.4586 -55.5147 5.61 0.19
140.4624 -42.1949 5.56 1.64
140.5071 74.9127 7.43 0.30
140.5284 -55.0107 2.47 -0.14
140.5867 -39.3801 7.48 1.52
140.5955 48.4101 7.46 0.46
140.5960 -6.0606 7.33 0.23
140.6000 -46.0474 5.74 0.90
140.6224 -17.8940 6.97 0.40
140.6342 49.5448 6.94 -0.03
140.6343 -15.2348 6.72 0.98
140.6524 -39.7753 6.53 1.12
140.7067 -35.5232 7.21 0.56
140.7108 -5.0393 7.39 0.94
140.7119 -9.8388 6.51 0.25
140.7749 -53.8202 6.81 1.04
140.8011 -28.8339 4.71 0.89
140.8108 -21.0377 6.83 1.57
140.8157 3.5014 7.31 0.34
140.8201 69.3532 7.36 1.42
140.8557 -48.2869 6.27 -0.14
140.8557 -77.8905 7.08 0.63
140.8639 -60.3023 6.30 1.48
140.8731 7.7137 6.82 1.59
140.8761 -16.6662 7.33 -0.04
140.8824 25.1828 6.41 0.86
140.9114 2.4100 7.41 1.11
140.9147 -33.2005 6.73 0.11
140.9157 -46.9087 6.21 -0.09
140.9178 5.2196 6.86 0.21
140.9370 -37.7569 6.47 0.19
140.9574 -35.2475 6.57 0.05
140.9601 34.5482 7.18 1.05
140.9785 -5.3615 7.48 1.44
140.9972 -51.7371 6.05 0.53
141.0229 -61.6489 5.99 1.06
141.0333 25.9183 6.79 1.26
141.0402 -80.7869 5.34 0.45
141.0488 60.4471 7.33 1.40
141.0678 -39.4255 6.05 0.19
141.0778 23.5792 7.24 1.11
141.0937 36.5871 6.68 0.21
141.0952 -29.1808 7.48 1.65
141.1191 6.3501 6.73 0.51
141.1301 18.1414 7.18 0.75
141.1547 -70.0758 6.45 1.27
141.1636 26.1823 4.47 1.22
141.1748 17.7106 7.13 1.51
141.1889 19.7866 6.53 0.93
141.1932 50.2783 7.03 0.86
141.2042 -23.8263 7.35 1.01
141.2160 -15.6385 7.32 0.91
141.2218 -4.2829 6.92 0.44
141.2319 51.5739 6.30 0.77
141.2348 -64.7081 7.43 0.12
141.2499 -17.2187 7.28 0.39
141.2828 -43.9766 6.31 1.53
141.3148 -46.9429 7.12 1.36
141.3192 -65.2703 6.91 0.30
141.3303 -54.4638 6.90 1.40
141.3444 6.2583 7.36 1.19
141.3501 -5.1174 5.60 1.52
141.3626 -6.4045 7.01 0.28
141.3638 -61.9505 5.77 0.14
141.3854 16.5856 6.31 0.97
141.3996 -5.8769 7.50 0.49
141.4014 -53.2518 6.98 0.51
141.4044 -25.3371 6.72 -0.03
141.4077 54.0159 7.36 0.17
141.4145 -40.3141 7.38 1.52
141.4341 63.9409 6.24 1.47
141.4376 32.7621 7.39 0.92
141.4827 -20.7618 7.24 0.26
141.4866 -17.9474 6.95 0.98
141.4960 -56.0894 7.31 -0.00
141.5159 -1.2349 6.58 1.42
141.5174 -59.7441 7.26 1.33
141.5459 -30.0348 7.19 0.05
141.5477 70.3494 7.34 1.06
141.5749 -53.3789 5.09 -0.10
141.5930 -1.4641 6.01 1.31
141.6024 -42.2512 6.67 0.43
141.6160 -54.8744 7.16 -0.10
141.6186 -40.5017 6.19 0.25
141.6436 19.0599 7.50 0.20
141.6469 -33.8974 7.00 1.17
141.6654 -24.1679 6.91 -0.00
141.6692 -44.2396 7.50 0.02
141.6710 -16.4445 7.43 0.97
141.6717 36.4575 6.99 0.46
141.6839 -64.9297 6.05 0.15
141.6871 -28.7877 6.12 -0.09
141.6961 -59.5788 6.52 -0.08
141.7038 -19.1551 6.96 0.17
141.7045 41.0242 7.43 1.40
141.7222 -54.3517 6.86 1.06
141.7363 14.3031 6.83 1.39
141.7455 -48.6941 6.81 -0.04
141.7534 -16.0132 6.97 1.48
141.7768 -71.6019 5.46 1.08
141.8090 -33.7913 7.16 1.15
141.8110 -9.2237 6.53 0.05
141.8196 6.2328 6.90 0.52
141.8267 -22.3438 4.72 1.15
141.8822 42.7643 7.43 0.29
141.8821 -58.0946 7.20 0.60
141.8969 -8.6586 1.99 1.44
141.9014 12.4002 7.46 1.15
141.9100 -35.0074 6.63 0.21
141.9434 -42.5783 7.34 0.05
141.9449 -6.0712 5.38 0.64
141.9548 -71.7811 6.33 0.41
141.9651 75.0983 6.20 0.12
141.9710 -22.5285 7.22 1.04
141.9748 -14.8683 7.43 0.53
141.9891 -53.5173 6.74 0.44
142.0260 -10.0246 7.26 1.17
142.0553 -7.7207 6.99 1.61
142.0608 -34.9041 7.38 -0.01
142.0855 -9.9869 6.78 1.01
142.0871 -49.6548 7.27 0.41
142.1142 9.0568 5.40 0.60
142.1191 -59.1499 7.41 1.27
142.1216 8.1883 5.72 1.04
142.1274 -66.7019 5.90 0.01
142.1394 12.3853 6.88 1.04
142.1424 -45.4978 7.13 -0.12
142.1615 -25.4336 7.12 0.23
142.1666 45.6015 5.40 0.99
142.1964 -62.2731 5.91 1.10
142.2467 50.0311 7.07 1.54
142.2596 -1.2569 6.27 0.27
142.2871 -2.7690 4.59 0.41
142.3027 -20.7491 5.66 1.59
142.3113 -35.9513 4.51 1.41
142.3175 -38.4035 6.15 0.22
142.3179 -52.4246 7.25 -0.06
142.3217 -13.7368 7.13 1.66
142.3254 -33.6725 7.48 1.63
142.3270 -3.1654 6.95 0.29
142.3279 -44.5389 7.01 0.54
142.3398 56.2409 6.89 0.39
142.3438 -43.1903 6.60 0.48
142.3518 -2.2052 6.14 0.22
142.3613 -17.5053 7.09 0.11
142.3691 -44.5324 6.98 0.50
142.3851 -4.2466 6.25 0.84
142.3872 17.6519 7.26 1.49
142.3881 -62.3609 6.54 0.11
142.4017 -3.1224 7.41 0.66
142.4028 -58.2991 6.75 1.01
142.4054 -50.6037 7.11 0.39
142.4185 -26.5942 6.52 0.92
142.4411 -25.5282 7.46 1.14
142.4491 55.7452 6.50 0.39
142.4578 -23.3453 6.26 1.56
142.4609 -43.9589 7.25 0.08
142.4771 -26.5896 5.49 1.34
142.4784 5.6551 7.20 1.00
142.4816 33.5516 7.46 1.15
142.4926 -28.2430 7.33 -0.01
142.5209 -28.5937 7.40 1.25
142.5213 -51.5172 5.45 -0.08
142.5588 -24.2741 6.57 1.42
142.5822 -33.4039 6.87 1.29
142.5913 -31.5500 7.17 0.38
142.5937 -15.5774 5.86 1.19
142.5977 -58.3618 5.88 1.68
142.5981 21.8127 6.94 0.24
142.6380 -45.5706 6.62 1.17
142.6462 1.2573 7.43 0.05
142.6597 44.7694 7.34 0.20
142.6677 -28.7665 6.57 1.23
142.6723 -4.0654 7.09 1.42
142.6751 -40.4668 3.60 0.37
142.6801 33.6557 5.87 1.03
142.6921 -31.8892 5.75 0.07
142.7298 -5.6615 6.84 1.05
142.7758 3.0798 7.27 0.51
142.7838 73.9583 7.42 1.43
142.8054 58.7565 7.44 1.40
142.8056 -57.0344 3.16 1.54
142.8225 27.3872 6.64 0.08
142.8290 -47.9525 6.53 0.27
142.8337 -24.3437 7.39 1.45
142.8341 12.8588 6.92 1.05
142.8539 -73.7470 7.33 0.40
142.8688 -12.0624 7.00 1.03
142.8783 -36.7505 7.17 0.96
142.8802 1.4653 6.81 0.55
142.8818 63.0619 3.65 0.36
142.8840 -31.8718 5.91 0.26
142.8851 35.1033 5.39 1.54
142.8876 -35.7148 5.86 1.29
142.8877 -66.7190 6.27 1.35
142.8957 20.2707 7.32 1.03
142.9013 -73.0809 5.46 1.56
142.9125 -10.5520 6.13 0.26
142.9267 36.4291 6.89 1.44
142.9301 22.9680 4.32 1.54
142.9334 20.0055 7.39 1.28
142.9397 -70.4696 7.03 -0.04
142.9735 -56.9889 7.13 -0.02
142.9821 -10.3703 6.12 1.18
142.9864 11.2998 4.99 1.05
142.9899 9.7158 5.07 1.36
142.9955 -1.1847 4.54 0.11
143.0128 -61.2349 7.14 0.05
143.0551 21.8564 7.48 0.99
143.0609 -62.7889 7.43 0.91
143.0766 -28.6278 6.43 0.36
143.0803 -40.6493 5.35 0.90
143.0850 -19.4003 5.74 0.14
143.1331 -60.5234 7.38 0.57
143.1348 7.0634 7.31 1.55
143.1716 -54.8308 7.15 0.07
143.1725 1.8642 6.11 0.61
143.1728 -27.4148 7.38 1.63
143.1824 26.9885 7.05 0.78
143.1956 -57.0943 7.14 -0.06
143.2157 51.6773 3.17 0.47
143.2287 -14.0007 7.10 0.99
143.2324 -13.5168 5.95 1.50
143.2582 -8.5054 6.12 0.97
143.2808 49.4387 6.76 0.12
143.2820 -39.1291 6.43 0.34
143.2969 45.5138 6.49 1.14
143.3019 -21.1157 5.02 1.02
143.3204 -38.6375 7.24 0.66
143.3223 -57.9634 6.82 0.02
143.3236 -21.3920 6.68 0.01
143.3252 -86.0101 7.08 0.43
143.3262 28.3679 6.50 0.13
143.3329 -7.1902 6.25 1.17
143.3586 -22.8639 5.92 0.02
143.3765 36.4869 6.19 1.26
143.4327 -60.6277 6.99 1.14
143.4356 -49.0051 5.12 -0.11
143.4729 -80.9413 5.07 -0.14
143.4964 23.4539 6.26 1.45
143.5030 -32.0228 7.44 1.20
143.5367 -51.2553 5.01 -0.18
143.5558 36.3976 4.54 0.91
143.5788 54.0465 7.20 0.94
143.5816 46.9021 6.54 0.23
143.5988 71.0880 7.29 1.14
143.6111 -59.2298 4.08 -0.01
143.6205 69.8303 4.54 0.78
143.6242 -66.1222 7.45 0.00
143.6360 -5.9149 5.56 1.16
143.6364 -3.4880 7.14 0.80
143.6456 -64.0308 7.41 -0.03
143.6728 8.1875 7.35 1.67
143.6775 -44.8162 7.19 0.04
143.6886 -52.0283 7.35 0.43
143.7061 52.0515 4.47 0.03
143.7114 -12.1295 6.54 0.62
143.7226 72.2057 5.77 0.53
143.7383 -34.3674 7.32 0.03
143.7487 12.6545 6.81 -0.02
143.7601 -4.8892 7.40 1.07
143.7660 39.6215 4.81 0.99
143.7792 -5.3689 7.16 1.10
143.7993 -35.8237 6.48 0.42
143.8088 60.8918 7.28 0.34
143.8437 39.9633 6.76 0.35
143.8527 -22.6860 7.00 1.00
143.8908 -19.5834 6.33 0.07
143.9150 35.8101 5.40 0.77
143.9220 -44.1881 7.03 0.12
143.9229 -68.2102 7.16 0.00
143.9614 48.4916 7.04 0.43
143.9704 14.3796 6.32 0.03
144.0089 20.0456 6.97 1.04
144.0122 -27.5220 7.50 0.15
144.0140 -31.2323 7.25 0.49
144.0183 4.5144 7.41 1.35
144.0217 -64.9502 6.55 0.09
144.0283 74.3188 6.46 -0.08
144.0678 -21.9972 7.41 0.29
144.0880 62.7906 7.41 0.32
144.1059 -48.7512 6.18 0.28
144.1076 -36.3019 7.50 1.02
144.1156 -2.7779 7.03 1.02
144.1403 -24.7028 6.54 0.39
144.1709 69.6366 7.20 0.30
144.1785 31.1617 5.57 1.59
144.1787 56.9702 7.06 0.16
144.1931 -52.9437 6.18 1.05
144.2040 27.7585 6.96 1.17
144.2066 -49.3550 4.34 0.17
144.2234 35.5993 7.44 0.43
144.2403 82.9254 7.02 0.43
144.2509 -25.2968 5.68 1.12
144.2608 16.4380 5.73 1.22
144.2723 81.3264 4.28 1.49
144.2896 72.0803 7.43 0.48
144.2912 -32.1786 5.62 1.02
144.3028 -53.6685 5.44 0.14
144.3028 6.8358 5.00 1.05
144.3091 -30.2111 7.45 0.20
144.3205 -30.9701 7.01 1.01
144.3684 -36.0960 5.96 1.12
144.3695 -49.9909 6.97 0.58
144.3705 -29.8023 7.02 0.99
144.3799 -59.8899 6.91 0.27
144.4063 60.2137 6.41 0.92
144.4190 1.6960 6.85 0.94
144.4414 -3.1706 6.45 0.99
144.4579 24.6703 6.61 0.57
144.4646 -9.4244 6.40 -0.04
144.4844 73.0804 6.39 0.35
144.5009 -59.3992 7.49 0.72
144.5053 14.3473 6.63 0.44
144.5060 -43.1909 5.51 0.98
144.5134 -54.2191 6.88 -0.10
144.5669 12.7363 6.74 0.91
144.5712 70.2661 6.99 0.39
144.5885 -81.7094 6.72 1.02
144.5907 40.2398 5.28 0.22
144.5913 -64.4025 6.69 -0.01
144.5941 7.7090 7.44 0.27
144.6137 4.6493 4.68 1.31
144.6314 -59.1752 7.34 0.10
144.6697 -39.6141 6.69 0.49
144.6748 75.2054 6.64 1.06
144.6886 -66.8591 7.39 0.30
144.6904 10.7777 6.66 0.18
144.7076 -64.4892 6.83 1.16
144.7278 20.2976 6.79 -0.07
144.7504 -17.6242 6.74 0.26
144.7531 58.5482 7.32 1.64
144.7670 -2.8395 7.21 0.14
144.7948 43.1442 6.59 0.95
144.8034 25.3674 7.22 0.32
144.8218 13.3126 7.02 0.47
144.8376 -61.3281 4.51 -0.07
144.8474 -52.9433 7.42 1.62
144.8608 -54.7534 6.83 -0.13
144.8663 67.2722 5.96 1.53
144.8669 35.2431 7.12 0.54
144.8726 72.7468 7.12 0.16
144.9150 3.1953 7.31 1.01
144.9187 -48.2370 7.37 0.41
144.9381 -62.9429 6.40 -0.08
144.9475 -10.5703 6.31 -0.03
144.9481 -40.8225 7.35 1.16
144.9640 -1.1428 3.90 1.31
144.9726 -43.5105 7.37 1.12
144.9909 35.3360 6.90 0.50
144.9962 53.4970 7.44 0.91
145.0116 -12.9973 7.05 0.48
145.0433 8.2781 7.20 1.03
145.0704 -30.9217 7.27 1.58
145.0765 -14.3323 5.07 -0.15
145.0836 -10.7692 6.37 0.08
145.1469 13.0538 6.96 0.48
145.1463 71.7554 7.46 0.53
145.1774 -57.9836 5.30 0.20
145.2163 75.4305 7.31 1.16
145.2336 -54.9834 6.93 -0.11
145.2589 -57.2595 5.80 1.08
145.2768 -66.0802 6.85 0.86
145.2876 9.8923 3.52 0.52
145.2925 -36.0286 7.32 0.44
145.3110 8.9954 6.83 0.27
145.3198 55.8665 6.50 1.15
145.3209 -23.5915 4.76 -0.12
145.3413 38.9502 6.91 0.73
145.3535 -33.3963 6.90 0.03
145.3647 -10.5026 7.25 1.50
145.3963 31.2778 5.90 1.58
145.4055 -68.5050 7.11 -0.07
145.4104 25.9129 6.26 1.25
145.4375 82.3651 7.49 0.17
145.4497 -55.2138 5.99 -0.12
145.4548 43.6372 7.06 1.09
145.4679 -30.3034 6.59 1.30
145.5015 39.7579 5.61 0.95
145.5059 -42.2826 7.03 0.11
145.5541 -66.9148 6.33 0.07
145.5602 -23.9156 4.93 0.53
145.5621 69.2375 5.72 1.13
145.5884 25.5902 7.26 1.09
145.5973 -0.2794 6.64 0.86
145.6044 48.7761 7.16 0.83
145.6163 -46.8652 6.97 1.63
145.6443 32.9949 6.93 1.04
145.6639 -72.1908 6.54 0.01
145.6704 -55.8320 7.16 0.62
145.6723 -35.5017 6.39 -0.05
145.6781 35.0934 6.12 0.39
145.6796 48.4310 6.36 0.01
145.6828 51.2685 7.14 1.67
145.6857 30.1115 6.73 0.30
145.7294 32.2648 7.26 0.43
145.7384 72.2526 5.15 1.03
145.7572 -79.5916 7.30 1.14
145.7672 37.1286 7.40 1.31
145.7791 54.3637 6.50 0.12
145.8436 20.1932 6.71 1.21
145.8636 2.6275 7.41 0.55
145.8650 -51.2281 6.15 -0.10
145.8776 -20.3658 6.58 0.91
145.8886 29.9745 5.64 0.11
145.8970 10.5189 7.01 0.57
145.9017 13.4420 7.06 1.18
145.9261 -53.8913 5.56 -0.04
145.9282 34.0972 7.23 1.19
145.9329 14.0217 5.36 1.61
146.0287 42.0509 6.84 0.31
146.0504 -27.7695 4.78 0.52
146.0651 -39.5712 6.81 0.33
146.1113 74.5876 6.78 0.31
146.1250 18.8635 6.49 1.16
146.1517 -22.7519 6.76 0.97
146.1525 64.9841 6.18 0.42
146.1556 -48.5489 6.70 -0.09
146.1587 3.3533 7.19 1.39
146.1993 -27.6305 7.12 0.36
146.2148 -17.7064 6.78 1.44
146.2218 -50.0102 7.45 0.99
146.2238 -57.5693 7.01 1.11
146.2975 -0.4649 7.19 1.11
146.3114 23.4746 6.55 1.09
146.3118 -62.5079 3.69 1.01
146.3136 -66.8088 7.40 -0.06
146.3197 8.8828 7.08 0.49
146.3228 -54.2474 6.91 0.08
146.3417 -30.2028 6.45 -0.14
146.3511 -32.6827 6.90 0.47
146.3554 -8.4825 7.22 1.06
146.3693 10.2219 6.90 1.62
146.3790 78.1347 6.25 1.35
146.4182 -70.1182 7.14 -0.02
146.4193 -57.1860 6.47 -0.11
146.4329 -41.6670 7.49 -0.06
146.4628 23.7743 2.97 0.81
146.4664 18.6836 6.78 1.36
146.4807 63.6533 6.51 0.37
146.4810 -43.6787 7.24 1.14
146.4823 -58.7938 6.22 0.46
146.4990 -35.8638 6.88 0.40
146.5043 -59.0463 7.29 1.09
146.5114 65.6271 6.97 1.71
146.5227 39.8381 7.30 0.44
146.5287 -19.7280 7.07 0.02
146.5375 -45.9180 6.60 0.94
146.5419 6.7086 5.80 1.64
146.5552 20.4892 7.41 0.94
146.5604 -14.5900 7.30 1.33
146.5672 -33.5083 6.94 -0.01
146.5731 -22.6526 7.31 1.07
146.5853 -76.7761 5.43 0.90
146.5903 -27.2761 7.01 0.42
146.5972 11.8100 5.67 1.49
146.5984 1.7856 5.65 0.34
146.6104 -59.3527 6.86 -0.02
146.6266 -44.7551 5.58 -0.18
146.6319 57.1281 5.09 1.59
146.6770 45.1144 6.81 0.95
146.6800 -3.2114 7.50 0.37
146.7059 -39.3256 7.49 0.42
146.7589 7.0910 7.28 1.37
146.7665 -31.2681 6.97 0.05
146.7713 -10.5230 7.00 0.39
146.7755 -65.0720 2.92 0.27
146.7927 -10.7438 7.04 0.41
146.8086 -17.2059 6.72 1.57
146.8189 8.5705 7.02 0.33
146.8255 79.1367 6.09 0.30
146.8425 23.6477 6.49 1.09
146.8582 11.5682 6.44 0.26
146.8777 63.2478 6.94 0.94
146.8952 -38.1897 6.83 1.35
146.9021 -33.2437 6.63 1.00
146.9179 -28.3798 7.27 0.52
146.9284 20.6048 7.37 0.43
146.9331 -49.9433 6.52 0.13
147.0008 -38.3642 7.39 0.59
147.0160 -8.1686 7.45 1.62
147.0529 -7.2457 7.04 0.02
147.0544 -54.3966 7.37 0.98
147.0893 -75.7779 6.80 0.48
147.1169 -37.6361 7.07 1.47
147.1472 46.0210 5.08 0.62
147.1668 -56.4119 6.05 0.94
147.1678 -55.4952 7.44 1.73
147.1785 -26.4144 6.63 0.70
147.1812 -9.9186 6.98 0.01
147.1831 -60.1326 7.49 0.95
147.1885 -35.0202 7.32 0.29
147.1949 64.8943 7.11 0.47
147.1960 -19.3136 7.02 1.07
147.2069 -22.0188 7.49 0.11
147.2087 60.0969 7.00 1.14
147.2619 34.0854 7.20 0.23
147.2872 -43.4828 6.53 1.29
147.3087 -24.6462 7.40 1.20
147.3218 -8.8351 6.85 1.30
147.3671 -37.1868 5.95 1.25
147.3685 36.7474 6.61 1.57
147.3881 -11.7850 6.80 1.23
147.4404 52.8910 7.12 0.94
147.4444 31.0770 6.82 0.22
147.4587 21.1794 6.10 0.26
147.4640 -36.2685 6.36 1.01
147.4789 -68.4194 6.70 0.91
147.4881 -45.7327 5.09 -0.10
147.5431 24.5620 6.89 0.49
147.5509 -0.2285 7.12 1.11
147.5546 0.1045 7.40 0.48
147.5578 39.6317 6.64 1.63
147.5904 35.8735 7.12 1.21
147.5985 65.5932 6.27 0.29
147.6241 45.0837 7.43 0.39
147.6253 4.3437 6.24 0.48
147.6579 -60.5277 7.16 0.01
147.6712 -7.3822 7.11 0.42
147.6748 -46.9339 5.72 1.08
147.6876 31.3927 7.07 1.68
147.7053 11.8424 6.86 -0.04
147.7316 -62.7451 5.56 1.32
147.7476 -15.8796 7.47 1.02
147.7480 59.0387 3.78 0.29
147.7533 -80.0611 6.47 0.07
147.7583 13.0662 6.45 1.62
147.7655 -23.0173 6.85 3.44
147.7833 -18.6587 7.37 0.50
147.8002 -59.4258 5.79 1.35
147.8085 -4.2434 6.01 0.17
147.8315 -1.8584 7.34 1.19
147.8322 -46.1939 5.62 1.17
147.8401 -6.1819 6.42 0.58
147.8696 -14.8466 4.11 0.92
147.9117 -46.5123 6.71 -0.08
147.9195 -46.5476 4.58 1.17
147.9217 -11.3405 6.48 1.61
147.9222 -54.6596 7.34 0.55
147.9223 -60.5937 7.25 0.95
147.9710 24.3954 5.29 0.23
147.9821 -32.9800 7.20 1.01
147.9981 -16.5348 6.08 1.03
148.0265 54.0643 4.55 0.04
148.0499 0.0756 6.34 0.93
148.0507 2.4541 6.02 -0.04
148.0902 37.9145 6.71 0.26
148.1095 -71.9434 6.91 -0.03
148.1255 35.5246 6.93 1.59
148.1268 -8.1050 5.07 0.04
148.1515 -51.7131 7.49 -0.13
148.1910 26.0070 3.88 1.22
148.2024 -71.4545 7.25 1.15
148.2419 -27.3322 6.28 0.62
148.2504 -55.3732 6.50 -0.14
148.3172 -44.5846 7.05 0.54
148.3210 19.9378 7.41 1.03
148.3218 50.6212 7.25 1.01
148.3413 -9.9037 7.09 0.02
148.3455 -38.4089 7.49 0.55
148.4040 25.6674 7.02 1.19
148.4040 -42.3104 7.41 0.45
148.4042 34.9838 6.76 1.30
148.4277 -3.8620 7.40 -0.02
148.4289 5.9586 5.90 1.66
148.4341 -41.8468 7.38 0.30
148.4486 -69.8953 7.04 -0.06
148.4588 -51.1467 5.95 -0.15
148.4751 64.7889 7.39 1.15
148.4914 57.6837 7.45 0.80
148.5214 -27.9990 7.20 0.55
148.5277 8.0745 7.01 1.10
148.5279 4.9454 6.72 1.56
148.5514 -25.9323 4.87 1.20
148.5732 59.9204 6.84 1.41
148.5736 -45.2835 5.72 -0.11
148.5756 -42.9171 7.32 0.97
148.5960 -46.6369 6.65 0.98
148.6326 -22.4875 6.23 0.05
148.6354 -34.9069 7.25 0.00
148.6412 -58.4213 6.64 -0.17
148.6443 -12.9515 6.87 0.55
148.6629 -43.3211 7.18 1.25
148.7135 -50.2440 5.71 0.01
148.7175 -19.0094 4.94 1.56
148.7216 -86.9103 7.31 1.40
148.7505 -16.1939 6.51 0.81
148.7640 61.1161 6.29 1.04
148.7736 -69.1890 6.73 -0.07
148.7747 24.6372 7.07 0.59
148.7750 -57.3829 6.74 -0.12
148.7949 -33.6907 7.24 0.95
148.7997 -33.3634 7.42 1.02
148.8067 -11.0343 7.34 1.30
148.8588 -41.5869 6.69 3.76
148.8974 -17.4695 6.85 1.52
148.9041 -4.9762 7.23 1.18
148.9252 -59.1067 7.24 -0.07
148.9292 49.8198 5.27 0.09
148.9314 -19.6771 7.43 0.11
148.9375 -8.8365 6.68 0.33
148.9791 7.6772 6.79 1.02
148.9959 -39.5533 6.99 0.98
149.0222 -40.8245 6.39 1.61
149.0251 52.2690 6.63 0.98
149.0333 -7.6453 6.74 1.48
149.0406 -71.3893 6.30 -0.06
149.0577 -53.6192 6.80 -0.09
149.0649 -31.0915 6.93 0.00
149.0906 -47.7539 7.09 0.91
149.0912 -51.3362 6.39 -0.16
149.1082 8.9332 5.85 1.13
149.1094 54.2438 6.59 1.60
149.1289 -13.4639 6.78 1.38
149.1306 32.3847 6.55 0.43
149.1479 -33.4185 5.83 1.20
149.1558 14.7242 7.36 0.92
149.1952 -26.5497 6.27 0.22
149.2025 4.2421 6.70 0.48
149.2039 77.9382 7.47 1.12
149.2156 -54.5678 3.52 -0.07
149.2254 -27.4752 6.32 0.17
149.2410 -15.8951 7.41 0.51
149.2448 -34.8256 7.40 0.51
149.2493 -69.1018 6.18 -0.10
149.2956 -52.6388 6.13 -0.12
149.3027 -49.8704 7.25 -0.02
149.3066 57.4182 5.97 0.90
149.3113 28.5613 7.37 1.13
149.3138 -64.4894 6.59 1.12
149.3191 -32.8578 7.18 0.12
149.3905 16.4591 7.29 1.30
149.4153 -16.5221 6.62 0.31
149.4212 41.0556 5.11 0.48
149.4275 -48.4141 6.06 -0.13
149.4329 -1.9418 6.43 0.70
149.4556 -61.9319 7.04 -0.03
149.4565 35.1245 7.18 1.56
149.4869 45.4143 6.34 1.10
149.5299 -62.5854 6.87 0.93
149.5318 8.3140 6.05 1.36
149.5335 -13.1291 7.43 1.41
149.5488 15.2213 7.45 0.92
149.5495 -72.0647 7.47 -0.03
149.5557 12.4448 5.26 -0.04
149.5583 -25.1311 6.77 0.07
149.5953 72.8795 5.86 1.16
149.6085 27.7590 6.48 0.36
149.6274 -13.9416 7.27 1.56
149.6424 58.9519 6.72 1.31
149.6640 10.9605 7.44 0.29
149.6819 -29.3048 7.01 0.94
149.6852 50.1252 6.70 -0.06
149.6871 6.1147 7.31 0.96
149.6884 -41.3595 7.40 0.99
149.6904 10.4586 7.14 1.48
149.7032 4.8085 7.19 1.64
149.7179 -35.8910 5.23 0.30
149.7578 -3.0216 7.48 0.40
149.7735 -63.3453 6.68 0.91
149.7763 -23.9508 6.11 -0.10
149.8015 -47.0923 7.26 1.50
149.8044 -58.1282 7.11 -0.03
149.8273 -3.0749 7.41 0.37
149.8280 -20.3568 6.70 1.46
149.8592 -44.9554 6.72 -0.06
149.8672 21.3215 6.74 0.20
149.8976 56.4745 7.24 1.22
149.9009 29.6452 5.75 1.06
149.9295 3.3848 6.69 0.29
149.9654 56.8118 5.50 1.49
149.9670 -26.3978 7.36 1.35
149.9860 -31.3495 7.23 1.57
150.0138 42.3167 7.42 1.08
150.0248 -36.0432 7.38 0.58
150.0534 8.0442 4.68 1.59
150.1124 -42.8864 7.46 0.20
150.1440 -56.9461 6.50 0.98
150.1829 -82.2147 5.53 0.04
150.2441 -50.4777 6.91 -0.15
150.2467 -3.1893 7.07 1.54
150.2530 31.9237 5.37 0.68
150.3000 -56.0966 6.42 -0.01
150.3114 -39.4508 7.23 -0.04
150.3264 28.7844 6.93 1.27
150.3264 -70.7281 7.34 0.49
150.3976 -1.0181 7.19 0.30
150.4067 -17.3330 7.47 1.07
150.4197 -53.3641 6.20 -0.14
150.4346 -23.8069 6.80 1.00
150.4536 -42.4854 7.08 1.20
150.4710 23.9812 7.41 1.49
150.4920 -57.3498 6.20 1.11
150.4975 74.7591 6.91 1.04
150.5004 -60.4209 5.93 0.26
150.5018 -34.1736 7.09 0.29
150.5254 31.5312 7.39 0.91
150.5422 -10.4305 7.46 0.99
150.5692 -65.9180 7.26 0.02
150.6383 -13.2965 6.98 0.53
150.6458 -56.2567 7.46 1.06
150.6543 -20.4240 6.82 0.18
150.7040 21.9493 5.68 -0.18
150.7052 -1.0678 6.70 1.06
150.7054 -30.5775 6.54 1.19
150.7059 -62.1567 6.41 1.69
150.7068 49.8784 7.48 0.95
150.7350 -5.6179 7.33 1.54
150.7498 -60.1787 6.18 0.17
150.7727 -39.4235 7.34 1.34
150.7999 58.0978 7.48 0.58
150.8071 50.1092 6.90 1.47
150.8223 -43.8401 7.49 1.18
150.8358 -46.6362 6.11 0.04
150.8375 -10.7274 7.08 1.05
150.8410 -82.5082 7.34 1.08
150.8481 -33.2383 6.62 1.25
150.8523 42.0093 7.13 0.57
150.8651 41.3047 7.36 1.58
150.8771 62.5658 7.36 0.95
150.8884 9.8990 7.14 0.43
150.8922 -61.8840 6.14 -0.03
150.9118 -12.8772 7.09 1.39
150.9118 3.9720 7.23 0.90
150.9124 -60.1998 7.31 0.89
150.9159 -26.9095 7.40 0.34
150.9208 -9.5738 6.09 1.67
150.9234 -25.3167 6.71 0.02
150.9730 38.0204 6.75 0.53
151.0056 -18.1011 7.14 -0.03
151.0117 -18.1014 6.30 -0.06
151.0306 -81.5655 6.60 0.92
151.0349 11.6285 7.13 0.16
151.0351 3.2011 6.43 0.40
151.0670 32.4524 7.34 1.12
151.0742 -28.3788 7.27 0.47
151.0863 -48.4457 6.83 1.01
151.0873 -24.2855 5.70 0.30
151.0974 -39.9759 6.42 1.31
151.1116 -7.2184 7.49 0.69
151.1161 -51.7984 6.99 0.10
151.1420 -64.6477 6.91 -0.06
151.1514 53.8917 5.71 0.51
151.1980 5.0040 7.35 0.62
151.2042 -28.1887 6.99 -0.04
151.2226 -52.0253 7.41 1.32
151.2577 -56.8979 6.86 0.37
151.2577 -51.3136 6.23 -0.05
151.2686 7.9909 7.31 0.48
151.2751 -45.8962 7.18 1.10
151.2811 -13.0646 4.60 -0.09
151.2933 52.3713 6.31 0.14
151.3001 -28.1970 6.97 -0.01
151.3014 -3.5174 7.32 1.63
151.3029 67.2797 7.06 1.10
151.3031 -42.1723 6.53 1.05
151.3056 50.5512 7.29 0.96
151.3077 -79.0622 7.32 0.25
151.3137 -36.3844 6.27 1.11
151.3606 -34.8827 6.60 1.10
151.3865 -33.3922 6.99 0.31
151.4134 -84.0889 7.18 0.59
151.4205 15.7575 6.36 0.39
151.4386 -30.8917 6.62 1.00
151.4544 35.0024 7.29 1.06
151.4643 -68.2980 7.17 1.16
151.4686 -27.2751 7.49 1.21
151.4705 -63.8351 6.91 0.89
151.4828 39.5821 7.33 0.23
151.5169 -42.5249 7.43 0.43
151.5229 -29.1187 7.21 1.38
151.5301 -52.1879 6.50 1.00
151.5364 -20.9487 7.29 1.54
151.5447 21.5146 7.01 1.21
151.5467 -47.3700 5.06 0.88
151.6197 55.7695 7.24 1.19
151.6552 12.7821 7.37 0.23
151.6976 5.6115 6.20 0.94
151.7103 -24.7156 7.15 0.54
151.7169 -51.0777 7.09 -0.03
151.7244 -17.4442 6.72 0.23
151.7495 -71.4780 6.58 0.48
151.7817 -21.2557 6.66 0.42
151.7848 29.5125 7.42 0.46
151.7896 -17.1417 5.59 1.49
151.8087 60.9199 7.13 1.61
151.8331 16.7627 3.48 -0.03
151.8426 -19.7087 7.41 0.12
151.8573 35.2447 4.49 0.19
151.8840 -22.4896 6.99 1.54
151.8868 -53.2601 7.01 2.28
151.8889 0.9183 6.67 1.64
151.8988 -48.2608 6.40 -0.15
151.9139 15.1575 7.14 0.66
151.9401 -7.6308 6.63 1.61
151.9761 9.9975 4.39 1.45
151.9845 -0.3716 4.48 -0.03
151.9860 -62.2214 6.45 -0.10
152.0069 -37.3334 6.34 0.98
152.0662 31.6041 6.23 0.47
152.0755 -58.1986 6.63 0.62
152.0891 -19.7552 7.26 0.62
152.0930 11.9672 1.36 -0.09
152.0960 -35.0137 7.20 0.18
152.1113 -56.4369 7.46 1.38
152.1243 33.5146 7.49 0.71
152.1433 83.9184 6.31 1.55
152.1476 -15.6119 6.25 -0.01
152.1719 1.1608 6.68 0.37
152.1743 -65.5111 7.39 -0.03
152.1783 -65.8154 5.26 0.97
152.1902 -10.8848 6.54 0.02
152.2303 -61.1925 7.50 1.08
152.2344 -51.8113 4.85 -0.12
152.2738 -48.3065 6.76 0.31
152.2778 -43.6951 7.27 1.07
152.2790 -58.0405 7.50 -0.06
152.2819 63.9524 6.53 1.64
152.2851 18.5306 6.92 1.07
152.2918 71.6876 7.49 1.30
152.3120 6.1709 6.60 1.35
152.3148 -18.1390 7.13 0.45
152.3317 20.3324 6.68 0.55
152.3415 -61.5490 6.94 1.50
152.3456 -13.3623 7.09 1.65
152.3758 -68.6828 5.80 0.01
152.3796 68.6640 7.11 1.04
152.3811 9.5931 7.09 1.65
152.3825 -32.8467 7.45 0.56
152.3826 -35.8568 6.14 0.61
152.4085 -11.8952 7.43 1.20
152.4508 -47.4462 6.97 0.93
152.4646 -45.1944 7.34 1.44
152.4833 63.7547 7.44 1.03
152.4854 -12.0953 6.24 0.18
152.4884 -66.5976 7.34 0.94
152.5245 -12.8159 5.30 0.37
152.5314 -8.4082 5.91 0.03
152.5600 -48.0141 6.82 0.89
152.5704 49.5073 7.16 0.41
152.5884 -67.2634 6.88 0.03
152.5928 62.9156 7.10 0.96
152.5944 20.9456 7.43 0.40
152.6012 -64.3842 6.89 -0.02
152.6245 -67.8413 7.10 -0.05
152.6290 -45.3078 7.13 0.13
152.6436 -18.6033 7.14 0.28
152.6470 -12.3541 3.61 1.01
152.6571 -41.7152 5.98 1.24
152.6737 -38.9109 6.76 0.32
152.7178 -15.7092 6.96 1.52
152.7325 -59.1544 7.46 0.04
152.7328 -8.4185 5.64 1.30
152.7328 36.4681 7.19 1.10
152.7383 -16.9308 7.12 1.43
152.7457 40.6616 6.34 1.28
152.7755 5.2522 7.26 1.09
152.7760 70.8399 7.43 1.02
152.7857 20.6961 6.64 0.36
152.8031 -67.8924 6.83 1.17
152.8033 37.4019 5.86 1.28
152.8111 -61.7684 7.47 1.04
152.8229 -17.6355 7.46 0.95
152.8240 -7.3166 6.23 0.03
152.8295 -18.9572 6.74 1.54
152.8440 49.4542 6.60 1.33
152.8978 -58.8278 6.07 1.65
152.9092 13.3551 6.43 0.47
152.9436 -58.0605 5.70 -0.12
152.9538 -34.3340 6.66 0.44
152.9578 -61.5419 7.18 -0.08
152.9653 -40.8743 7.19 0.99
152.9742 -35.3247 6.68 2.27
152.9791 -44.7286 7.09 0.91
152.9881 -39.9944 7.42 1.10
152.9945 -54.9850 7.36 0.00
153.0119 -28.6060 6.28 0.02
153.0123 20.1186 7.42 1.21
153.0956 -52.1632 6.16 1.17
153.0997 -15.0680 7.10 0.07
153.1078 -66.6915 7.50 1.45
153.1092 -32.6894 7.37 1.30
153.1582 -19.1530 6.45 0.49
153.1772 28.2420 6.86 0.93
153.1985 -29.4992 7.37 0.98
153.2015 4.6147 5.77 1.18
153.2101 -32.5156 7.08 1.13
153.2316 82.4009 7.37 1.25
153.2390 -65.1665 7.00 -0.03
153.2541 -19.6892 6.87 1.52
153.2548 -59.9181 6.07 -0.07
153.2703 -47.9196 7.21 1.54
153.3054 3.0727 7.39 0.35
153.3310 -27.0289 6.23 0.32
153.3383 -61.6588 6.42 -0.11
153.3429 -56.5867 6.48 1.45
153.3452 -51.2330 5.27 0.26
153.3532 -33.0317 6.38 0.59
153.3667 -51.7558 5.78 0.14
153.3700 57.9938 7.01 0.10
153.3750 9.1860 7.43 0.97
153.3778 -66.3728 5.15 0.22
153.3804 -5.0873 7.45 0.42
153.4327 50.4965 6.63 0.26
153.4344 -70.0379 3.29 -0.07
153.4349 -7.3840 7.21 0.50
153.4414 -40.3461 5.91 1.20
153.4432 -5.2198 7.50 0.17
153.4552 -68.0598 6.73 -0.02
153.4571 27.1358 6.05 0.84
153.4857 -40.3108 6.33 0.94
153.5255 -54.9937 7.49 -0.10
153.5350 -7.9935 6.97 1.03
153.5373 -23.8139 6.36 1.64
153.5539 -39.3439 7.42 1.49
153.5571 -39.1037 6.53 0.96
153.5887 -42.8086 7.22 -0.03
153.6179 -51.8143 7.40 -0.14
153.6240 21.1681 6.02 0.57
153.6325 16.1383 7.09 1.39
153.6841 -42.1219 3.85 0.05
153.7093 -41.7261 6.54 0.18
153.7237 -42.3830 6.75 -0.05
153.7534 -44.4678 6.59 1.32
153.7761 -67.2857 7.31 0.93
153.7764 31.4681 6.47 0.86
153.7812 -55.5493 6.64 1.11
153.7819 59.9855 6.18 1.62
153.8194 -54.9742 6.16 -0.15
153.8370 -36.5177 6.17 1.06
153.8815 -43.1124 5.59 1.52
153.8823 -62.5370 7.03 -0.03
153.9522 -50.1778 7.00 1.03
153.9866 -55.5197 6.85 0.06
154.0130 60.1506 6.77 0.42
154.0135 -59.9034 6.22 0.19
154.0170 -28.6140 7.24 0.54
154.0375 -11.2034 6.08 1.10
154.0390 35.1645 7.35 0.17
154.0602 29.3105 5.49 0.02
154.0669 17.7403 6.60 0.30
154.0680 -16.1421 7.29 1.00
154.0717 78.9470 6.85 0.10
154.0912 -36.9082 7.41 1.00
154.1170 28.6825 6.46 0.64
154.1301 45.0435 7.25 0.52
154.1346 23.5031 5.95 0.66
154.1367 -19.3082 6.70 0.14
154.1589 41.2759 7.36 0.48
154.1673 -51.2046 6.20 1.44
154.1697 13.7283 5.42 1.65
154.1726 23.4173 3.43 0.31
154.1740 25.3707 5.84 1.21
154.1912 -20.6697 6.57 0.48
154.1952 -13.0995 7.18 0.99
154.2156 -34.1273 7.41 0.01
154.2537 47.3084 7.30 0.49
154.2708 -61.3323 3.39 1.54
154.2743 42.9144 3.45 0.03
154.3107 23.1062 5.81 0.50
154.3235 41.4674 6.55 1.56
154.3341 -46.8349 6.48 0.33
154.3765 55.8985 7.22 1.26
154.3815 -65.4295 6.79 0.15
154.3895 -23.8763 7.32 1.02
154.4075 -8.0689 5.25 0.34
154.4088 -48.4179 7.41 1.66
154.4172 -21.5889 7.31 0.23
154.4608 71.0607 6.66 0.34
154.4639 71.0562 7.36 0.29
154.4725 -21.0263 7.33 1.40
154.5048 73.0735 6.53 0.34
154.5087 65.1084 5.74 0.16
154.5316 -28.9920 5.52 0.28
154.5438 27.4155 6.53 -0.02
154.5455 -82.9108 6.68 1.00
154.5887 12.6211 7.02 0.59
154.5990 -13.3048 7.01 1.01
154.6177 -41.6685 5.97 -0.06
154.6368 43.0484 6.48 0.93
154.6577 -36.8046 6.31 1.28
154.6584 -56.1104 5.80 0.48
154.7164 44.0483 6.66 0.65
154.7395 17.7059 6.85 0.03
154.7448 46.7608 6.42 1.19
154.7491 51.4055 6.81 0.64
154.7530 24.7121 6.42 1.39
154.7594 -56.0207 7.01 0.20
154.7607 -50.7161 6.89 -0.14
154.7712 -64.6763 5.66 0.04
154.7950 -34.6165 6.73 0.10
154.8006 72.4371 7.00 1.05
154.8203 -12.5281 6.01 0.26
154.8618 48.3968 6.00 1.02
154.8848 -5.1061 6.38 0.89
154.9032 -55.0293 4.59 1.60
154.9135 -30.9957 7.41 0.89
154.9196 -59.1461 6.95 -0.12
154.9252 -65.1372 6.35 1.56
154.9341 19.4709 4.78 0.45
154.9536 -22.9713 7.36 1.62
154.9657 -47.9613 6.70 0.12
154.9680 -51.5678 6.88 0.44
154.9931 19.8415 2.01 1.13
154.9978 -9.0590 6.31 0.34
155.0148 -67.1679 7.07 0.10
155.0217 -39.7025 7.31 -0.00
155.0489 -52.6017 7.21 0.15
155.0498 -31.5829 7.34 0.98
155.0549 -23.1026 7.48 0.96
155.0570 -33.1287 7.41 0.20
155.0618 53.7794 6.45 0.58
155.0620 -81.6484 7.23 0.24
155.0697 -47.6991 5.66 1.67
155.1143 -72.1302 6.96 1.58
155.1298 54.2168 6.01 1.13
155.1346 6.4298 7.35 0.49
155.1422 -31.8137 6.57 0.51
155.1618 -6.1928 7.25 0.31
155.1845 -5.3821 6.97 0.19
155.1921 -19.0502 7.49 0.49
155.2013 -47.5659 6.64 1.58
155.2016 -42.8724 7.32 -0.03
155.2083 -15.4799 7.17 0.55
155.2133 30.6639 7.13 1.10
155.2284 -56.0432 4.50 -0.10
155.2584 2.2897 6.66 -0.09
155.2641 68.7477 5.88 0.24
155.2653 41.8494 6.77 0.03
155.2799 -5.4150 6.69 1.57
155.2832 -17.9850 6.50 0.40
155.2845 -58.4838 7.25 0.87
155.3106 -13.7865 6.56 0.10
155.3397 -25.3730 6.71 1.04
155.3694 -23.7108 6.47 0.19
155.3976 -3.8594 7.46 1.24
155.3994 -22.5285 6.52 0.07
155.4480 60.9128 7.39 1.00
155.4596 14.9758 6.16 0.02
155.4605 -24.4359 7.45 0.65
155.4975 -18.0345 7.12 -0.11
155.5063 -20.5758 7.12 1.17
155.5142 -0.7515 7.31 1.03
155.5356 68.9260 7.47 1.14
155.5435 -58.2656 6.34 0.88
155.5441 41.2295 5.73 0.53
155.5449 -13.4097 6.91 -0.06
155.5539 -19.8666 6.12 0.04
155.5590 8.9644 6.63 1.56
155.5816 -41.6500 4.82 1.09
155.5823 41.4995 3.06 1.60
155.5910 -29.5559 7.50 0.55
155.5915 -47.9715 7.38 0.12
155.6429 42.6165 7.48 0.35
155.6741 -9.3951 7.05 1.64
155.6825 15.3444 7.26 0.60
155.7243 -59.6245 7.42 0.88
155.7424 -66.9015 4.97 -0.13
155.7468 19.1309 7.12 0.98
155.7469 -24.3337 6.83 -0.05
155.7519 6.5426 6.06 1.12
155.7717 -61.2657 7.48 1.25
155.7721 35.2176 7.10 0.20
155.7764 33.9081 5.89 0.15
155.7794 -50.5271 7.19 0.38
155.8047 -30.1623 6.25 0.30
155.8109 5.6943 6.54 0.45
155.8214 -40.6955 7.24 1.40
155.8231 -13.3772 6.61 0.51
155.8369 78.3427 7.32 1.14
155.8603 -4.0740 5.93 -0.05
155.8682 -0.9022 6.45 0.92
155.8722 -38.0098 5.34 0.25
155.8750 -26.0563 7.16 0.45
155.8861 -3.6429 6.39 1.60
155.9194 -41.9532 6.24 0.88
155.9240 29.6159 6.36 1.09
155.9536 -2.2760 7.24 1.04
155.9563 25.5682 6.76 1.18
155.9610 -57.9539 6.34 1.52
155.9803 -29.6455 6.92 0.66
156.0254 34.1932 7.09 1.55
156.0265 -4.9274 7.28 1.17
156.0327 65.5664 4.94 -0.05
156.0359 33.7185 5.52 1.19
156.0549 2.3680 6.33 0.99
156.0577 -24.6065 7.12 0.67
156.0590 -69.9177 7.11 1.65
156.0814 10.5878 6.80 1.11
156.0925 34.1764 6.95 1.48
156.0989 -74.0316 3.99 0.37
156.1053 2.3933 6.61 1.00
156.1087 -25.5657 7.05 1.28
156.1652 -54.3219 6.80 1.51
156.1740 82.8017 6.84 1.00
156.1856 -73.9717 6.18 0.07
156.2374 -38.3033 7.03 0.03
156.2477 -58.5763 5.93 0.32
156.2698 -26.3581 7.43 0.99
156.2774 -50.1068 6.78 0.44
156.3133 8.7848 5.61 1.63
156.3175 -58.8725 7.00 -0.09
156.3217 -42.4674 6.18 1.01
156.3489 -29.1938 6.62 1.49
156.3667 -12.7627 7.23 0.86
156.3774 36.2046 6.64 0.98
156.3963 8.7765 7.50 0.25
156.4004 -19.5997 7.13 0.04
156.4345 -7.0598 5.60 1.53
156.4372 35.4254 6.49 1.09
156.4434 -54.9887 7.00 1.60
156.4626 -20.3253 7.21 0.99
156.4660 -13.1327 7.48 0.40
156.4784 33.7961 4.72 0.26
156.4944 2.9292 6.97 0.06
156.4956 52.6217 7.39 0.45
156.5112 39.2672 7.23 1.37
156.5226 -16.8363 3.83 1.46
156.5383 3.9325 6.67 0.14
156.5411 -42.7385 6.13 1.13
156.5568 -63.2986 7.05 0.01
156.5645 24.7153 7.20 1.16
156.5652 -53.8915 6.99 1.97
156.5770 -6.4272 7.00 0.07
156.5951 54.4075 6.98 0.89
156.6067 -39.3620 6.80 0.97
156.6107 10.5029 7.20 1.27
156.6538 -0.9881 6.33 1.44
156.6831 -47.6598 6.56 0.29
156.6852 -64.3517 7.42 0.01
156.6884 13.6264 7.31 1.54
156.6953 -4.3883 6.55 0.92
156.7039 -54.8773 5.58 1.56
156.7054 -73.1680 6.61 1.73
156.7209 17.2194 7.34 0.49
156.7244 -0.1485 7.22 1.53
156.7319 -57.6070 7.07 0.47
156.7520 19.3645 6.15 1.14
156.7879 -31.0678 4.28 1.43
156.7902 -42.0530 7.10 0.10
156.8010 11.3171 6.64 0.85
156.8520 -57.6388 4.65 0.47
156.8557 -18.2868 7.09 0.04
156.8556 -65.7047 6.00 0.09
156.8669 41.6010 6.00 0.17
156.8759 3.5635 7.23 0.97
156.8980 -0.9629 7.50 1.09
156.9125 9.7624 6.01 -0.04
156.9226 -44.3423 7.10 0.90
156.9329 41.2359 7.06 1.03
156.9413 59.5972 6.86 1.02
156.9444 -45.0988 7.33 1.13
156.9480 -38.7038 7.46 0.48
156.9697 -58.7394 3.81 0.32
156.9709 36.7072 4.20 0.91
156.9827 -48.0210 7.36 0.47
157.0087 -49.4058 6.10 1.51
157.0119 -57.1985 6.83 -0.14
157.0137 48.9640 6.75 0.92
157.0161 48.7849 6.42 0.61
157.0607 -36.2202 7.45 0.41
157.0761 -63.1646 6.42 -0.04
157.1098 15.7558 7.32 0.46
157.1522 45.2122 6.37 1.33
157.1536 -19.5248 6.70 1.01
157.1767 -43.8383 6.68 0.07
157.1770 13.2889 7.12 0.15
157.1812 17.1335 7.03 0.79
157.1832 -3.7424 6.05 0.06
157.2001 -57.2330 6.69 1.06
157.2022 14.3437 6.85 1.01
157.2191 -64.1723 5.27 1.86
157.2445 2.6466 7.44 0.34
157.2566 29.7275 6.61 1.18
157.2654 -65.1762 6.42 1.68
157.2788 -38.0591 7.23 0.87
157.3568 12.1870 7.25 0.44
157.3696 -2.7391 5.19 -0.05
157.3707 -29.6638 5.58 1.42
157.3905 -32.9418 7.37 1.27
157.3974 -30.6071 5.57 -0.04
157.4094 -43.0508 6.81 1.58
157.4119 -22.2470 7.41 0.08
157.4257 -22.0445 7.12 0.28
157.4256 84.2520 5.52 0.24
157.4260 1.4911 6.88 0.56
157.4495 54.8257 7.35 0.99
157.4737 28.5812 6.88 1.11
157.4768 65.6262 6.32 1.14
157.4792 -54.9782 7.36 0.12
157.5184 40.4699 7.01 0.62
157.5269 38.9251 5.79 0.09
157.5329 -70.8881 7.17 1.70
157.5367 -66.9847 6.19 -0.00
157.5636 50.5691 6.74 0.39
157.5671 63.3488 7.33 0.99
157.5728 -0.6370 5.08 -0.14
157.5837 -71.9928 4.72 0.04
157.5934 -57.0774 6.62 -0.10
157.6109 64.2577 6.07 0.18
157.6285 -39.0639 7.47 0.84
157.6291 2.1502 6.98 1.03
157.6370 -10.8079 7.35 1.64
157.6502 36.2735 6.85 0.32
157.6569 55.9805 4.82 0.54
157.6635 -61.3565 6.41 1.65
157.7053 -86.0907 6.64 0.12
157.7142 -26.4838 6.51 0.53
157.7385 -44.3678 6.84 0.86
157.7448 -7.6376 6.20 1.38
157.7493 -13.5885 5.59 -0.03
157.7586 -73.2215 4.94 1.68
157.7620 39.0207 7.38 1.13
157.7707 82.5586 5.25 0.40
157.7809 -68.8973 7.39 0.08
157.7810 -67.7024 7.23 0.04
157.8055 -42.2294 7.35 -0.04
157.8293 66.3122 7.24 0.43
157.8426 73.3308 7.01 1.19
157.8416 -53.7155 4.89 0.50
157.8757 -35.1283 7.24 1.12
157.8833 46.8742 7.28 1.47
157.9011 2.8448 6.57 1.12
157.9078 -14.8851 7.09 0.05
157.9328 -44.4848 7.22 -0.14
157.9528 -28.2371 6.04 0.50
157.9608 -63.9405 7.49 0.21
157.9641 32.3796 5.90 0.11
157.9656 -81.9211 7.05 -0.07
157.9658 -52.2319 7.20 -0.05
157.9860 -45.0697 6.04 -0.10
157.9893 -45.0667 5.76 -0.19
158.0059 -11.4244 7.42 0.42
158.0061 -61.6853 3.30 -0.09
158.0491 14.1373 5.43 1.70
158.0722 24.4423 7.18 0.25
158.0771 4.6454 7.09 1.11
158.0879 -58.5458 7.36 -0.11
158.1189 -6.0751 6.82 1.06
158.1194 44.1817 7.36 0.21
158.1236 -81.6158 7.39 0.99
158.1401 -44.6185 5.91 0.92
158.1992 -58.6667 5.98 0.29
158.2028 9.3066 3.84 -0.15
158.2276 -22.5276 6.97 -0.03
158.2370 -47.0034 5.02 1.04
158.2871 39.2216 7.19 1.03
158.3024 -13.4042 6.52 1.42
158.3080 40.4256 4.72 0.22
158.3112 -5.3625 7.12 1.01
158.3131 -55.3869 6.68 0.99
158.3196 -55.3807 7.32 0.04
158.3558 -58.1901 6.09 0.33
158.3788 34.9887 5.57 0.03
158.3797 -40.2384 6.68 0.92
158.3851 -46.9759 7.09 -0.09
158.4324 53.4974 6.52 -0.01
158.4470 23.3507 7.27 0.24
158.4603 49.1862 7.50 0.56
158.4602 20.3041 7.30 0.55
158.4639 -27.3497 7.42 1.34
158.4857 -80.5168 7.18 0.41
158.5037 -23.7452 5.08 1.60
158.5530 -60.9876 6.25 1.40
158.5708 -37.3868 6.90 0.02
158.5872 49.1073 7.12 1.45
158.6000 21.5940 7.43 1.10
158.7001 6.9537 5.07 0.92
158.7038 -31.3463 7.37 0.44
158.7084 27.9616 6.82 1.06
158.7092 -3.8997 6.67 0.51
158.7354 -64.1340 7.39 0.05
158.7404 -23.1762 6.10 0.50
158.7590 8.6504 5.67 0.06
158.7691 -55.4099 7.20 0.81
158.7693 -57.6771 6.84 0.86
158.7732 75.7129 4.86 0.96
158.7754 2.2045 6.65 1.27
158.7759 -69.3515 6.87 1.72
158.7858 41.9089 6.94 1.51
158.7903 57.0826 5.16 0.35
158.7934 -43.6646 6.09 0.94
158.7965 84.3993 7.29 0.82
158.8036 -39.5626 5.50 3.02
158.8426 -12.8594 6.79 0.36
158.8533 -76.3090 6.29 1.21
158.8556 -5.3618 7.31 0.19
158.8649 -37.3614 7.13 0.21
158.8675 -78.6078 4.11 1.58
158.8802 45.6537 7.22 1.06
158.8971 -57.5576 4.45 1.60
158.9119 -18.5690 6.49 0.20
158.9250 -58.1929 6.68 0.04
158.9311 -13.9566 7.44 0.49
158.9555 -58.2243 6.52 0.01
158.9652 -49.2311 6.95 0.13
158.9750 -75.7932 7.42 1.19
159.0084 80.4946 6.48 0.96
159.0188 -26.6755 6.29 0.47
159.0281 11.6145 7.25 1.20
159.0694 -16.3443 6.01 1.64
159.0725 -10.5834 6.58 0.30
159.0735 -47.8499 7.30 0.58
159.0762 52.1095 7.44 0.14
159.0856 -59.5644 5.08 1.17
159.0892 36.3269 6.29 0.44
159.1349 -12.2301 5.71 0.53
159.1366 -59.1903 7.04 -0.10
159.1474 -28.7718 6.83 0.07
159.1495 -33.2726 7.13 0.09
159.1774 -27.6564 6.65 1.52
159.1836 -47.2550 7.21 0.93
159.2131 -22.6653 6.98 1.55
159.2418 -41.3411 7.01 1.21
159.2500 -8.8399 7.05 0.62
159.2564 -71.6916 6.92 1.08
159.2945 46.5481 7.19 1.09
159.2979 -11.7486 6.52 0.29
159.3035 -31.7627 6.77 1.37
159.3072 -27.4126 4.87 1.63
159.3172 -53.8553 6.43 -0.15
159.3258 -48.2256 3.84 0.30
159.3357 56.4313 6.55 1.19
159.3467 -43.5234 7.18 0.37
159.3627 -12.3939 6.87 1.36
159.3628 -58.7333 5.47 0.50
159.3886 -13.3845 4.89 2.80
159.3991 -23.3822 7.36 1.04
159.4253 -35.7200 7.00 0.00
159.4678 34.0786 6.42 1.36
159.5110 -57.2563 5.89 -0.13
159.5732 -65.0419 6.73 -0.07
159.5828 60.1245 6.77 0.47
159.6151 5.9136 7.38 0.26
159.6456 -16.8766 4.91 0.92
159.6798 5.7340 7.13 0.45
159.6801 31.9762 4.68 0.82
159.6875 -59.1830 4.69 1.56
159.6891 -59.2624 6.50 -0.10
159.7096 -42.7534 6.10 0.66
159.7101 -12.4436 6.04 -0.01
159.7141 -64.4980 6.97 0.02
159.7272 16.1274 6.61 0.41
159.7486 -58.8169 5.96 1.69
159.7519 -55.1137 7.05 0.08
159.7575 -75.1575 6.75 0.17
159.7737 53.6683 5.55 1.27
159.7819 37.9100 5.84 0.59
159.7902 -25.8515 7.19 0.46
159.7913 -54.8612 7.49 1.56
159.8164 -74.4934 6.08 1.68
159.8178 -36.6771 6.69 0.91
159.8267 -55.6033 4.29 1.02
159.8452 -64.1118 6.33 -0.07
159.8455 -55.9898 7.11 -0.10
159.8501 -67.1654 7.45 0.94
159.9255 8.8430 7.49 0.45
159.9269 -22.5306 7.12 1.07
159.9693 -33.6128 7.27 1.30
159.9913 -52.2841 6.88 0.02
159.9924 -49.2797 6.97 1.58
160.0315 46.8408 7.27 0.17
160.0477 -65.1002 5.51 -0.16
160.0622 -47.1602 6.99 -0.07
160.0883 27.5253 7.11 0.06
160.1755 -64.6532 6.81 -0.02
160.2083 -48.0251 7.08 1.34
160.2148 -35.7417 6.36 0.92
160.2211 -57.9356 6.90 0.95
160.2768 -64.4744 6.73 -0.05
160.3230 -59.6769 6.35 0.09
160.3242 52.9706 7.22 0.23
160.3508 -1.7415 6.25 0.88
160.3588 -56.0687 6.81 -0.00
160.3764 -35.7311 6.82 0.05
160.3965 -64.1064 7.16 0.00
160.4202 -45.7686 7.43 0.46
160.4512 68.4435 5.74 1.31
160.4649 -79.7833 5.97 -0.07
160.4682 -8.0561 7.24 1.31
160.4692 -26.0467 7.36 0.14
160.4739 -6.5748 7.41 0.57
160.4834 -40.6913 7.45 0.44
160.4862 65.7163 5.12 1.21
160.4986 -63.5073 7.31 0.21
160.5470 31.6970 6.02 1.62
160.5555 -13.7877 6.79 0.62
160.5589 -64.4664 4.76 -0.14
160.5695 10.3555 7.08 1.74
160.5916 -47.2203 6.96 1.33
160.6137 -8.7272 6.86 0.99
160.6307 -13.9745 6.24 1.54
160.6321 18.2199 7.12 1.13
160.6501 -75.4638 6.85 0.13
160.6562 3.5831 6.57 0.51
160.6690 -59.2158 5.36 0.21
160.6800 -32.7157 5.63 0.01
160.7022 -2.1838 7.31 0.69
160.7176 50.7993 7.33 0.25
160.7181 -23.5490 6.79 0.91
160.7259 55.8908 7.39 1.54
160.7392 -64.3945 2.74 -0.22
160.7543 -49.0570 6.99 1.64
160.7579 26.3256 5.51 0.16
160.7668 69.0762 5.01 1.41
160.7708 -72.1951 7.48 0.53
160.7889 -35.0041 7.50 0.98
160.7893 -61.1685 6.62 -0.01
160.8247 -31.7597 6.55 1.07
160.8372 4.7477 5.77 1.17
160.8426 -32.1372 7.16 0.00
160.8540 23.1884 5.08 0.04
160.8731 80.4271 6.70 0.06
160.8846 -60.5666 4.58 1.70
160.8873 46.2039 5.18 0.32
160.9011 -39.0584 7.03 0.64
160.9305 57.1992 5.79 -0.04
160.9545 18.3130 6.51 1.31
160.9634 -64.2490 5.74 0.01
160.9678 -60.1178 6.45 -0.02
160.9852 49.8009 7.03 1.16
161.0029 46.2067 7.28 0.56
161.0289 -63.9611 4.80 -0.13
161.0300 -48.8967 7.18 0.48
161.0401 -51.9237 6.87 1.22
161.0418 -72.0645 7.47 1.65
161.0606 19.7588 6.27 0.20
161.0837 -70.8597 6.25 0.21
161.0955 -59.9933 6.32 -0.31
161.1132 -72.4435 6.26 0.51
161.1171 -23.9854 6.63 1.28
161.1350 -70.8553 6.43 0.23
161.1641 -36.9306 6.69 0.52
161.1827 41.7146 7.49 1.53
161.1876 -59.5652 7.35 0.14
161.2595 3.3067 7.09 0.49
161.2668 67.4114 5.95 2.38
161.2894 2.4880 6.27 1.21
161.3182 -80.4696 5.46 0.96
161.3354 45.5663 6.97 -0.00
161.3475 41.3077 7.12 0.28
161.3733 -55.7914 7.20 1.49
161.3870 -25.0261 7.27 1.05
161.4210 -47.4598 6.64 1.57
161.4339 -59.4078 7.26 0.22
161.4440 32.5973 7.42 0.45
161.4463 -80.5402 4.45 -0.19
161.4509 -10.7136 7.45 -0.08
161.4607 -40.9734 6.84 1.03
161.4662 30.6823 5.36 -0.05
161.4664 72.2880 7.00 1.60
161.4994 56.9208 7.11 0.31
161.5237 6.3732 6.38 1.12
161.5527 -61.9417 7.32 -0.06
161.5630 -41.4644 7.49 0.59
161.5690 -64.5146 5.33 -0.10
161.5712 -60.6029 6.26 0.04
161.5721 -26.7261 7.26 1.32
161.5805 12.7478 6.90 0.13
161.5938 57.3659 6.34 1.57
161.6023 18.8915 5.50 1.13
161.6034 -13.4599 7.26 0.02
161.6053 14.1946 5.49 0.91
161.6082 -63.2997 6.97 0.93
161.6112 -15.0341 7.41 0.03
161.6137 -42.6434 7.00 0.38
161.6193 -19.7606 7.17 1.18
161.6233 -64.2632 5.23 -0.08
161.6365 -18.8740 7.44 1.15
161.6548 -43.1927 6.29 0.20
161.6562 -42.6104 7.22 0.94
161.6781 -26.0482 6.70 1.04
161.6923 -49.4203 2.69 0.90
161.6942 -25.5338 7.36 1.51
161.7004 -69.2098 6.34 0.18
161.7135 -64.3835 4.87 -0.15
161.7169 -17.2969 5.44 0.11
161.7262 43.0268 7.30 1.42
161.7395 -56.7572 5.14 -0.08
161.7434 -15.7319 7.24 0.09
161.8295 -57.3254 6.96 0.15
161.8298 6.3462 7.13 0.17
161.8453 26.9106 7.19 1.57
161.8775 -69.4377 6.35 -0.09
161.8776 60.1239 7.35 0.27
161.8892 -31.6032 6.97 1.63
161.9030 65.6166 6.94 1.52
161.9081 -15.2620 6.67 -0.02
161.9100 -57.4674 6.29 1.67
161.9163 -64.5472 6.54 -0.00
161.9285 -15.1098 6.96 1.11
161.9347 -59.8753 6.47 -0.12
161.9731 -64.2628 6.46 0.01
161.9811 -52.2461 6.74 -0.01
162.0032 39.7423 6.78 1.28
162.0106 41.1100 7.00 0.20
162.0225 -59.9192 5.98 0.27
162.0588 -31.6879 5.87 0.03
162.0980 37.5703 7.03 -0.23
162.1461 -48.3505 7.05 0.42
162.1690 -1.9589 5.92 1.61
162.1729 -47.7499 6.51 0.95
162.2078 65.1325 6.40 -0.02
162.2385 29.4161 6.15 1.14
162.2402 -27.9178 6.94 0.23
162.2413 -9.1000 7.07 0.92
162.2521 -31.0591 7.48 0.60
162.2636 10.1579 7.42 0.24
162.2704 -30.7507 7.32 1.01
162.3126 -26.8151 7.41 0.41
162.3143 10.5452 5.32 0.04
162.3220 -4.0239 6.61 0.21
162.3379 -39.1703 7.17 0.04
162.3519 -59.3238 5.85 0.01
162.3570 -42.3674 6.77 1.20
162.3617 17.1465 7.10 1.00
162.3700 63.8100 6.42 1.29
162.4062 -16.1936 3.11 1.23
162.4312 -9.8527 5.85 1.07
162.4739 27.9739 6.05 0.40
162.4805 -35.8045 7.34 0.09
162.4876 -34.0582 5.61 0.04
162.5542 -62.6357 7.16 0.08
162.5566 -8.9884 7.50 1.02
162.5752 -8.8978 5.80 0.16
162.6524 23.4063 6.59 0.33
162.6668 -61.2695 6.84 -0.02
162.7263 -14.8914 7.47 0.47
162.7376 3.5907 7.20 0.14
162.7443 -59.9573 6.79 -0.04
162.7725 -3.0927 5.95 1.48
162.7747 56.2377 7.45 0.04
162.7750 -18.3322 6.56 0.09
162.7855 11.5788 6.85 1.21
162.7960 56.5823 5.66 1.13
162.8269 -4.7365 7.16 1.29
162.8376 -66.8149 7.45 0.07
162.8463 75.9948 7.17 0.25
162.8489 59.3201 5.57 1.16
162.8762 -75.8828 6.68 0.09
162.9052 -21.2501 7.00 2.60
162.9454 -57.2723 6.29 0.23
162.9722 -49.1576 6.56 0.51
162.9842 -58.4155 6.88 0.42
162.9942 -55.1383 6.53 1.48
163.0103 -61.4292 7.46 0.01
163.0422 50.2655 6.63 1.43
163.0570 1.0250 6.37 0.09
163.1194 -79.5594 6.36 1.46
163.1285 -57.2404 5.26 0.13
163.1287 52.5653 6.76 1.07
163.1337 52.5036 6.44 1.11
163.1365 45.7778 7.47 0.09
163.1504 -0.2017 6.31 1.50
163.1642 52.0712 7.02 0.37
163.1771 40.1712 7.15 1.08
163.1892 2.1124 7.37 1.56
163.1936 -68.2103 6.70 1.68
163.2035 27.8652 7.48 0.44
163.2039 -6.8220 7.18 0.56
163.2313 -69.1216 7.44 1.39
163.2359 -17.2771 7.13 0.68
163.2548 -63.0878 7.32 0.48
163.2554 -35.4890 6.79 -0.07
163.2690 -20.6282 7.02 0.65
163.3279 34.2149 3.79 1.04
163.3382 -58.8935 6.26 -0.10
163.3540 -2.2552 6.12 0.91
163.3730 -20.1387 5.23 0.48
163.3734 -58.8532 3.78 0.94
163.3798 69.8539 5.91 1.01
163.3871 -15.4458 6.34 1.18
163.3892 -56.4205 6.45 1.39
163.3937 54.5851 5.12 1.35
163.3952 26.2078 7.04 1.57
163.4210 -51.4992 7.31 0.94
163.4255 -70.7203 5.99 -0.02
163.4321 -2.1292 5.45 0.97
163.4514 -43.1175 7.48 1.06
163.4849 -36.4569 6.73 0.47
163.4863 -12.4345 7.38 0.36
163.4943 -26.7461 7.50 -0.07
163.4947 43.1900 4.66 -0.04
163.5007 -72.1553 7.39 0.00
163.5741 -13.7580 5.65 0.83
163.6233 -61.8266 5.95 1.74
163.6474 29.6301 6.53 0.56
163.6478 -38.7544 7.02 -0.05
163.6547 -55.6190 6.76 1.26
163.6757 25.4907 6.19 0.29
163.6803 -42.0181 6.95 1.04
163.6866 36.7588 7.39 0.35
163.6899 5.8479 7.38 0.80
163.7424 34.0348 5.73 1.03
163.7542 -42.2511 6.08 -0.06
163.7982 -20.6650 6.45 1.10
163.8046 77.0876 6.81 1.53
163.8218 -60.5170 5.93 1.06
163.8564 -54.0796 7.27 -0.07
163.8634 -43.0205 6.40 0.07
163.8679 -26.9789 7.08 1.33
163.9033 24.7497 4.30 0.02
163.9267 0.7369 5.91 0.42
163.9350 33.5069 5.02 1.10
163.9411 -16.3678 7.50 0.42
163.9634 -31.7863 7.34 0.03
163.9748 -35.1143 7.37 0.75
163.9837 18.1530 7.25 0.94
164.0061 6.1854 5.91 1.26
164.0439 0.4329 6.66 1.35
164.0482 -60.4536 7.09 0.54
164.0507 64.5380 7.22 0.96
164.0605 42.0082 6.03 1.12
164.0677 -58.0531 7.16 1.59
164.0702 22.3517 6.17 1.55
164.0824 -10.6250 7.38 1.29
164.0896 23.2506 7.32 0.93
164.1019 -57.5513 7.32 0.46
164.1117 57.5030 6.80 0.99
164.1283 7.3885 7.37 0.92
164.1435 25.5002 6.36 1.04
164.1684 -50.6078 7.28 0.44
164.1793 -37.1378 4.60 1.01
164.2172 -31.2047 7.43 0.35
164.2628 -68.6673 7.36 0.23
164.2827 -50.7650 5.90 0.17
164.2831 -0.3120 6.88 0.42
164.2969 -44.8097 7.37 0.34
164.3158 -75.0998 6.16 1.53
164.3342 -69.0381 6.48 0.00
164.4076 -45.8759 6.83 1.14
164.4508 -59.7322 6.36 0.84
164.4787 -22.0209 7.48 0.43
164.4956 -42.0394 7.07 0.17
164.5202 -55.7837 7.03 1.44
164.5984 -44.9346 7.42 1.18
164.6563 19.6220 6.80 1.34
164.7363 -19.6048 6.84 1.06
164.7524 45.1978 6.91 1.21
164.7574 69.9890 7.12 1.59
164.7688 -53.5392 6.81 0.50
164.7844 17.8268 7.44 1.13
164.8073 -33.7376 5.70 0.37
164.8075 -81.5562 6.70 0.53
164.8084 -61.3207 6.16 -0.06
164.8089 -84.5939 6.19 0.10
164.8244 -10.3254 7.25 -0.01
164.8245 51.8824 6.22 1.35
164.8368 79.6759 7.32 0.55
164.8668 40.4303 5.03 0.62
164.8789 -16.3537 5.88 1.60
164.8866 36.0931 5.99 1.59
164.8877 9.9308 7.24 0.26
164.8927 -43.5016 7.32 1.46
164.9056 -62.4842 7.29 1.40
164.9212 11.7059 6.53 0.44
164.9437 -18.2988 4.08 1.08
164.9562 58.9065 7.12 1.20
164.9874 77.7702 6.18 0.97
164.9975 -43.8071 5.81 -0.06
165.0085 -3.4713 7.27 0.56
165.0106 22.0261 7.29 1.12
165.0346 -51.8178 6.15 0.19
165.0386 -42.2259 4.37 0.12
165.0487 -14.0834 5.86 1.50
165.0613 45.5263 5.47 1.47
165.0646 -44.9107 7.33 0.60
165.0863 42.9117 6.03 0.58
165.1065 51.5021 6.41 1.01
165.1402 3.6175 4.84 1.14
165.1512 -53.1118 6.44 1.28
165.1578 -19.3430 7.09 0.78
165.1584 -66.0302 7.41 1.61
165.1700 -31.8394 6.06 0.53
165.1752 42.7314 6.69 1.11
165.1867 6.1014 4.98 0.17
165.2074 -52.0750 6.82 0.00
165.2101 39.2121 5.06 0.26
165.2132 -40.4981 6.77 0.53
165.2391 -15.7927 6.35 1.17
165.2655 0.0470 7.28 0.12
165.2737 63.4211 6.38 0.17
165.3124 -9.7718 7.46 1.59
165.3365 46.5636 7.01 0.91
165.3981 52.7024 7.08 1.09
165.4406 36.6782 7.45 0.40
165.4554 29.8713 6.95 1.10
165.4570 -2.4846 4.73 1.59
165.4572 -64.3039 6.94 0.47
165.4602 56.3824 2.34 0.03
165.5060 -73.4879 7.25 0.49
165.5129 -71.7471 7.38 0.15
165.5577 -41.1141 6.48 1.47
165.5735 58.6664 6.63 1.57
165.5824 20.1798 4.42 0.05
165.6019 -26.8315 6.21 0.31
165.6113 -21.4112 7.28 1.00
165.6302 -9.9949 7.32 1.49
165.6369 9.1730 7.22 0.11
165.6533 -3.5126 6.81 0.95
165.6926 -59.7410 6.96 0.31
165.7283 -72.2422 6.78 0.02
165.7414 -2.6354 7.19 1.00
165.7710 -25.5750 6.72 0.28
165.7757 -60.9107 6.67 2.03
165.7978 28.9301 7.06 1.05
165.8106 -0.7523 6.12 0.27
165.8120 -11.3035 5.51 0.94
165.8169 -31.9608 6.44 1.62
165.8196 -27.5180 7.50 0.24
165.8345 35.9699 7.49 1.50
165.8641 70.0307 6.44 1.28
165.8665 75.4411 7.24 1.27
165.9022 -13.4349 6.34 0.86
165.9025 -0.0008 5.95 1.22
165.9133 44.3296 7.33 0.87
165.9221 7.5820 7.25 1.04
165.9279 -51.3527 6.74 0.33
165.9323 61.7510 1.81 1.06
165.9368 25.7746 6.97 0.27
165.9586 -7.6882 7.38 0.95
165.9609 -51.0293 7.21 1.28
165.9716 -33.4445 7.27 1.25
165.9759 -19.6500 6.64 0.21
165.9954 3.6388 7.23 0.35
166.0010 -57.9553 6.16 -0.17
166.0121 -54.1978 6.54 1.11
166.0308 -40.3086 7.42 0.37
166.0694 -36.7215 7.11 0.23
166.0758 38.8682 7.14 0.21
166.0801 -1.2782 6.89 0.05
166.0998 -42.6776 7.07 0.93
166.1302 38.2414 6.01 0.17
166.1301 -47.6791 5.67 0.26
166.1389 12.6670 6.87 0.04
166.1627 31.4367 7.21 0.87
166.2027 -75.1552 6.90 0.12
166.2082 -64.6157 7.23 0.01
166.2258 -35.8047 5.43 0.02
166.2399 -59.8589 6.57 0.19
166.2430 -48.1972 7.29 0.02
166.2543 7.3360 4.62 0.33
166.2672 -49.3923 6.11 -0.02
166.3014 -30.4357 7.49 1.10
166.3330 -27.2936 4.92 0.37
166.3916 -11.0889 6.09 0.30
166.4008 64.8040 7.36 0.37
166.4188 -43.1187 7.36 0.43
166.4406 -47.4423 6.82 0.04
166.4414 44.3016 7.43 1.50
166.4425 50.1725 7.04 0.52
166.4515 38.3944 6.92 1.30
166.4709 52.3267 7.26 1.22
166.4899 -27.2879 5.69 -0.07
166.5093 1.2107 6.98 1.59
166.5239 -51.2129 6.28 0.94
166.5243 -59.9499 6.70 -0.14
166.5392 7.1398 7.28 0.43
166.5484 -68.7819 7.30 1.70
166.5558 -85.7488 7.26 -0.03
166.5813 -50.4476 7.05 1.66
166.5822 -44.3733 7.23 0.68
166.6012 -64.8400 6.39 0.11
166.6084 -16.5310 7.18 1.49
166.6147 -50.9567 6.31 1.16
166.6221 -58.6750 6.07 1.21
166.6260 -13.4175 7.32 1.06
166.6352 -62.4241 4.62 0.99
166.6370 -21.1669 7.33 0.07
166.6465 1.8803 7.31 1.15
166.6619 -28.7276 6.76 0.04
166.6707 56.0916 7.29 1.39
166.6730 -13.0028 6.51 0.31
166.6789 -52.9507 7.43 1.55
166.6829 15.1821 7.43 1.61
166.6834 17.7374 6.40 1.55
166.7080 -70.8779 5.58 -0.07
166.7181 -30.5550 6.68 1.09
166.7259 1.9555 5.52 0.95
166.7275 -58.7934 7.39 0.01
166.7306 20.4835 7.50 1.06
166.7703 25.5371 6.86 0.51
166.7848 -32.5870 6.58 0.36
166.8053 10.2122 7.31 0.46
166.8081 -59.8731 7.42 0.14
166.8196 -42.6387 5.15 0.03
166.8658 -28.4913 7.46 1.16
166.8773 21.1508 7.38 0.14
166.8922 -48.6400 6.44 1.49
166.9009 13.8588 7.32 0.55
166.9154 23.3238 6.48 0.16
166.9659 -38.4074 7.33 1.36
166.9770 -30.1746 6.51 0.61
167.0004 52.8216 7.36 0.58
167.0424 -21.5186 7.50 1.06
167.0563 -52.4022 6.85 0.41
167.0657 -29.9725 6.47 0.03
167.0706 -1.9031 6.66 1.00
167.0911 71.9590 7.06 0.39
167.0983 -0.8407 7.45 1.53
167.1099 -65.4285 7.08 1.10
167.1417 -61.9472 5.11 0.20
167.1475 -58.9750 3.93 1.23
167.1490 36.0108 7.32 0.94
167.1646 -39.4722 7.11 0.07
167.1660 -29.7473 7.23 1.07
167.1700 17.2007 6.80 1.02
167.1722 -86.2309 6.87 1.74
167.1776 -57.0658 7.09 0.08
167.1834 -28.0807 5.43 0.07
167.2045 24.6585 5.70 0.08
167.2376 -19.4165 6.92 0.02
167.2398 59.2153 7.16 0.99
167.2607 30.0404 7.10 0.87
167.3069 -1.3333 6.82 0.17
167.3143 57.8764 7.03 0.92
167.3198 51.3790 6.82 1.48
167.3294 -11.6778 7.35 1.56
167.3295 36.3094 5.71 1.40
167.4105 43.2077 5.89 1.56
167.4159 44.4985 3.00 1.14
167.4161 67.2102 6.07 0.23
167.4210 -54.7148 7.07 -0.06
167.4214 -58.8377 6.79 0.83
167.4463 54.1066 6.90 0.87
167.4725 -32.3675 5.79 0.03
167.4816 32.5311 7.16 1.07
167.4948 -29.7942 6.83 1.33
167.5064 77.7868 7.03 1.61
167.5209 -25.6076 7.25 1.10
167.5556 -7.3894 6.81 0.61
167.5875 22.7019 7.50 0.34
167.5892 -36.0952 7.47 1.54
167.6142 47.7980 7.25 0.47
167.6283 7.8917 7.48 1.62
167.6327 -25.9961 7.33 0.28
167.6442 -32.5639 7.24 0.46
167.6532 11.3016 7.16 1.50
167.7086 -45.5843 7.08 1.39
167.7154 21.3356 7.31 0.88
167.7283 -58.4553 6.88 -0.09
167.7310 81.7317 7.15 0.70
167.8304 -1.3946 7.49 1.10
167.8732 -71.4362 6.34 1.37
167.8805 54.1494 6.68 0.23
167.9145 -22.8258 4.46 0.03
167.9183 -60.3108 6.68 -0.03
167.9315 58.8998 7.35 0.64
167.9323 14.4002 6.30 0.21
167.9541 42.8321 7.19 0.55
167.9910 -26.8061 6.43 0.92
168.0049 -26.1367 7.05 0.76
168.0149 -58.4234 6.24 1.50
168.0230 -71.2175 7.01 0.02
168.0425 61.2044 7.38 0.19
168.0426 -46.2668 6.27 0.15
168.0455 68.2719 6.40 0.13
168.0616 -32.4338 6.35 1.68
168.0617 36.8927 7.45 1.00
168.0791 -29.7825 7.11 1.65
168.0947 34.7847 6.93 1.10
168.1266 -18.4999 6.11 -0.00
168.1349 35.8141 6.41 0.60
168.1379 -49.1010 5.37 0.17
168.1450 -21.7493 6.39 1.38
168.1501 -60.3176 4.59 0.54
168.1845 -59.6776 7.23 -0.02
168.1845 35.8301 7.20 1.02
168.1852 54.8943 6.63 0.10
168.1885 -64.1698 5.22 -0.08
168.2103 -13.9335 7.09 0.51
168.2358 -12.7852 7.22 0.32
168.2364 -49.7361 6.12 1.05
168.2713 -47.0552 6.65 0.63
168.2778 -56.4101 7.41 1.68
168.2815 67.3229 6.60 0.93
168.3021 -26.4651 7.27 0.14
168.3112 -44.3722 5.77 1.66
168.3229 -50.1225 6.87 0.43
168.3252 10.4473 7.45 1.22
168.3322 33.4437 6.62 1.01
168.3783 -59.6193 5.74 -0.11
168.3945 55.4159 7.44 0.47
168.4142 -53.2318 5.75 1.31
168.4171 41.0888 6.33 1.15
168.4209 -22.9987 7.29 0.23
168.4208 20.1288 6.93 0.75
168.4398 -0.0695 5.40 -0.02
168.4492 49.8562 7.41 1.28
168.4614 -52.8559 6.82 0.26
168.4709 2.2685 6.75 0.40
168.5076 8.0607 5.79 1.13
168.5271 20.5237 2.56 0.13
168.5440 -16.8861 7.08 1.00
168.5535 -8.3278 7.12 1.60
168.5600 15.4296 3.33 -0.00
168.6018 20.0308 7.34 0.96
168.6276 85.6401 7.31 0.24
168.6346 -42.8530 7.29 0.37
168.6356 5.9928 7.08 1.13
168.6391 52.9469 7.46 0.88
168.6572 -1.2708 6.63 1.11
168.7255 -43.7337 6.22 1.61
168.7280 -68.3279 6.98 1.63
168.7601 -33.3177 6.98 0.37
168.7857 -39.4770 6.87 0.11
168.8010 23.0955 4.56 1.66
168.8233 -19.6375 6.89 0.08
168.8374 27.5710 7.13 0.27
168.8423 -66.5119 6.86 1.90
168.8483 -11.5882 6.86 1.59
168.8565 15.1130 7.43 0.89
168.8719 -41.0572 7.15 1.54
168.8780 -42.6129 7.43 0.50
168.8920 -38.2584 7.36 1.13
168.9157 -12.5926 6.51 1.52
168.9275 -22.9160 7.07 0.23
168.9282 -57.3559 6.42 0.10
168.9544 -39.3235 7.36 0.63
168.9663 13.3076 5.31 1.19
168.9737 -47.9209 6.54 -0.02
168.9847 12.6136 6.82 -0.03
168.9909 12.8448 6.66 0.29
169.0007 -47.3058 7.28 1.07
169.0065 64.9076 7.02 1.19
169.0165 52.7732 6.51 0.44
169.0318 -41.0216 7.01 0.09
169.0338 -68.1984 7.18 1.52
169.0378 78.3090 6.89 1.31
169.0488 -3.4720 7.40 -0.21
169.0792 59.9432 6.91 0.17
169.0825 -34.6679 6.80 0.16
169.1161 -45.8800 6.30 0.40
169.1352 -28.1298 7.50 0.51
169.1519 -3.9668 6.76 0.18
169.1654 -3.6516 4.45 0.21
169.1745 49.4763 5.88 1.10
169.2021 -14.5083 7.37 1.29
169.2168 -27.2395 7.26 0.94
169.2213 -38.3987 6.88 1.10
169.2399 -34.9273 6.89 1.38
169.2424 -7.1347 6.11 0.21
169.2502 -54.7770 6.77 0.42
169.2617 -55.6226 7.41 0.01
169.2942 -41.3905 6.85 0.33
169.3001 -38.0144 6.24 0.10
169.3097 -41.9343 6.46 0.01
169.3225 2.0106 5.18 1.51
169.3293 -67.8235 6.06 1.75
169.3623 60.2718 6.65 1.04
169.3648 -59.1054 6.70 -0.01
169.3791 -63.4764 7.44 0.12
169.4119 -34.7373 6.44 0.41
169.4133 -33.5471 6.84 0.51
169.4206 25.4604 7.38 0.14
169.4287 -36.5342 6.67 0.98
169.4346 27.3622 6.96 0.20
169.4462 -22.1459 7.34 1.31
169.4492 -59.2078 7.02 -0.08
169.4640 -45.5058 7.20 1.07
169.4738 -59.2364 7.14 -0.04
169.5058 22.1799 6.84 0.93
169.5373 -31.7523 7.36 1.13
169.5388 -62.9753 7.38 1.21
169.5826 -48.7874 7.31 0.05
169.5877 11.9845 6.66 0.06
169.5917 -5.0673 7.29 0.73
169.6196 42.3164 6.94 1.01
169.6197 33.0943 3.49 1.40
169.6306 -60.2440 7.46 0.22
169.6326 56.1948 7.38 1.11
169.6427 -79.6687 6.35 0.27
169.6522 -24.3433 6.69 1.18
169.6823 -58.1864 6.61 1.32
169.6947 66.6842 7.10 0.28
169.7016 35.4894 6.67 1.12
169.7290 1.6504 5.90 1.04
169.7496 14.2686 6.60 0.59
169.7649 62.1827 6.93 1.12
169.7659 -75.8249 7.37 1.73
169.7776 13.3908 7.12 0.51
169.7830 38.1856 4.76 0.11
169.7944 -40.4999 7.36 0.25
169.8148 0.7233 7.36 1.07
169.8195 -64.5825 5.99 0.47
169.8352 -14.7785 3.56 1.11
169.8443 -1.6549 6.61 0.57
169.8599 -28.4757 7.32 0.90
169.8823 32.8251 6.57 1.03
169.8846 -47.3963 7.15 1.26
169.9024 -75.1425 6.26 -0.02
169.9230 38.1009 7.21 0.40
169.9243 -52.4919 7.32 1.19
169.9484 -28.1889 7.06 1.13
169.9617 -72.9583 6.46 0.00
170.0023 -59.1881 7.30 -0.01
170.0173 -71.9943 6.41 0.02
170.0266 -67.0494 7.50 0.11
170.0466 30.1205 7.22 1.57
170.0788 -28.3322 6.68 1.12
170.1103 17.3113 7.14 0.12
170.1248 -45.7288 6.91 0.37
170.1302 -10.2945 6.54 1.08
170.1333 44.9983 6.73 0.34
170.1787 -58.3168 7.47 1.26
170.2239 67.1007 6.20 1.02
170.2299 -58.7036 7.02 1.00
170.2367 51.7612 7.32 0.40
170.2460 4.8805 7.16 0.43
170.2518 -54.4910 3.90 -0.16
170.2841 6.0293 4.05 -0.06
170.2864 -35.5239 7.40 0.28
170.2867 -14.0813 7.44 0.36
170.3616 6.6350 6.69 0.52
170.3905 -61.2262 7.36 1.09
170.3993 40.4310 7.23 0.52
170.4072 -43.5577 7.12 1.02
170.4415 -22.1052 7.34 -0.06
170.4491 87.6385 7.50 -0.01
170.4555 57.0749 6.43 0.16
170.4592 9.1684 6.69 0.30
170.4878 -77.6084 6.43 0.20
170.5616 -56.6028 7.23 1.45
170.5648 -58.3860 6.64 0.95
170.5895 -39.1049 7.34 0.01
170.5963 -44.6459 6.10 0.93
170.6197 -8.8426 6.91 0.15
170.6206 17.4370 7.03 1.06
170.6320 -53.3698 6.77 0.04
170.6672 35.0262 7.44 1.42
170.6740 40.1755 6.58 0.48
170.6846 -42.9480 7.41 1.67
170.7066 43.4827 4.99 1.00
170.7072 77.3734 7.44 0.46
170.7132 31.8281 7.41 0.34
170.7135 64.3305 6.02 0.09
170.7280 -50.7867 6.87 1.07
170.7376 -20.6255 7.48 0.22
170.7839 -56.7794 5.82 -0.00
170.8029 -36.1648 5.00 1.46
170.8131 6.5858 6.90 0.86
170.8222 -58.7875 7.14 1.22
170.8248 0.1321 6.05 1.46
170.8264 -23.7065 7.16 0.94
170.8392 -64.9547 5.09 -0.06
170.8412 -18.7800 5.08 0.44
170.9087 17.1421 7.22 0.14
170.9480 -36.0892 6.99 0.01
170.9723 37.2348 6.93 0.26
170.9810 10.5295 4.00 0.42
170.9856 -57.8804 6.50 1.50
171.0097 1.4078 5.39 0.94
171.0465 -72.2566 5.55 0.02
171.0907 -5.9100 6.94 0.54
171.0919 -42.6691 6.13 -0.17
171.1082 17.3437 7.44 0.98
171.1438 48.6058 6.78 1.60
171.1525 -10.8593 4.81 1.56
171.1694 -61.6476 7.22 1.27
171.1978 -22.8328 7.41 0.27
171.2205 -17.6840 4.06 0.22
171.2302 -63.4321 7.40 0.32
171.2424 -2.2124 6.75 0.28
171.2455 11.4303 5.80 1.38
171.2968 5.7395 7.40 1.45
171.2992 -73.6324 6.88 0.38
171.3130 -18.6071 7.03 0.25
171.3728 -36.0631 5.21 0.98
171.3879 -37.7476 5.87 1.50
171.4016 16.4565 5.58 0.39
171.4092 29.9873 6.88 0.32
171.4144 3.3011 6.73 0.21
171.4248 -45.8804 7.04 0.96
171.4266 -14.5373 7.16 1.45
171.4308 -63.9725 5.18 0.49
171.4406 26.7472 7.30 0.24
171.4586 3.8601 6.35 0.34
171.4750 -13.7513 6.52 1.72
171.4797 52.1320 7.32 0.44
171.4881 55.8505 5.73 0.99
171.5083 -20.5823 6.72 0.20
171.5363 22.7083 7.41 0.33
171.5751 8.6596 6.73 1.41
171.6065 33.4506 6.33 0.45
171.6418 -21.3565 6.88 -0.01
171.6476 -61.1152 5.22 -0.08
171.6888 3.0131 6.49 0.78
171.6970 -53.1599 5.80 0.52
171.7486 -61.3693 6.72 1.98
171.7534 -56.2802 6.68 1.20
171.7599 -19.2006 7.24 1.24
171.7897 -12.3567 5.93 0.49
171.8008 33.1244 7.23 0.99
171.8377 -24.1697 7.48 1.61
171.8724 -39.8765 7.32 0.08
171.8759 -12.4359 7.40 0.72
171.8895 1.3015 7.41 1.00
171.8917 0.9562 7.15 0.97
171.9069 -25.8609 6.75 1.03
171.9295 -60.4958 6.86 1.55
171.9366 37.9382 7.27 0.57
171.9599 45.1852 6.68 1.53
171.9738 -1.6999 6.23 1.04
171.9835 44.5658 6.84 0.39
171.9843 2.8563 4.95 1.00
171.9871 44.8785 6.90 1.13
171.9945 -35.3288 6.44 1.61
172.0086 11.9731 6.55 1.60
172.0148 -0.8979 7.11 0.03
172.0769 -72.4740 6.09 0.10
172.0973 -23.8267 7.26 1.42
172.1043 2.7830 7.24 0.50
172.1133 -66.4893 7.50 0.08
172.1434 -58.1420 7.20 -0.02
172.1462 -42.6742 5.14 -0.03
172.1594 -54.8836 6.79 0.17
172.2127 42.7933 7.18 1.29
172.2176 -16.5948 7.50 1.56
172.2316 -43.4793 6.96 1.26
172.2470 10.0379 6.97 0.48
172.2662 -58.7918 7.47 0.23
172.2672 39.3370 5.30 0.02
172.2693 61.7784 5.83 0.38
172.2901 67.4583 7.10 1.24
172.3104 -4.4517 7.42 0.57
172.3131 -63.5539 6.45 0.32
172.3285 30.4245 7.18 0.47
172.3383 -57.8324 7.21 0.04
172.3511 -0.8489 7.03 1.35
172.3992 3.7799 7.45 1.02
172.4064 -28.0306 6.67 1.35
172.4072 -10.0627 7.26 0.30
172.4109 -24.4640 5.77 0.07
172.4166 7.5994 6.73 0.52
172.4244 15.4133 5.74 1.37
172.4256 -38.4569 6.74 0.94
172.4317 56.7376 6.29 0.16
172.4390 -25.0020 7.20 0.64
172.4509 -51.6630 7.39 0.42
172.5031 -44.6907 7.45 1.55
172.5180 29.9646 6.90 0.37
172.5536 54.3622 6.52 0.94
172.5684 37.9538 7.11 1.25
172.5787 -3.0035 4.77 1.53
172.5817 47.2446 7.43 0.96
172.5861 -25.7986 6.59 1.05
172.6034 46.6575 6.30 1.26
172.6066 -59.6273 7.33 1.43
172.6188 43.5785 6.67 0.91
172.6210 18.4098 5.54 1.06
172.6243 48.9357 7.39 -0.04
172.6298 43.1732 5.94 0.52
172.6615 -13.0503 7.06 0.38
172.6782 56.7464 7.11 0.31
172.6830 -39.2355 7.23 0.97
172.7079 41.2869 6.95 0.46
172.7145 -60.3181 7.26 -0.05
172.7209 47.9289 6.40 0.88
172.7287 28.4516 6.74 1.52
172.7352 -41.9263 7.21 -0.06
172.7545 32.3166 7.17 0.48
172.7899 -44.9678 7.14 0.93
172.7928 48.7896 6.54 0.94
172.8127 -61.2785 6.28 0.47
172.8273 59.7009 7.31 0.24
172.8473 3.0627 7.47 0.32
172.8511 69.3311 3.82 1.61
172.8824 17.7498 7.10 0.01
172.8981 -44.7385 6.96 1.53
172.9373 14.3645 6.27 0.57
172.9420 -59.4421 5.07 1.03
172.9482 -20.7765 6.24 0.54
172.9495 -73.9027 6.88 0.20
172.9502 -60.6064 7.22 0.04
172.9533 -59.5156 5.12 0.43
172.9625 81.1273 6.12 0.26
172.9652 24.3114 7.14 1.37
172.9747 41.4394 7.35 0.62
172.9859 -6.4705 6.74 1.05
172.9991 -1.7824 7.34 0.00
173.0522 36.2473 6.59 0.96
173.0646 -12.3966 7.34 1.36
173.0684 -29.2610 4.93 0.54
173.0833 -66.9618 5.89 1.14
173.0852 56.0954 7.50 0.49
173.0865 61.0825 5.46 0.52
173.0970 -26.7468 6.15 1.67
173.1316 -29.1419 7.36 1.60
173.1351 -59.7178 6.78 0.16
173.1981 -7.8275 5.94 1.38
173.2004 -40.4362 5.64 1.58
173.2075 18.0023 7.26 0.51
173.2143 -36.2092 6.68 0.59
173.2255 -31.0872 5.13 1.58
173.2413 -23.4438 7.45 0.26
173.2419 84.7063 7.22 0.96
173.2506 -31.8576 3.54 0.95
173.2586 34.0515 7.22 1.32
173.3118 -16.2804 6.05 0.59
173.3322 3.3625 7.27 1.15
173.3562 -70.1948 6.69 0.01
173.3726 19.6799 7.01 1.28
173.4014 2.4990 6.49 1.60
173.4051 -40.5866 5.39 0.12
173.4846 36.8156 6.38 1.06
173.5157 -16.0459 6.99 1.46
173.5290 -59.6815 7.26 0.47
173.5296 65.2425 7.29 0.55
173.5414 11.0239 6.54 0.19
173.5891 -36.2046 7.42 1.29
173.5890 -5.5271 6.76 0.34
173.5915 3.0602 5.76 0.48
173.6232 -32.8313 5.96 0.81
173.6584 -57.1525 7.41 1.26
173.6770 16.7969 5.95 -0.16
173.6903 -54.2641 4.62 -0.08
173.7287 -12.0874 7.24 1.08
173.7371 -49.1365 5.50 1.04
173.7454 -4.3613 6.43 1.17
173.7568 -30.0319 7.22 1.09
173.7570 30.5088 7.39 1.07
173.7620 -30.7245 7.23 0.40
173.7638 -53.2422 6.91 1.28
173.7644 -56.1223 6.97 0.92
173.7657 20.4415 6.45 1.01
173.7704 54.7854 5.63 1.03
173.8055 -47.3726 5.64 1.68
173.8076 -60.8946 6.57 0.36
173.8089 -35.6120 6.88 0.11
173.8830 11.1886 6.61 1.04
173.8870 -12.4112 7.15 0.46
173.9201 17.8749 7.27 1.18
173.9264 -61.2879 6.23 0.13
173.9309 10.9113 6.57 0.14
173.9373 -61.5781 7.34 2.21
173.9387 -72.8419 6.53 1.16
173.9454 -63.0198 3.11 -0.04
173.9816 -47.6416 5.26 0.26
174.0112 69.3230 5.19 0.97
174.0609 3.3011 7.18 0.93
174.0748 27.7814 5.80 0.25
174.0932 -61.0524 5.84 -0.10
174.1182 -61.6651 7.13 0.08
174.1189 25.0298 7.01 0.20
174.1196 -16.8501 7.08 0.56
174.1423 6.1064 6.83 0.95
174.1456 -33.5701 5.71 1.02
174.1475 -36.1213 6.81 0.26
174.1491 56.1354 7.16 0.71
174.1694 -9.3131 7.40 0.06
174.1697 -37.2372 6.30 0.06
174.1705 -9.8022 4.70 -0.07
174.1903 -24.4392 6.97 1.42
174.2372 -0.8237 4.30 0.98
174.2417 -38.9595 6.95 0.04
174.2495 -22.9481 6.51 1.26
174.2528 -61.2834 5.14 1.10
174.2551 -32.9882 6.32 0.44
174.2869 85.6173 7.32 0.39
174.3112 -69.6742 6.62 0.52
174.3161 -75.8965 5.64 0.36
174.3244 6.2700 7.12 0.22
174.3338 -12.3472 7.15 1.09
174.3523 62.1964 7.33 1.58
174.3858 -39.3588 6.85 1.57
174.3916 -60.3649 7.05 0.23
174.3917 -47.7473 5.46 1.23
174.3921 -60.9032 6.56 1.28
174.3964 -85.4865 7.47 0.41
174.4031 44.7163 6.84 0.03
174.4057 62.7131 7.24 0.38
174.4080 -60.9831 7.34 0.01
174.4263 77.5957 6.49 1.61
174.4444 -31.2187 6.92 0.86
174.4518 -63.3232 7.14 -0.01
174.4519 -67.6204 5.94 1.01
174.4709 50.6182 6.14 1.07
174.5022 12.9574 7.41 1.39
174.5159 -65.6559 7.40 0.10
174.5206 -18.1918 7.42 0.08
174.5233 31.8808 7.11 0.41
174.5306 -61.8266 5.15 -0.04
174.5410 8.8838 6.18 1.08
174.5413 -63.1968 7.32 0.00
174.5455 -45.7495 7.16 0.27
174.5849 -63.3727 6.46 0.04
174.5858 43.6254 5.56 0.35
174.5871 -33.6057 7.28 0.06
174.6003 -2.4359 6.22 1.12
174.6150 8.1343 5.24 1.50
174.6347 33.6258 6.29 1.32
174.6397 46.8342 6.09 0.40
174.6581 -72.3687 7.03 0.19
174.6667 -13.2019 5.48 0.52
174.6877 45.1084 6.29 0.57
174.6960 -40.3031 6.95 0.96
174.6992 -47.8512 7.09 1.30
174.7047 64.3470 6.49 0.15
174.7080 39.1726 7.32 1.62
174.7518 -24.7211 6.40 0.82
174.7880 -58.5977 7.15 1.05
174.7944 -57.7395 6.97 -0.02
174.8458 -51.4246 7.44 1.58
174.8726 -37.4314 7.42 0.48
174.8734 -65.3978 5.01 0.80
174.8757 -13.1844 6.80 0.99
174.9021 18.9967 7.20 0.42
174.9147 -9.4662 7.39 1.04
174.9395 -34.9820 7.48 1.67
174.9597 -16.6202 6.17 1.58
174.9630 -14.4685 6.21 -0.01
174.9712 -45.8039 7.25 1.03
174.9735 -50.4860 6.67 0.01
174.9876 -33.4499 6.84 0.55
174.9938 -38.1084 6.65 0.97
175.0188 -59.0020 7.24 0.94
175.0287 -61.1857 7.32 0.05
175.0388 23.7082 6.88 0.30
175.0533 -34.7447 4.70 -0.07
175.0673 -62.4324 6.91 1.28
175.0698 -28.4966 7.03 1.66
175.0779 62.3965 7.08 0.55
175.0853 -69.6717 7.27 1.30
175.1003 0.9522 6.87 0.21
175.1143 57.9704 6.35 -0.09
175.1525 -8.4057 7.41 0.55
175.1542 -62.5681 6.32 0.03
175.1731 8.6722 7.34 0.22
175.1770 -53.9686 5.95 1.67
175.1961 21.3527 5.26 0.98
175.2121 -9.9174 7.29 1.11
175.2235 -62.0901 4.93 1.11
175.2329 -0.6743 7.18 1.28
175.2450 -55.5738 6.96 0.32
175.2510 -54.5488 7.42 0.02
175.2565 -83.0999 6.32 1.08
175.2626 34.2016 5.31 0.72
175.2750 60.8425 7.03 0.87
175.2851 -29.1963 6.44 0.65
175.2902 -17.7053 6.99 1.14
175.2939 -61.1411 6.78 1.31
175.3325 -43.0957 5.54 0.04
175.3439 -35.6037 7.08 0.26
175.3592 -41.0183 6.86 0.59
175.3855 -77.0547 6.93 0.40
175.3929 31.7461 5.73 0.44
175.4084 -63.8294 7.24 0.93
175.4313 55.1720 6.28 1.49
175.4331 -32.4994 5.20 1.48
175.4359 -9.0768 7.22 0.82
175.4387 -50.6255 7.38 0.40
175.4431 41.2376 6.92 0.44
175.4738 -60.2308 6.82 0.35
175.4915 -24.3858 6.90 0.37
175.5147 -20.2942 6.21 0.95
175.5165 12.2849 7.08 0.50
175.5216 22.2111 6.65 0.36
175.5306 4.7473 7.28 0.62
175.5619 -75.2273 6.48 0.53
175.5701 -57.5651 7.08 -0.02
175.6064 2.3621 6.94 0.49
175.6088 -63.1424 7.31 0.02
175.6183 66.7449 5.32 1.27
175.6476 -29.6395 7.44 1.26
175.6834 18.2420 7.39 -0.15
175.7275 -79.3064 6.38 0.89
175.7374 -9.1200 7.45 0.95
175.7822 -72.4455 7.11 0.05
175.7936 56.0197 7.47 1.49
175.8457 -19.8233 7.05 1.60
175.8633 -37.1902 5.98 1.45
175.8778 -15.0428 6.93 -0.05
175.8800 -62.4894 5.00 0.78
175.8800 31.7620 6.79 1.08
175.8891 -52.6197 6.85 1.00
175.9026 -68.4787 6.99 0.39
175.9043 -80.4835 6.61 0.08
175.9048 41.7225 6.71 0.97
175.9460 24.0103 7.40 0.87
175.9460 -21.0383 7.32 0.43
175.9487 52.3951 7.40 0.17
175.9701 -62.8783 6.10 0.06
175.9795 -9.1324 6.88 1.04
175.9797 -6.6772 6.05 0.96
175.9860 -29.7477 6.97 0.55
176.0549 25.2183 6.02 1.53
176.0991 -20.6958 6.85 0.14
176.1218 48.5164 7.12 1.43
176.1776 73.1468 7.04 1.39
176.1829 28.6701 7.04 0.01
176.1907 -18.3507 4.71 0.96
176.2104 -58.7037 7.47 0.72
176.2185 -73.1505 6.96 1.39
176.2209 -36.4099 7.45 0.79
176.2558 -0.5178 7.32 0.92
176.2976 14.2633 6.51 1.17
176.3027 -49.0698 6.26 1.17
176.3210 8.2581 4.84 0.17
176.3507 7.0300 7.06 0.95
176.3542 -40.5165 7.00 1.00
176.3960 35.8943 6.91 1.38
176.4021 -66.7288 3.63 0.16
176.4332 -45.6901 5.28 -0.12
176.4648 6.5294 4.04 1.50
176.5127 47.7794 3.69 1.18
176.5262 7.1742 6.91 1.65
176.6218 -24.4844 7.35 1.66
176.6285 -61.1784 4.11 0.90
176.6306 -40.5004 4.89 0.66
176.6517 -64.7660 6.89 0.07
176.7317 55.6282 5.27 1.28
176.7538 23.7205 6.94 0.52
176.7793 -35.9069 6.16 0.95
176.7826 61.4019 6.59 0.24
176.8160 -30.2865 6.48 0.68
176.8298 -57.6965 5.42 1.66
176.8330 -25.9615 7.33 0.27
176.8442 -18.3807 6.82 1.25
176.8592 -31.2548 7.32 -0.05
176.8683 20.0338 7.36 0.49
176.9225 -67.6923 6.75 1.06
176.9585 49.8230 7.10 0.06
176.9788 8.2459 5.31 0.04
176.9848 27.3406 7.48 0.87
176.9964 20.2189 4.50 0.55
177.0162 -35.2253 7.10 0.76
177.0604 -66.8149 4.75 1.52
177.0979 -10.3131 6.24 0.58
177.1053 28.4170 7.24 0.39
177.1103 -23.0906 7.41 0.76
177.1524 28.7999 7.05 0.08
177.1613 14.2842 5.90 0.30
177.1634 -35.9869 7.02 1.29
177.1734 -14.3446 6.85 1.03
177.1879 -26.7498 5.10 1.59
177.2553 -0.3187 6.15 0.52
177.2577 16.1324 6.84 1.07
177.2625 -9.1179 7.41 1.07
177.2649 14.5721 2.14 0.09
177.2796 5.1834 6.55 1.15
177.2937 67.3285 7.45 0.72
177.2949 -7.3606 6.96 1.54
177.3014 28.1214 7.37 0.93
177.3031 -57.6916 6.86 0.10
177.3116 16.2429 6.05 0.28
177.3136 -6.8949 7.31 1.43
177.3523 -60.4258 7.42 1.89
177.3661 -46.0675 7.18 0.28
177.4212 -63.7885 4.30 -0.15
177.4239 34.9318 5.73 0.47
177.4444 -13.6522 7.39 1.13
177.4859 -70.2258 4.98 1.36
177.4989 -40.2763 7.28 1.00
177.5587 54.2526 6.74 1.07
177.5817 -15.8637 6.13 0.95
177.6137 -62.6494 5.68 0.23
177.6549 -27.2779 6.48 0.98
177.6666 -12.8671 7.24 1.53
177.6738 1.7647 3.59 0.52
177.6751 -33.1412 7.36 0.70
177.7306 12.2790 6.37 0.29
177.7422 33.6042 7.17 1.03
177.7593 -5.3333 5.62 1.06
177.7614 -13.3233 7.32 0.05
177.7716 -27.0802 7.18 1.20
177.7863 -45.1735 4.47 1.28
177.7896 33.3750 6.25 0.34
177.7956 -7.9916 6.87 1.23
177.8041 -61.8462 6.51 0.26
177.8048 -43.9331 6.62 -0.03
177.8340 68.8339 7.23 0.18
177.8385 -43.0797 7.00 1.17
177.8413 -12.1878 6.34 0.41
177.8530 11.8052 7.05 0.47
177.9234 -30.8348 5.85 0.55
177.9457 -41.2474 7.35 0.46
177.9541 -64.5957 7.19 0.03
177.9636 -65.2059 4.89 -0.12
177.9898 8.8300 7.40 0.97
178.0172 -49.4011 6.99 -0.10
178.0431 -56.9877 5.56 0.07
178.0508 -19.2062 7.42 0.29
178.0599 49.9317 7.08 1.30
178.0759 -51.3148 6.59 1.32
178.1289 20.4100 7.26 0.47
178.1617 -62.2352 7.23 -0.02
178.1771 -52.4967 7.37 1.18
178.1926 15.4363 6.83 0.22
178.1970 -38.3387 7.49 1.46
178.2272 -33.9081 4.29 -0.10
178.2423 37.7187 6.42 0.75
178.3201 -36.5774 6.62 0.33
178.3345 -65.4044 7.34 0.01
178.3617 -35.0666 6.17 0.09
178.3904 -16.1150 7.43 1.20
178.3997 -46.7417 7.22 1.00
178.4298 73.7561 6.77 0.57
178.4483 33.6153 7.00 0.32
178.4575 53.6948 2.41 0.04
178.4595 0.5521 6.31 0.21
178.4603 40.9129 6.73 1.06
178.4669 -3.7769 7.36 0.89
178.5471 -30.9071 7.30 1.63
178.5479 -57.4102 6.05 0.05
178.6078 -37.7489 6.46 0.53
178.6111 -56.9698 6.92 1.67
178.6666 48.9331 7.32 0.95
178.6772 -25.7139 5.26 0.88
178.6859 -66.3762 6.38 0.41
178.7085 -43.6109 7.43 1.26
178.7501 -63.2792 5.89 0.21
178.7552 -56.0960 6.70 0.65
178.7631 8.4439 5.58 0.94
178.7739 46.4768 6.54 0.12
178.7972 46.4698 7.03 0.01
178.8086 36.7564 6.47 1.58
178.8441 38.7569 7.03 0.99
178.8463 -41.9035 7.35 0.30
178.8495 1.0959 7.16 0.40
178.8521 25.5222 6.97 1.22
178.8600 -5.1345 7.22 0.28
178.8765 -24.8576 6.80 1.10
178.9172 -28.4771 5.93 1.50
178.9187 67.2649 7.29 0.57
178.9189 15.6468 5.53 0.12
178.9782 -39.6895 6.13 1.01
178.9799 -22.1841 7.46 0.60
178.9934 56.5986 5.83 1.10
179.0010 35.3405 6.74 0.53
179.0040 -17.1508 5.17 -0.02
179.0148 40.6476 6.90 1.11
179.0636 28.8585 7.29 1.06
179.0716 35.4482 6.62 0.40
179.0860 26.6796 6.79 0.38
179.0951 42.0138 7.04 0.98
179.1117 14.1862 6.74 1.46
179.1235 34.9035 7.37 1.12
179.1259 57.8716 7.47 1.33
179.1568 65.2429 6.51 1.01
179.1831 -47.0724 6.26 0.41
179.1898 -10.7247 7.41 0.45
179.2219 61.5492 6.22 0.95
179.2316 -12.1079 7.13 0.50
179.2343 -13.7546 6.54 0.59
179.2398 -63.2491 7.21 -0.00
179.2512 -4.7828 6.73 0.49
179.2656 -33.3155 6.20 -0.04
179.2712 -52.1003 6.52 1.07
179.2779 40.2890 7.12 1.04
179.3109 40.3437 6.60 0.51
179.3170 -80.4947 7.45 0.40
179.3271 -22.5382 7.48 0.50
179.3352 -49.3601 6.68 0.35
179.3570 26.7622 7.44 0.96
179.3580 -61.1234 7.31 1.67
179.3775 -38.4963 7.26 0.08
179.3788 -27.0559 7.01 0.42
179.4168 -62.4487 5.59 -0.15
179.4267 17.4678 6.80 0.39
179.4379 6.9746 7.33 1.29
179.4388 -8.5487 6.58 0.57
179.4427 -60.4513 6.83 1.06
179.4483 -10.1576 7.41 1.12
179.4525 8.9897 7.41 1.07
179.4845 -27.7070 6.99 1.13
179.4933 -65.3221 7.48 0.51
179.5010 -56.8650 7.25 1.12
179.5012 67.8121 6.96 1.15
179.5153 -31.6509 7.09 0.48
179.5248 -59.5927 7.45 -0.04
179.5283 -4.3705 6.93 0.41
179.5299 32.2739 6.42 0.33
179.5540 0.8692 7.38 0.98
179.5580 3.4820 6.70 1.62
179.5635 -56.3173 5.44 -0.06
179.5652 -47.9771 6.76 0.53
179.5846 -40.9473 6.77 0.96
179.5854 61.4646 6.74 1.05
179.5882 -59.7552 7.35 0.02
179.6253 -70.7400 7.01 -0.03
179.6328 47.7654 6.93 0.41
179.6472 -77.8254 6.73 0.21
179.6623 -52.7687 7.48 0.23
179.6986 -64.3396 5.59 0.17
179.7266 -25.9089 6.42 0.04
179.7639 0.5307 6.18 1.26
179.7890 -10.4759 6.49 1.45
179.7945 -45.8322 6.36 -0.08
179.7953 -51.6968 6.04 1.28
179.8108 -3.3227 7.49 1.63
179.8231 33.1670 5.95 1.15
179.8429 -30.0608 6.83 1.60
179.8490 -57.1680 6.77 0.17
179.8498 1.8267 6.82 1.46
179.8568 -62.8309 6.34 0.32
179.8678 -49.1403 7.39 -0.05
179.8825 -35.3085 7.23 1.06
179.8915 -1.9186 7.14 0.97
179.8970 -46.6331 6.65 0.56
179.9069 -78.2218 4.88 -0.05
179.9871 3.6552 5.36 -0.00
179.9891 34.0347 6.49 0.24
180.0196 19.4194 6.94 1.57
180.0216 -78.1929 6.58 0.24
180.0413 36.7298 7.49 0.11
180.0727 -36.2854 7.30 1.21
180.0784 80.8532 6.21 1.61
180.0854 -36.5627 7.41 0.29
180.1564 69.1855 7.42 0.37
180.1759 -21.8375 6.28 1.22
180.1852 -10.4460 5.54 0.76
180.2120 32.9639 7.46 0.44
180.2132 -19.6590 5.28 -0.19
180.2183 6.6143 4.65 0.12
180.2196 70.2379 6.75 0.10
180.2572 -1.7682 6.32 1.20
180.3074 12.3778 6.93 0.11
180.3487 66.1230 7.16 1.42
180.3536 -34.0503 7.11 0.93
180.3718 -57.5038 6.16 -0.00
180.4056 64.9393 7.24 0.26
180.4079 70.8499 7.24 1.11
180.4145 36.0421 5.59 1.02
180.4341 -41.8288 7.39 0.22
180.4345 22.0943 6.57 0.66
180.4357 -69.1979 6.95 1.25
180.4422 -34.6503 6.91 0.59
180.4620 -73.2985 6.87 0.04
180.5286 43.0456 5.22 0.28
180.5635 -52.5298 7.47 0.44
180.5860 -85.6318 6.05 1.29
180.6190 -71.4890 6.41 1.16
180.6208 43.0841 6.64 0.86
180.6292 -56.5605 7.38 0.04
180.6572 -69.1923 5.89 -0.08
180.7153 -7.6836 6.24 1.49
180.7223 12.8074 7.48 0.38
180.7348 -62.1753 6.78 0.04
180.7493 -10.7524 7.44 0.43
180.7545 -57.2601 6.69 1.39
180.7563 -31.6917 7.41 1.29
180.7567 -63.3129 4.32 0.28
180.7779 -48.1949 6.61 0.24
180.8050 -3.3954 7.50 1.15
180.8381 81.6883 7.50 0.94
180.8428 -55.3213 7.49 1.04
180.8883 29.6791 7.35 1.50
180.8979 -5.4796 7.15 0.13
180.8983 69.0200 7.00 1.32
180.9017 -39.0091 6.51 0.50
180.9146 -42.4341 5.15 0.42
180.9352 5.5578 6.39 0.48
180.9355 -74.2141 6.44 1.20
180.9487 -54.7148 7.45 0.47
180.9675 -53.4982 6.99 0.88
181.0014 -10.2961 6.59 0.32
181.0171 -64.5389 7.35 0.03
181.0374 -69.5220 6.74 1.14
181.0692 21.4592 5.89 0.25
181.0696 -51.4725 6.48 -0.05
181.0784 4.9318 7.12 1.63
181.0801 -63.1657 4.72 -0.08
181.1187 85.5871 6.27 0.56
181.1431 -31.1876 7.47 0.43
181.1622 -68.3289 5.34 -0.01
181.1688 35.5674 7.40 1.05
181.1791 3.5731 7.14 0.94
181.1886 -59.2533 6.30 -0.03
181.1942 -76.5191 5.04 1.49
181.1958 -61.9968 7.40 0.20
181.2385 -60.9683 5.95 1.69
181.2479 76.7622 7.31 0.43
181.2506 -70.0022 7.43 1.69
181.2859 -61.1796 6.64 0.90
181.2998 -34.2090 7.46 1.65
181.3013 73.4546 7.50 1.11
181.3023 8.7330 4.12 0.97
181.3118 76.9057 5.78 1.03
181.3338 -50.2706 6.96 1.10
181.3343 -49.0071 7.23 0.95
181.3457 -62.9758 6.69 0.31
181.3897 68.7943 7.39 1.07
181.3934 51.9312 7.09 0.63
181.3960 -5.8459 6.62 1.49
181.4156 62.9331 6.14 1.18
181.4578 -69.5731 7.38 0.02
181.4734 -65.5469 6.30 0.15
181.4861 -35.6939 6.23 -0.07
181.4992 -3.1316 6.37 1.00
181.5034 23.2047 7.49 0.36
181.5058 -54.2578 7.03 1.06
181.5057 68.6987 7.10 0.46
181.5217 -32.9612 6.49 0.62
181.5364 -69.1254 7.17 0.55
181.5462 -73.5568 6.55 1.84
181.5542 -38.6757 6.91 1.39
181.5685 -22.7963 7.28 0.99
181.5830 -68.6514 6.23 1.24
181.5961 -65.7095 5.95 0.61
181.6578 -37.8601 6.63 1.02
181.6851 57.6006 7.27 0.39
181.6972 -12.2408 6.77 0.32
181.7203 -64.6137 4.14 0.35
181.7556 -23.7663 6.93 0.51
181.7734 -78.7411 7.48 0.27
181.7948 9.6629 7.40 0.37
181.7951 12.9855 7.10 0.02
181.8121 -6.7656 7.07 1.42
181.8170 -64.6818 6.81 0.47
181.8455 -43.2465 7.21 0.42
181.8665 -18.1908 7.07 1.20
181.8864 -45.5812 7.31 0.01
181.8867 4.5132 7.45 0.97
181.8971 -31.4106 6.72 0.53
181.9126 -23.9759 6.72 0.61
181.9585 -75.3670 5.17 1.28
182.0025 0.6213 6.98 0.40
182.0218 -50.6613 4.46 -0.16
182.0236 31.0497 7.43 0.02
182.0291 39.6555 7.33 0.52
182.0613 -48.6925 5.34 -0.01
182.0760 58.5568 7.46 1.02
182.0810 -34.6749 6.75 1.07
182.0897 -50.7224 2.58 -0.13
182.1031 -60.8471 6.22 1.73
182.1034 -24.7289 4.02 0.33
182.1552 26.4935 6.97 1.02
182.1786 -18.4354 7.14 0.43
182.2235 49.1853 7.42 1.03
182.2242 -44.3260 5.75 0.24
182.2275 -41.2316 5.51 -0.10
182.2825 -78.7813 6.85 0.25
182.3039 17.1861 7.22 1.63
182.3467 -63.8203 6.94 1.01
182.3483 -59.7693 7.16 -0.06
182.3659 38.6318 7.39 0.31
182.3689 -11.8571 6.81 0.67
182.4028 -52.1440 7.20 -0.06
182.4055 40.2521 7.46 0.79
182.4091 -67.4542 7.45 0.10
182.4117 -58.3497 7.39 0.16
182.4221 1.8979 5.95 1.12
182.4443 -51.7839 6.74 0.92
182.4462 74.6614 6.34 0.51
182.4490 -5.2257 7.23 0.40
182.4543 77.3904 6.87 1.03
182.5106 -34.7047 6.16 0.03
182.5142 5.8070 5.72 0.35
182.5241 -17.5374 6.63 0.48
182.5312 -22.6198 3.02 1.33
182.5328 16.4269 7.05 1.33
182.5786 -19.7699 7.48 1.49
182.6133 -7.7740 6.55 0.22
182.6159 29.0682 7.48 0.99
182.6193 -24.9589 7.48 0.09
182.6318 16.8093 6.40 0.07
182.6409 -37.8703 6.07 0.19
182.6754 -56.4423 6.97 0.13
182.6921 27.2815 6.01 0.12
182.6971 39.8915 6.85 0.28
182.7011 -9.3972 7.50 1.00
182.7179 -28.0679 7.33 1.10
182.7503 81.7098 6.00 1.62
182.7551 -68.2610 6.48 1.35
182.7564 8.7175 7.34 1.14
182.7621 -45.4229 6.61 1.09
182.7660 -23.6024 5.45 0.06
182.7716 -61.2774 6.08 0.40
182.7745 -56.4014 7.33 0.12
182.7893 -83.7782 7.38 0.11
182.8408 -3.7789 6.95 0.45
182.8418 -2.6991 6.74 1.07
182.8455 -16.7908 6.88 0.77
182.8691 -44.2829 6.59 0.47
182.8815 -51.3593 6.23 0.82
182.8837 34.2587 7.30 0.41
182.9087 -54.4176 6.80 0.56
182.9130 -52.3685 3.97 -0.16
182.9176 4.0559 6.93 0.15
182.9179 -10.5706 7.13 0.92
182.9345 -64.9488 7.04 1.09
182.9371 57.0544 6.34 1.50
182.9419 23.3225 6.73 1.04
182.9514 77.4408 6.76 0.04
182.9553 -19.9293 7.44 0.47
182.9632 25.8703 5.66 1.40
182.9959 -25.9415 7.43 1.21
182.9994 -63.3808 7.45 0.38
183.0032 -64.5104 6.54 0.27
183.0042 28.5363 6.47 0.43
183.0387 20.5421 5.60 0.96
183.0429 -63.4541 6.98 0.10
183.0497 77.6162 5.14 0.36
183.0736 5.8728 7.40 0.99
183.0744 55.7059 7.20 1.22
183.0916 -62.9508 5.91 0.25
183.1059 -60.0678 6.82 0.26
183.1200 -33.4050 7.23 0.20
183.1202 -3.0845 7.43 0.70
183.1492 -52.7775 7.38 0.12
183.1754 -2.4727 7.30 1.49
183.1901 51.9400 7.28 0.88
183.1959 -70.1518 6.05 1.78
183.2002 -37.5271 7.43 1.42
183.2171 -59.6553 7.08 1.39
183.3039 -34.1253 6.34 1.45
183.3204 30.2830 7.42 0.29
183.3543 -38.9292 5.77 -0.14
183.3581 10.2623 5.85 0.26
183.3730 10.0416 7.41 0.64
183.4033 -33.7929 6.34 0.07
183.4824 2.2602 6.91 0.90
183.4853 -78.5739 6.34 1.23
183.5044 -32.3870 7.38 0.76
183.5113 -45.7239 5.31 1.40
183.5236 66.1093 6.74 1.31
183.5258 -36.7290 7.18 0.18
183.5273 32.7842 6.86 1.14
183.5644 -5.7166 6.56 0.28
183.5705 -64.4085 6.20 0.07
183.5711 -66.5487 7.12 -0.01
183.5755 26.5048 7.41 0.92
183.5754 -33.7791 7.38 0.21
183.6091 -66.5246 7.43 -0.01
183.6139 8.7824 7.50 0.62
183.6146 23.6612 7.34 0.66
183.6541 39.3423 6.96 1.60
183.6756 -24.7752 7.47 0.71
183.6809 53.4346 6.18 1.06
183.7394 -41.1394 7.49 0.65
183.7483 -20.8442 5.82 1.05
183.7501 -1.3266 7.49 1.02
183.7509 -56.1036 7.35 1.30
183.7767 -29.2373 6.50 1.09
183.7774 -7.2573 7.34 0.81
183.7855 70.2000 5.72 1.18
183.7864 -58.7489 2.79 -0.19
183.7940 -10.3124 6.11 0.47
183.8066 16.9074 6.82 1.19
183.8152 47.1155 7.28 1.01
183.8361 87.7001 6.27 0.35
183.8563 57.0326 3.32 0.08
183.8779 -14.0721 7.40 1.36
183.8772 -41.9133 6.24 1.00
183.8928 -31.6902 7.49 1.62
183.9023 -20.5295 6.85 1.16
183.9229 72.5512 6.29 1.15
183.9446 -23.3539 6.53 0.46
183.9516 -17.5419 2.58 -0.11
183.9579 -13.8167 7.31 1.59
183.9699 -6.1604 7.47 0.93
183.9816 -54.0568 6.61 1.65
184.0008 14.8991 5.09 0.07
184.0314 40.6602 5.69 1.59
184.0486 80.1251 7.22 0.35
184.0695 -3.2356 7.46 0.41
184.0856 23.9454 4.93 0.96
184.0936 -5.8457 7.38 1.33
184.0994 -72.6145 6.21 -0.01
184.1256 33.0615 4.99 1.14
184.1597 -63.1979 6.97 0.60
184.1757 39.5930 7.21 0.20
184.2061 86.4358 6.33 0.44
184.2087 56.2815 7.28 1.24
184.2154 -26.5985 7.29 1.01
184.2639 -16.6937 6.05 0.11
184.2764 -65.6930 6.06 0.02
184.3733 53.1913 5.80 1.33
184.3774 28.9372 5.71 0.16
184.3831 -48.9256 6.81 0.57
184.3938 -67.9607 4.06 1.60
184.3946 -40.0044 7.21 1.48
184.4344 15.1447 6.36 1.38
184.4406 -63.6161 7.42 2.09
184.4470 -36.0940 6.15 0.01
184.4804 -57.8501 6.75 1.58
184.4813 -24.0134 6.95 0.10
184.5384 -3.9541 7.08 0.41
184.5399 -3.9488 6.57 0.36
184.5462 -52.3063 6.84 -0.06
184.5467 27.3006 7.47 0.17
184.5570 -20.8404 7.31 0.62
184.5872 -79.3122 4.24 -0.12
184.6023 -31.4952 7.49 0.50
184.6095 -64.0031 4.06 -0.17
184.6111 -20.8098 7.43 1.68
184.6150 8.0650 7.27 1.04
184.6212 32.7489 6.68 0.24
184.6317 30.2490 6.23 0.31
184.6338 -8.9044 7.49 0.59
184.6680 -0.7872 5.90 0.17
184.6947 -88.4149 6.63 -0.07
184.7085 75.1606 5.47 0.05
184.7491 -55.1430 5.01 1.60
184.7536 -13.5423 7.35 0.31
184.7584 26.0083 6.44 0.18
184.7769 40.3128 7.16 1.00
184.7771 16.5483 7.04 0.60
184.8284 -16.2739 7.33 1.61
184.8300 23.0347 6.26 0.18
184.8341 -8.9147 6.84 1.09
184.8343 14.5416 6.52 1.12
184.8731 28.1569 6.38 0.52
184.8839 -32.5888 7.45 0.30
184.9166 -49.5021 7.41 1.13
184.9405 -76.8010 6.85 0.45
184.9530 48.9841 5.28 1.62
184.9609 28.4644 6.64 0.18
184.9738 -62.8542 6.81 0.25
184.9765 -0.6668 3.89 0.03
184.9803 -26.7369 6.60 1.60
184.9806 5.6716 7.28 0.32
184.9818 -48.3165 7.36 0.26
184.9923 -41.3597 7.00 0.87
185.0202 13.8551 6.94 1.08
185.0449 -22.1757 5.94 0.82
185.0563 37.9021 6.73 1.00
185.0665 -64.6478 7.14 1.07
185.0703 -4.5103 7.16 1.12
185.0740 26.0019 6.16 0.31
185.0820 26.6195 5.52 1.09
185.0874 3.3126 4.97 1.17
185.0961 66.3912 7.12 0.07
185.1139 61.3096 7.21 1.77
185.1177 -65.8427 6.20 -0.04
185.1402 -22.2159 5.20 -0.09
185.1493 63.6703 7.22 1.03
185.1724 27.0545 6.32 0.39
185.1793 17.7929 4.72 1.01
185.2030 15.5410 6.47 1.02
185.2119 57.8641 5.54 1.45
185.2256 -47.4546 7.11 0.25
185.2321 -13.5657 5.14 1.05
185.2602 45.5147 7.39 0.97
185.2642 25.0317 7.31 0.88
185.2670 38.0238 7.48 0.98
185.2775 -42.5620 6.83 0.07
185.2964 34.6867 7.13 1.08
185.3381 -62.2816 6.56 0.79
185.3405 -60.4011 3.59 1.39
185.3614 24.9970 7.38 0.29
185.4380 21.8727 7.41 0.54
185.4443 -49.9490 6.58 1.47
185.4630 -4.3864 7.34 1.56
185.4844 47.1822 6.33 1.11
185.4893 -56.3744 5.91 1.53
185.5059 33.0907 7.48 1.04
185.5086 16.7447 6.67 0.06
185.5181 61.5914 6.74 1.10
185.5307 -67.5221 5.15 0.20
185.5359 -35.5120 7.02 0.95
185.5451 24.7739 6.21 -0.01
185.5501 -68.3073 5.73 1.04
185.5627 -73.5037 6.77 0.16
185.5771 -15.5554 6.54 1.24
185.6108 -24.2366 7.01 1.15
185.6263 25.8462 4.78 0.52
185.6335 5.3054 6.46 0.57
185.6378 48.3529 7.41 0.20
185.6866 -39.1777 6.70 0.64
185.6942 -52.2930 6.52 1.01
185.7060 -57.6761 5.38 -0.10
185.7287 -14.6629 7.47 0.47
185.7502 -64.7303 7.12 1.12
185.7504 -24.8712 6.82 1.06
185.7897 -7.2991 6.96 0.98
185.8097 -37.4898 7.16 0.32
185.8108 -67.6315 6.36 0.89
185.8140 -4.9745 6.47 1.19
185.8286 -11.8121 6.48 1.64
185.8399 -24.8407 5.66 1.15
185.8648 -6.1188 7.18 0.48
185.8749 24.5933 7.40 1.06
185.8976 -35.4127 5.32 -0.07
185.9031 -39.3024 6.39 0.28
185.9071 -61.6291 6.89 0.67
185.9259 -63.8701 7.41 0.15
185.9365 -38.9114 5.79 -0.06
185.9460 42.5427 6.03 0.37
185.9493 -30.3354 6.39 1.57
185.9696 -19.2256 7.45 1.07
186.0062 51.5623 4.76 0.88
186.0093 -19.5719 7.44 0.45
186.0144 25.8512 6.71 0.24
186.0539 -38.9138 6.88 0.27
186.0772 26.0986 5.17 0.08
186.0892 -47.3729 6.61 -0.05
186.0901 -10.4751 7.43 0.97
186.1117 25.5824 6.41 0.28
186.1174 -77.2147 6.98 1.51
186.1589 41.3324 7.21 1.31
186.1767 -60.9041 7.14 1.19
186.1864 -41.3843 6.24 1.17
186.2060 -58.1197 7.11 0.69
186.2166 -72.6039 6.61 -0.00
186.2332 -65.2110 6.92 0.11
186.2373 42.8547 7.12 0.37
186.2634 56.7778 5.82 1.62
186.2710 60.6974 7.38 0.57
186.2766 63.8028 6.31 0.92
186.2856 -42.5143 6.10 0.65
186.2869 -48.3091 7.22 1.59
186.2990 -11.6106 5.95 0.04
186.3085 -25.9864 6.85 0.40
186.3129 23.9262 6.03 1.09
186.3233 -65.7699 6.29 0.96
186.3267 -27.7490 6.09 1.27
186.3406 -35.1864 5.71 -0.07
186.4095 -86.1506 6.32 1.06
186.4434 -64.0221 6.99 0.54
186.4623 39.0186 5.01 0.95
186.4784 4.1998 7.44 1.11
186.4984 -14.9478 7.15 0.51
186.5035 2.0420 7.33 0.06
186.5049 -49.5882 6.92 0.09
186.5137 15.8639 6.74 1.09
186.6003 27.2682 4.92 0.28
186.6016 71.9298 6.33 1.03
186.6324 -51.4506 4.82 -0.14
186.6359 55.1595 7.03 0.10
186.6497 -63.0991 0.77 -0.24
186.7014 -48.9132 6.25 0.67
186.7077 51.2058 7.37 1.41
186.7154 -32.8301 5.56 0.01
186.7345 28.2684 4.35 1.13
186.7452 -52.7029 6.99 1.20
186.7471 26.8257 4.98 0.09
186.7608 -61.3852 7.32 0.91
186.8188 -55.7350 7.14 -0.01
186.8535 -63.7890 6.02 0.05
186.8600 -28.7162 7.44 0.38
186.8701 -58.3164 6.35 1.61
186.8703 -58.9918 5.38 1.54
186.8871 28.1090 7.05 1.21
186.8879 17.8343 7.44 0.96
186.8881 41.3551 6.51 0.56
186.8963 55.7127 5.68 1.58
186.9099 25.9121 6.69 0.18
186.9173 -24.7273 7.32 1.04
186.9253 8.6103 6.36 0.94
186.9560 -16.6318 6.30 0.87
186.9648 -4.6153 6.23 0.43
186.9812 -8.6780 6.75 0.58
186.9870 -18.6097 7.46 1.18
187.0075 -14.4509 6.81 1.47
187.0100 -50.2306 3.91 -0.19
187.0112 -68.7326 7.43 0.47
187.0187 44.7943 7.50 0.58
187.0551 -53.5770 7.48 1.04
187.0701 -61.7657 6.82 0.67
187.0767 4.3966 6.72 0.15
187.0804 -64.3410 6.05 0.02
187.0936 -39.0412 5.45 -0.07
187.1071 -61.7948 6.21 1.25
187.1404 -56.4078 6.15 0.92
187.1590 26.2270 6.52 0.21
187.1629 49.6355 7.09 0.14
187.1857 25.8993 6.63 0.21
187.2279 25.9129 5.29 -0.06
187.2286 -61.8709 6.93 -0.06
187.2525 -83.8027 6.61 0.00
187.2841 -34.8344 7.07 1.43
187.2904 -2.4296 6.86 1.63
187.3452 66.8939 7.03 0.91
187.3627 24.1089 5.47 0.45
187.3673 4.8382 7.14 0.41
187.3796 -66.8605 7.32 0.31
187.4302 20.8961 5.68 0.09
187.4451 14.6502 7.28 1.25
187.4661 -16.5154 2.94 -0.01
187.4758 -56.5249 5.78 1.57
187.4890 58.4057 5.37 0.20
187.4912 -41.7359 6.00 1.51
187.5019 -42.9296 6.70 1.69
187.5080 -6.0234 7.35 0.43
187.5122 51.5356 6.21 0.54
187.5177 58.7678 6.07 0.99
187.5199 -13.3932 6.37 0.59
187.5280 69.2011 5.01 1.62
187.5311 17.8956 7.38 1.51
187.5727 -23.6964 5.63 1.67
187.5739 -72.9852 7.08 0.27
187.5814 -60.9899 6.68 0.45
187.6408 9.7157 7.46 0.48
187.6434 3.5082 7.34 0.90
187.6778 -73.0887 6.95 1.10
187.7089 53.0766 6.20 0.57
187.7096 -4.0608 6.86 1.43
187.7233 71.2999 6.95 1.02
187.7308 -30.6775 7.46 0.26
187.7314 76.6870 7.43 1.19
187.7425 65.8979 6.93 0.21
187.7523 24.5672 5.47 0.06
187.7531 31.4238 7.33 0.53
187.7637 23.7731 7.12 0.62
187.7682 39.5820 6.79 1.04
187.7767 16.6141 7.47 1.13
187.7905 -19.5942 7.31 1.14
187.7914 -57.1132 1.59 1.60
187.8150 -52.7924 7.35 1.46
187.8392 7.6043 6.05 1.52
187.8556 -9.1816 7.19 1.00
187.8782 33.0150 7.45 0.41
187.9105 -30.9819 6.73 1.06
187.9113 -5.0526 6.19 1.04
187.9181 -59.4239 5.49 0.62
187.9704 -58.2906 7.09 0.42
187.9714 -20.9816 7.26 1.11
187.9781 68.5147 7.37 0.53
187.9839 -63.5058 5.96 0.26
187.9967 -41.0551 6.97 1.23
188.0075 -56.2884 7.43 0.03
188.0123 74.8115 7.42 1.09
188.0183 -32.5338 6.46 0.17
188.0185 -1.7724 7.31 0.64
188.0176 -16.1960 4.30 0.39
188.0367 -56.1295 6.54 1.68
188.0413 -73.0011 5.88 1.08
188.0413 -27.5662 7.16 1.51
188.0778 -79.7838 7.10 0.07
188.1170 -72.1330 3.84 -0.16
188.1367 -21.2121 6.41 1.11
188.1500 -13.8591 5.74 0.38
188.1553 -24.2009 7.50 0.24
188.1822 -45.4597 7.34 0.43
188.2086 -30.0447 6.79 0.86
188.2253 -16.6601 7.46 0.99
188.2620 10.2957 6.29 0.95
188.2764 -47.0455 7.35 0.98
188.3008 -52.0828 6.55 -0.02
188.3170 -50.6505 7.30 0.54
188.3427 -19.7925 6.26 0.30
188.3701 -41.4141 6.70 0.24
188.3709 69.7882 3.85 -0.12
188.3743 38.0690 6.53 1.04
188.3840 24.4487 7.24 1.65
188.3831 -68.7558 7.13 0.84
188.3858 7.6792 6.96 1.05
188.3918 72.4791 7.50 0.57
188.3926 24.2830 6.28 0.11
188.3927 -12.8302 5.58 0.86
188.4121 33.2476 5.42 1.01
188.4130 44.0962 7.48 0.54
188.4134 -44.1841 7.36 1.55
188.4282 75.2125 7.03 1.31
188.4362 41.3575 4.24 0.59
188.4448 -9.4521 5.48 -0.04
188.4475 33.3847 6.24 1.05
188.4793 -17.0782 7.35 1.03
188.4965 -49.9098 6.38 0.43
188.5143 46.7477 7.28 1.07
188.5202 -23.5460 7.44 1.13
188.5369 -50.0603 7.24 0.16
188.5398 -18.1952 7.26 0.59
188.5491 -32.0927 6.98 0.23
188.5695 80.2506 7.28 0.38
188.5966 -1.4076 7.07 1.15
188.5968 -23.3968 2.65 0.89
188.6282 7.7347 6.76 1.09
188.6767 -44.6730 5.76 0.68
188.6835 70.0218 4.95 1.31
188.7129 22.6293 4.80 0.01
188.7150 85.7322 7.21 0.25
188.7269 -67.7569 6.11 1.51
188.7765 18.3771 6.57 0.27
188.7823 18.3771 5.03 1.15
188.7840 21.8814 5.86 1.24
188.7956 36.4254 7.30 0.46
188.8165 2.2610 7.04 0.48
188.8734 -61.8416 6.22 0.73
188.8744 -61.7408 6.60 0.47
188.8883 -12.0211 6.70 0.94
188.9142 -17.1504 7.12 0.41
188.9282 -16.8261 6.68 0.38
188.9398 -41.0219 5.12 0.22
188.9472 39.6837 7.28 -0.02
188.9657 69.0137 7.40 0.71
188.9698 -12.0691 6.61 0.36
188.9712 45.7810 7.28 1.60
188.9950 -20.5275 6.20 0.34
189.0043 -39.8695 5.78 0.00
189.0052 32.0040 7.37 1.35
189.0426 56.8255 7.23 1.18
189.0511 -52.4177 6.56 1.63
189.1093 -67.1710 7.26 -0.03
189.1584 -39.3263 6.72 1.00
189.1942 -50.3354 6.40 0.03
189.1973 -5.8319 5.88 0.07
189.2116 -15.5723 7.46 1.07
189.2189 70.1847 6.54 1.41
189.2431 17.0895 5.70 1.44
189.2784 -2.3221 6.95 0.48
189.2817 8.7969 6.61 0.25
189.2961 -69.1356 2.69 -0.18
189.3314 79.2155 6.99 0.63
189.3385 -8.3003 7.02 0.05
189.4130 38.6844 7.34 0.49
189.4261 -27.1389 5.41 0.33
189.4259 -48.5413 3.85 0.05
189.4659 4.2886 6.99 0.09
189.4854 54.8531 6.89 0.93
189.5055 -69.6032 7.38 0.89
189.5184 3.2824 6.33 0.00
189.5303 -55.9312 6.95 0.15
189.5934 1.8547 5.68 1.59
189.6074 -38.7971 7.37 0.98
189.6366 45.2171 7.21 0.41
189.6462 13.8055 7.21 1.17
189.6710 -39.3924 7.46 1.11
189.6805 -4.3735 6.67 1.59
189.6859 -18.2501 6.00 0.31
189.6928 40.8747 6.35 0.20
189.7182 -67.1930 6.22 0.01
189.7281 -76.0660 6.77 1.68
189.7347 -0.8542 7.18 0.06
189.7399 61.0289 7.36 1.26
189.7591 22.6595 6.39 1.10
189.7644 -30.4224 5.86 1.21
189.7805 21.0626 5.49 0.98
189.7957 83.6441 7.33 0.60
189.8109 -75.3706 6.46 0.10
189.8115 -7.9956 4.66 1.24
189.8202 35.9520 6.39 0.10
189.8509 -29.5369 7.48 0.35
189.8611 73.0015 7.32 0.99
189.8791 -6.1006 6.71 1.42
189.8946 60.8847 7.05 1.17
189.9689 -39.9873 4.63 -0.08
189.9828 -66.5111 6.26 -0.05
190.0359 34.1662 7.03 1.41
190.0917 -49.4007 7.03 0.60
190.1333 -70.5467 7.42 0.25
190.1392 75.9058 7.30 1.20
190.1502 -14.0998 6.84 1.34
190.1696 -8.4485 7.26 0.54
190.2256 8.8294 7.16 0.43
190.2824 30.4371 6.94 0.29
190.2904 -44.1012 6.72 1.25
190.3072 -27.9082 6.64 1.60
190.3165 -13.0139 5.17 0.43
190.3458 -46.1456 5.84 1.48
190.3700 49.2905 6.89 1.29
190.3796 -48.9599 2.20 -0.02
190.3914 62.7130 6.02 0.05
190.3933 10.4263 6.22 0.19
190.4152 -1.4494 2.74 0.37
190.4516 9.8861 6.97 0.32
190.4558 -19.7591 6.02 0.40
190.4691 -64.7287 7.37 0.45
190.4711 10.2356 4.88 0.08
190.4858 -59.6858 4.91 -0.04
190.4880 6.8066 5.57 0.00
190.4904 -7.5003 6.81 1.58
190.5210 -69.4076 6.31 0.75
190.5271 -54.7609 6.58 1.26
190.5620 45.8770 7.01 0.29
190.5740 33.6886 6.64 1.07
190.6134 -61.0185 7.19 0.16
190.6317 56.9988 7.30 1.56
190.6479 -48.8131 4.66 1.07
190.6626 28.3597 7.48 0.39
190.7074 -55.9470 6.06 -0.02
190.7095 -63.0586 5.27 0.20
190.7673 61.1554 6.39 1.27
190.7883 -56.1762 5.99 -0.07
190.8045 -24.9905 6.80 1.65
190.8163 10.1007 7.43 1.59
190.8270 26.1266 6.68 0.37
190.8594 -40.1778 6.43 0.24
190.8682 -58.9027 6.41 1.09
190.8765 -41.3218 7.15 1.60
190.8836 -26.3015 7.50 1.11
190.8876 -13.8596 7.09 0.07
190.9085 -1.5770 5.91 0.85
190.9487 -12.0142 6.61 1.31
190.9831 -13.1419 6.96 0.31
190.9944 -36.3492 6.38 -0.06
191.0022 -28.3240 5.46 1.35
191.0368 35.7687 7.09 0.32
191.0466 -2.8426 6.76 0.18
191.0612 51.7593 7.01 0.94
191.1080 80.6210 6.33 0.16
191.1129 44.1030 6.34 0.47
191.1405 43.1266 6.96 1.32
191.1457 -57.2869 6.64 0.08
191.1695 -54.0854 7.40 1.41
191.1785 -17.7783 7.22 1.38
191.2478 39.2789 5.95 0.56
191.2520 -69.0300 7.35 0.13
191.2586 -68.8308 6.16 0.69
191.2639 27.3934 7.44 1.08
191.2749 -60.0758 7.24 1.33
191.2826 45.4403 5.42 2.99
191.3183 -28.7660 6.78 0.19
191.3223 -3.8881 7.29 0.33
191.3479 -48.1705 6.64 1.15
191.3584 -71.7113 7.11 1.62
191.3590 14.3736 7.22 -0.09
191.3835 -4.8109 7.18 1.27
191.4044 7.6733 5.22 0.32
191.4083 -60.9813 4.69 1.05
191.4279 -50.1799 7.13 0.45
191.4330 33.5413 7.49 0.98
191.4691 -21.7683 6.91 1.30
191.5229 -54.6122 6.65 1.14
191.5702 -68.1081 3.04 -0.18
191.5939 9.5397 5.65 0.99
191.5947 -56.4888 4.62 -0.15
191.5956 -18.2199 7.29 0.89
191.6285 -11.8124 6.87 0.69
191.6363 24.1451 6.83 0.54
191.6615 16.5777 5.12 1.35
191.6926 -33.3155 5.87 1.33
191.7591 9.0640 6.89 1.34
191.7596 5.9504 6.31 -0.01
191.7646 -22.1294 7.41 0.52
191.7941 15.5917 6.66 0.90
191.8068 11.9581 6.11 0.12
191.8248 -12.2789 7.34 1.34
191.8289 62.7812 5.88 0.21
191.8375 -19.0045 7.23 0.67
191.8893 -6.3018 6.27 0.54
191.8922 -4.6813 7.42 1.54
191.8931 66.7903 5.43 1.57
191.9134 -58.2976 6.95 0.26
191.9304 -59.6888 1.25 -0.24
191.9513 50.1570 6.82 0.39
191.9535 29.5322 7.25 0.37
191.9642 3.5727 6.42 1.60
191.9722 -25.0154 6.81 1.04
191.9735 -24.8517 6.43 -0.06
191.9973 70.9464 7.25 1.26
191.9974 24.0956 7.20 0.92
192.0017 18.8368 6.91 0.96
192.0557 52.4532 6.88 0.94
192.0597 13.5530 6.47 0.01
192.0687 -44.7188 6.88 -0.02
192.0743 -32.3247 7.41 1.43
192.1095 -27.5974 5.65 0.95
192.1176 60.8202 7.49 1.43
192.1642 60.3198 5.83 0.47
192.1743 48.4668 6.25 0.20
192.1961 24.8402 6.29 0.70
192.2062 61.3784 7.36 0.63
192.2184 12.0964 7.10 0.66
192.2259 14.1226 5.71 0.02
192.2604 -65.5932 7.22 0.01
192.2783 83.4178 5.92 0.01
192.3074 83.4129 5.38 0.03
192.3227 27.5524 5.76 0.05
192.3436 -40.7752 6.89 1.10
192.3836 -80.7023 7.20 0.20
192.4085 48.7400 6.50 1.14
192.4373 -71.9863 5.55 1.15
192.4403 -15.8831 6.63 1.49
192.4459 -15.0789 6.97 1.52
192.4526 26.4313 6.87 1.06
192.4648 -50.3239 6.93 1.36
192.5031 54.7560 7.18 1.37
192.5215 -7.6322 6.99 0.43
192.5448 37.5169 5.87 0.17
192.5492 -60.4005 6.73 0.35
192.5585 -62.6413 6.61 1.40
192.5720 22.8634 6.43 1.00
192.5812 -48.4595 6.26 0.05
192.5855 6.2272 7.32 1.07
192.6192 -13.0347 7.31 1.33
192.6614 -58.1663 7.08 1.53
192.6715 -33.9993 4.90 -0.03
192.7048 62.9861 7.39 0.28
192.7412 -52.7874 5.70 0.13
192.7999 -69.6452 7.24 0.09
192.8004 19.1614 7.22 0.44
192.8249 -60.3298 5.71 0.34
192.8455 -10.3382 6.48 1.03
192.8995 -58.4846 7.38 1.66
192.9037 3.0568 6.02 1.29
192.9247 27.5407 4.93 0.68
192.9364 -31.0837 7.22 1.70
192.9608 -31.2019 6.97 -0.06
192.9784 19.1722 7.29 0.57
192.9867 -35.0824 6.98 1.32
192.9872 -39.6804 5.99 -0.10
192.9913 -26.7383 6.14 0.23
193.0227 -48.0943 6.31 0.04
193.0511 17.0739 6.32 1.62
193.0952 17.1084 6.93 0.56
193.1025 -53.8299 6.26 1.11
193.1146 16.1225 6.29 0.17
193.2675 -54.9525 5.91 1.31
193.2789 -48.9433 4.33 1.34
193.2965 -3.5531 6.11 0.49
193.3054 -39.3902 6.85 1.53
193.3239 21.2449 4.89 0.90
193.3334 46.6564 7.37 1.50
193.3412 -60.3285 5.75 0.29
193.3591 -40.1789 4.25 0.22
193.3838 19.4811 6.42 0.81
193.3893 -43.0751 7.29 0.25
193.4068 -60.3571 6.91 0.19
193.4088 -4.2247 6.45 1.09
193.4159 -71.2735 7.12 0.04
193.4222 -60.3494 7.23 1.45
193.4496 19.0574 7.07 1.17
193.4538 -60.3762 5.89 0.20
193.4571 12.4184 6.25 0.28
193.4823 26.7800 6.91 1.26
193.4842 87.6483 7.47 1.43
193.4992 -60.3354 6.78 0.23
193.5012 -18.0376 7.06 0.28
193.5071 55.9598 1.76 -0.02
193.5546 33.5345 6.25 0.21
193.5550 82.5177 7.14 1.12
193.5604 75.4093 6.95 0.93
193.5665 -27.9595 7.34 0.57
193.5745 -70.0368 6.88 1.27
193.5778 -11.6486 6.00 0.07
193.5882 -9.5390 4.77 1.59
193.5917 -58.4306 6.74 0.55
193.6170 46.7778 7.47 1.04
193.6259 -20.0980 6.73 1.61
193.6485 -57.1779 4.03 -0.18
193.6538 -57.1687 5.08 -0.09
193.6633 -59.1467 4.62 -0.15
193.6667 22.1079 6.99 0.58
193.7355 47.1967 5.75 1.45
193.7433 -85.1234 5.45 0.99
193.7440 -44.1520 5.89 0.63
193.7714 19.6147 6.66 1.18
193.7791 -42.2909 6.82 -0.13
193.7793 -13.4528 6.97 1.19
193.7852 -48.0916 7.49 1.52
193.7952 -24.9556 7.23 1.43
193.7962 3.0493 6.95 1.19
193.8310 -42.9157 5.46 1.67
193.8408 -4.5041 7.25 0.80
193.8690 65.4385 5.23 0.30
193.8762 11.4959 6.91 1.54
193.8852 -30.0701 6.90 0.07
193.8890 -68.9976 7.50 0.25
193.8973 56.1966 7.28 0.99
193.9009 3.3975 3.39 1.57
193.9101 0.0553 6.78 0.96
193.9127 54.9612 6.78 0.04
193.9367 32.0006 6.85 1.08
193.9640 -73.0326 7.21 1.00
193.9719 -15.3270 6.18 -0.00
193.9881 -56.8358 5.34 0.01
194.0020 38.3149 5.61 0.34
194.0062 -31.4821 7.00 0.10
194.0071 38.3184 2.89 -0.12
194.0625 -4.8640 7.01 0.08
194.0717 -19.6315 7.22 0.89
194.0733 54.0995 5.84 0.20
194.0776 -55.5611 6.83 1.52
194.1076 -14.9497 7.24 0.33
194.1079 65.9944 6.63 3.27
194.1107 -0.9546 6.62 0.48
194.1255 -26.4603 6.73 0.73
194.1321 -72.1852 5.93 1.11
194.1406 -64.3609 7.34 0.69
194.1617 43.5520 6.97 0.11
194.1649 -47.6863 6.75 0.45
194.1681 68.6161 7.40 0.89
194.1793 -11.9437 7.40 1.63
194.1875 -27.3820 7.12 1.44
194.2418 67.2429 6.55 1.41
194.2426 -54.5873 6.48 -0.04
194.2486 -59.7425 7.38 0.14
194.2682 -51.1988 5.17 -0.07
194.2825 46.1768 6.11 1.01
194.2935 -22.1719 7.36 0.22
194.3028 -12.0669 6.33 1.49
194.3065 8.2938 6.81 0.47
194.3293 -8.9108 6.93 0.09
194.3330 -28.8675 7.45 0.31
194.3417 -56.3071 7.38 1.32
194.3593 -67.9607 6.77 0.08
194.3593 1.4279 6.91 0.45
194.3690 -9.7613 7.10 0.49
194.3834 -65.6465 6.86 1.02
194.3880 -22.7535 6.31 1.07
194.4651 9.3386 7.17 0.28
194.5041 -38.9172 6.72 0.11
194.5149 -14.9857 7.01 0.87
194.5167 -46.4279 7.48 1.20
194.5409 -23.0551 6.95 0.34
194.5450 -47.0649 6.85 0.04
194.5458 68.7057 7.38 1.00
194.5786 64.9255 6.44 1.15
194.6085 -51.5092 7.47 0.92
194.6283 61.7170 7.13 1.34
194.6410 28.3196 6.94 0.26
194.6666 -2.9036 6.67 1.41
194.6705 22.0429 7.21 0.59
194.6705 -36.2752 6.95 0.17
194.6971 75.4725 6.00 1.03
194.7197 -39.1057 6.94 0.03
194.7310 17.4094 4.76 1.57
194.7363 39.8443 6.86 0.95
194.7382 -29.9985 7.27 1.66
194.7406 -21.5468 6.62 1.29
194.7507 -6.0909 7.25 0.16
194.7731 70.5968 7.01 1.30
194.7850 -43.7040 7.45 1.24
194.8873 28.0657 7.16 0.45
194.9146 -3.8119 5.79 0.20
194.9418 9.5260 6.74 1.05
194.9512 -20.2918 7.23 0.51
194.9800 66.5973 5.37 1.28
195.0104 80.8744 7.26 0.74
195.0127 -36.1822 6.97 1.42
195.0646 21.5543 7.49 0.50
195.0686 30.7850 4.88 1.17
195.0703 -48.6037 6.95 0.97
195.1069 31.7792 6.65 0.92
195.1210 -43.0883 7.25 1.39
195.1230 -9.1004 7.35 0.64
195.1258 3.6042 7.46 1.52
195.1314 -60.3754 7.07 0.17
195.1361 -33.5053 6.01 0.39
195.1398 -33.0513 6.58 0.30
195.1498 -3.3685 5.99 1.12
195.1613 18.3730 6.20 0.47
195.1819 56.3663 4.93 0.37
195.2838 4.3586 7.23 0.25
195.2901 17.1231 5.97 0.97
195.2922 -63.0232 7.43 1.71
195.3067 -20.7776 6.92 1.31
195.3768 1.5203 7.46 1.56
195.3954 -60.6714 7.38 0.06
195.3964 21.2689 7.08 1.46
195.4028 -24.6663 7.20 0.41
195.4429 -39.6161 6.65 1.04
195.4461 63.6102 6.01 0.43
195.4498 -30.8327 7.38 1.30
195.4972 -69.2293 7.45 0.35
195.5442 10.9591 2.85 0.93
195.5535 -12.1089 7.33 1.12
195.5664 -71.5489 3.61 1.19
195.5792 -56.6018 7.45 1.36
195.5944 -28.2863 6.68 1.52
195.6057 -29.2655 7.06 0.09
195.6685 59.7163 6.50 0.06
195.6851 45.3847 7.49 1.64
195.7395 -16.8814 7.23 1.12
195.7477 22.6375 6.92 0.12
195.7604 23.2024 7.47 1.12
195.7723 -71.4757 5.93 0.00
195.7934 23.8266 6.98 1.63
195.8426 -29.6634 7.43 0.49
195.8888 -49.5273 4.83 0.03
195.9038 -56.6452 7.08 1.32
195.9412 -34.2503 7.11 0.85
195.9421 -20.5835 5.58 0.55
195.9474 -40.8512 6.93 1.07
195.9544 31.0015 7.34 1.06
195.9725 43.0076 6.80 1.67
195.9768 -3.6631 6.62 0.30
195.9990 11.2307 7.41 1.40
196.0831 53.9542 7.41 1.39
196.1004 -28.4067 7.29 0.10
196.1217 -81.1501 7.21 1.03
196.1605 -0.7283 7.21 1.36
196.1667 53.8576 7.35 1.31
196.1854 0.2951 7.07 0.98
196.2010 -41.1963 6.24 1.65
196.2074 73.0250 6.43 0.22
196.2189 -21.5198 7.38 0.26
196.2586 -64.4416 6.64 0.01
196.2778 -47.1169 6.44 0.41
196.3783 -52.1157 6.43 1.69
196.3933 13.2264 7.49 1.00
196.3993 -22.0714 7.36 0.54
196.4203 26.5857 7.50 0.93
196.4352 35.7989 5.20 -0.06
196.4407 -18.2596 7.06 0.46
196.4416 47.7782 7.26 1.02
196.4448 39.6044 7.31 1.51
196.4652 -14.1119 7.18 1.50
196.4678 45.2685 5.64 1.14
196.5427 29.0292 6.51 0.09
196.5563 40.9225 7.29 1.65
196.5649 -55.6117 6.95 1.60
196.5696 -48.4633 4.71 -0.15
196.5885 21.1534 6.00 0.39
196.5942 22.6162 5.53 1.46
196.5946 22.2799 6.83 0.31
196.5953 62.0419 6.15 1.00
196.6038 57.0253 7.48 0.78
196.6125 -14.9160 7.09 0.98
196.6339 -82.9507 7.43 0.20
196.6461 -41.5884 5.59 1.05
196.6494 -46.0339 7.48 0.41
196.6575 -54.5060 7.04 1.38
196.6577 -31.6119 6.75 1.02
196.7260 -35.8620 5.63 0.05
196.7277 -49.9062 4.27 -0.18
196.7348 -34.1219 7.31 0.47
196.7600 -58.8055 7.13 1.30
196.7947 27.6247 4.80 1.48
196.8321 0.5850 7.00 0.50
196.8513 -59.8605 5.98 0.43
196.9025 1.4745 7.46 0.45
196.9096 -53.4598 5.70 -0.06
196.9735 27.5560 6.20 1.36
196.9742 -10.7404 5.15 1.14
197.0043 -56.3848 7.30 -0.03
197.0101 24.8311 6.81 0.93
197.0298 -65.3060 5.44 -0.03
197.0854 -78.4460 6.43 0.01
197.0912 -36.2241 6.85 0.33
197.1160 -67.7968 6.34 1.71
197.1163 -11.7628 7.34 1.26
197.1353 -8.9844 5.57 1.18
197.1640 -23.1065 6.69 1.12
197.2126 5.2072 6.78 0.67
197.2533 -33.5015 7.17 1.06
197.2636 -23.1181 4.94 1.05
197.2737 18.6257 6.94 1.49
197.2810 3.1445 7.31 0.97
197.3018 10.0225 5.79 1.02
197.3093 -9.5381 6.32 1.02
197.3649 -48.5247 6.84 0.44
197.3758 -20.1237 7.16 0.05
197.3886 56.8334 7.03 0.60
197.4111 37.4231 6.01 1.17
197.4251 38.5339 6.25 -0.10
197.4266 -16.5152 6.75 0.17
197.4272 -22.1926 7.36 0.72
197.4387 -10.3293 5.95 1.49
197.4427 -7.6554 7.34 1.12
197.4494 16.8486 5.91 1.45
197.4591 62.2291 6.52 -0.01
197.4875 -5.5390 4.38 -0.01
197.4970 17.5294 4.32 0.46
197.5054 38.7238 7.16 0.18
197.5134 38.4990 5.91 0.29
197.5619 -32.0946 7.50 0.99
197.6917 34.3006 6.89 0.49
197.6968 13.3068 7.11 1.12
197.7077 -52.9076 6.67 1.11
197.7181 21.2337 6.82 0.42
197.7435 -52.5669 6.05 -0.08
197.7722 -17.0899 7.12 0.34
197.7871 -42.2329 5.78 0.52
197.8402 -13.9624 6.92 1.10
197.8464 63.1462 7.49 0.47
197.8468 -43.3686 5.24 1.05
197.8696 40.7925 7.17 0.94
197.8767 -35.1299 6.63 1.14
197.8848 21.9187 6.82 0.88
197.9003 -56.9090 6.79 1.68
197.9133 -26.5517 6.49 0.19
197.9190 -11.2217 6.89 1.23
197.9642 -69.9420 5.92 0.41
197.9682 -52.8123 7.02 1.71
197.9686 27.8782 4.23 0.57
197.9711 -63.3030 6.32 0.43
197.9815 -61.1173 6.74 0.47
198.0085 32.0853 6.71 0.48
198.0135 -37.8030 4.85 0.69
198.0148 -16.1986 5.04 0.46
198.0350 24.2580 6.31 1.01
198.0734 -59.9206 4.58 -0.07
198.0823 17.5171 7.30 0.53
198.1061 80.4713 6.25 0.95
198.1372 11.5561 5.76 1.50
198.1496 18.7518 6.51 0.86
198.1668 4.0683 7.39 0.35
198.1845 -31.8733 6.68 0.59
198.1908 -1.7584 7.09 1.40
198.2032 -66.2267 5.91 0.05
198.2033 51.8999 7.23 0.94
198.2064 42.6267 6.79 0.95
198.2081 -61.5451 7.26 0.34
198.2118 -42.6997 6.19 1.06
198.2237 19.9183 7.36 1.25
198.2321 -59.8166 6.18 0.59
198.2514 67.3097 6.96 1.15
198.2650 38.2771 6.83 0.47
198.3017 18.7270 6.10 1.20
198.3263 13.3914 7.41 1.27
198.3387 -3.4946 7.34 1.48
198.3473 -50.6998 5.90 -0.01
198.3618 -18.8264 6.26 0.09
198.3674 67.2880 6.52 1.15
198.3832 72.7991 6.57 0.09
198.3998 36.8876 6.50 1.62
198.4040 56.7083 6.82 0.60
198.4247 29.8178 7.26 1.11
198.4290 40.1529 4.94 1.06
198.4359 32.5304 6.68 0.80
198.4677 -45.1858 6.93 0.64
198.4706 25.6983 7.30 0.47
198.4899 1.4564 6.55 1.38
198.4905 -43.1391 6.16 1.37
198.5080 -62.6539 6.82 1.00
198.5183 -2.8070 7.06 1.29
198.5454 -19.9309 5.31 0.86
198.5505 -58.6839 5.91 1.08
198.5637 -59.1032 4.90 0.49
198.5723 -78.4475 5.84 1.04
198.5838 -42.8522 6.72 1.08
198.6063 -75.1712 6.98 1.50
198.6147 -24.2843 6.66 0.40
198.6303 11.3317 5.64 1.51
198.6695 -38.6516 7.16 -0.10
198.6804 -48.9570 5.84 1.06
198.6850 -63.5811 6.87 0.11
198.6880 -10.3704 6.95 1.54
198.7322 -11.3694 7.02 0.68
198.7620 4.5175 7.30 1.37
198.7858 35.4458 6.80 0.18
198.7894 -36.3714 6.17 0.97
198.7926 18.9189 6.55 1.47
198.8010 84.7521 7.27 0.53
198.8124 -67.8946 4.79 -0.08
198.8259 -70.4780 7.49 0.02
198.8271 16.1949 7.44 1.49
198.8441 -43.0630 7.49 1.09
198.8571 -69.6793 6.37 1.21
198.8723 -87.5607 7.11 0.71
198.8832 40.8552 5.77 0.20
198.8841 3.0490 7.28 1.12
198.9016 28.7420 7.28 1.32
198.9455 7.9530 6.75 1.16
198.9749 -12.3501 7.28 1.25
198.9905 21.3818 7.39 0.03
198.9948 -19.9431 5.21 1.01
199.0169 65.6918 7.34 1.04
199.0277 -57.0616 6.95 0.32
199.0532 -52.4148 6.89 1.03
199.0595 19.0517 6.46 0.97
199.0997 6.5046 7.07 1.59
199.1062 -1.3905 6.69 0.31
199.1194 68.4080 6.20 -0.05
199.1327 -44.7044 6.85 2.87
199.1344 19.7853 6.43 0.27
199.1529 18.9033 6.72 1.00
199.1874 -65.1383 6.06 0.43
199.1927 -41.2830 7.16 0.91
199.1938 9.4242 5.19 0.58
199.2126 17.0172 6.49 0.93
199.2160 1.2402 7.44 0.37
199.2194 -30.5920 7.43 0.41
199.2214 -31.5062 5.10 0.96
199.3043 -66.7834 4.86 1.48
199.3080 -43.9795 5.82 0.19
199.3151 13.6758 5.33 1.30
199.3416 -11.4835 6.61 0.26
199.3639 -10.5463 6.89 0.34
199.3744 -0.6761 6.36 0.26
199.3823 -15.5481 6.68 1.05
199.3857 40.5726 4.72 0.31
199.3887 17.2925 7.48 1.00
199.3982 -43.2992 7.46 0.12
199.4012 5.4699 4.78 1.64
199.4081 13.7638 7.21 0.95
199.4094 -37.0172 7.50 0.17
199.4338 -8.7333 7.25 0.52
199.4360 -47.5899 6.63 -0.01
199.4810 -68.4957 6.68 0.06
199.4986 -73.3445 7.04 0.27
199.5213 -44.0554 6.80 -0.02
199.5229 -60.3973 7.49 1.66
199.5494 67.6879 7.20 1.30
199.5605 49.6821 5.14 -0.05
199.5752 -57.3003 7.07 0.11
199.5828 -63.4491 6.78 0.75
199.5976 -28.3325 6.80 0.98
199.6005 -78.8231 7.07 0.20
199.6038 -45.7647 6.87 -0.01
199.6014 -18.3112 4.74 0.71
199.6155 34.0983 5.81 1.37
199.6453 -51.2858 6.18 -0.00
199.6798 -49.8783 7.35 -0.02
199.6891 -17.1337 7.46 0.61
199.7014 -79.9760 6.34 -0.03
199.7130 3.6876 6.62 0.06
199.7304 -23.1715 2.99 0.92
199.7443 -12.6481 7.34 0.40
199.7581 28.5678 7.19 0.57
199.7677 35.1280 6.01 0.28
199.7779 3.7228 6.91 1.11
199.8291 -72.0356 6.04 1.34
199.8657 45.5271 7.39 1.37
199.9100 -60.6352 6.98 1.87
199.9278 36.0829 7.20 0.98
199.9310 -67.3643 7.26 -0.01
199.9338 -11.6730 7.27 0.10
199.9627 -70.8550 7.43 0.74
199.9874 8.4871 7.08 1.13
199.9932 -41.1907 6.73 0.52
200.0089 -62.5266 6.91 1.29
200.0388 15.5640 7.25 1.08
200.0612 3.2875 6.96 1.15
200.0657 17.7658 7.17 0.57
200.0790 40.1505 5.60 1.20
200.0833 -11.3041 6.73 1.00
200.1071 17.5806 7.30 0.42
200.1411 4.8271 7.03 0.19
200.1460 -59.7728 6.20 0.41
200.1494 -36.7123 2.75 0.07
200.1576 -52.7478 5.47 -0.12
200.1604 -69.6806 7.47 0.28
200.1732 2.9423 6.26 0.10
200.1886 -23.7635 7.11 1.57
200.1888 69.1022 7.18 0.98
200.2014 -55.8007 6.00 0.24
200.2127 43.9902 6.51 0.42
200.2405 -46.8800 5.76 1.11
200.2635 -22.3830 7.25 0.92
200.2699 -24.4702 6.89 1.65
200.2805 47.2697 6.97 0.90
200.2954 37.8571 6.93 0.55
200.3010 -9.9991 7.20 0.87
200.3436 14.1489 7.28 1.49
200.3451 -39.9900 7.47 0.00
200.3474 -64.0497 7.37 0.58
200.3484 -22.7941 7.14 0.47
200.3580 -43.6343 6.67 -0.02
200.3698 -67.5369 7.03 -0.04
200.3740 -19.4893 6.21 0.10
200.3793 63.9504 7.32 1.48
200.3845 38.8804 7.31 1.16
200.4197 16.0814 7.20 1.38
200.4235 2.0872 5.69 0.04
200.4430 -18.7421 7.03 0.30
200.4574 -36.1122 7.44 0.34
200.4878 -38.8545 7.12 0.62
200.4881 -51.2823 7.09 0.23
200.4993 24.8823 7.08 0.24
200.5120 -43.0504 7.15 0.12
200.5164 43.9034 6.34 0.26
200.5267 -14.4199 6.84 1.51
200.5309 -60.1850 6.92 -0.01
200.5344 -12.5795 6.88 1.61
200.5404 5.1548 5.89 0.11
200.5628 30.2919 6.80 1.36
200.5679 -52.1830 5.81 0.07
200.6082 20.6968 7.29 1.38
200.6145 -25.8409 7.10 0.43
200.6289 -6.2022 6.63 0.69
200.6582 -60.9884 4.52 -0.14
200.7188 -47.9432 6.18 0.18
200.7192 -72.1467 6.06 0.05
200.7546 -17.7353 5.36 0.99
200.7608 -48.5628 6.37 -0.08
200.7729 47.0020 6.64 1.55
200.7860 -33.1899 6.17 1.65
200.8287 -4.9244 5.88 1.43
200.8468 -39.6280 7.35 0.08
200.8526 39.4296 7.49 0.74
200.8584 17.2963 7.47 1.16
200.9132 2.7233 7.06 0.78
200.9202 2.7253 7.35 0.87
200.9448 25.5479 7.39 1.02
200.9673 -49.8228 6.48 0.96
200.9695 -47.8905 6.77 1.03
200.9747 37.0339 6.10 1.64
200.9812 54.9254 2.23 0.06
200.9879 -20.9246 6.44 1.10
201.0019 -64.5357 4.52 0.82
201.0360 -53.7931 7.40 0.06
201.0766 1.3997 7.24 0.24
201.0960 -38.0334 7.14 1.47
201.1083 -51.8752 6.68 1.33
201.1086 -4.3090 6.82 1.08
201.1272 12.4318 6.44 1.06
201.1385 -5.1640 5.76 0.41
201.1503 -53.9144 7.07 1.29
201.1505 -51.5045 7.01 0.09
201.1613 83.3085 7.24 0.70
201.1639 -70.4302 7.25 0.85
201.2778 23.8544 5.75 0.09
201.2804 -74.8878 5.04 1.11
201.2982 -11.1613 0.98 -0.23
201.3062 54.9880 3.99 0.17
201.3085 -64.4851 5.32 0.41
201.3176 0.8497 7.26 1.03
201.3805 -68.5281 6.98 1.06
201.4169 15.5641 6.83 1.24
201.4328 72.2733 7.23 1.03
201.4402 56.9705 7.29 0.80
201.4599 -70.6272 5.65 -0.02
201.4919 -35.0758 6.82 1.63
201.5006 63.2613 6.50 0.74
201.5261 -16.8585 6.56 1.16
201.5322 -39.7551 5.11 1.18
201.5335 72.3915 5.82 1.65
201.5339 -32.5473 6.85 0.36
201.5361 -3.6611 7.06 0.98
201.5476 -1.1925 5.97 0.18
201.5691 46.0281 5.88 0.98
201.5696 -48.7866 6.70 0.03
201.6065 5.7087 7.33 1.07
201.6102 -34.0101 6.87 0.94
201.6799 -12.7077 5.27 1.48
201.7338 -41.4976 5.69 1.48
201.7381 78.6439 5.74 0.77
201.7694 64.7355 6.64 0.38
201.7766 -49.1437 6.31 0.00
201.7860 -67.0224 7.39 1.24
201.7942 64.7195 7.01 0.41
201.7951 -17.9290 7.20 1.06
201.8004 70.3165 7.40 0.35
201.8111 -40.1627 6.40 0.97
201.8273 -74.6918 6.62 -0.06
201.8361 -49.3813 6.27 -0.12
201.8632 -15.9736 4.76 1.10
201.9986 52.7456 6.34 0.26
202.0063 -61.0625 7.31 0.02
202.0078 -26.4022 6.49 1.61
202.0168 70.1261 7.26 1.06
202.0220 -45.0691 7.24 1.28
202.0240 -43.7686 7.20 1.08
202.0493 50.5873 6.96 0.28
202.0569 -22.4005 7.43 1.24
202.0685 2.2359 7.31 0.40
202.0779 -0.8402 7.44 0.65
202.0781 31.1492 6.94 1.39
202.0978 -67.8695 7.06 0.50
202.0988 -55.7799 7.31 0.40
202.1076 13.7788 4.97 0.71
202.1093 40.7296 6.49 0.93
202.1110 -25.2128 7.33 0.46
202.1112 15.7083 7.37 0.54
202.1130 59.9458 5.40 -0.01
202.1274 -27.3918 7.20 0.58
202.1909 50.7186 6.42 0.40
202.1951 -69.6272 6.17 -0.01
202.2289 -62.1023 6.64 1.08
202.2569 47.8471 7.06 0.41
202.2615 -5.9555 7.09 0.93
202.2726 -63.8740 7.10 0.05
202.2831 -64.6758 6.09 0.12
202.3042 10.8183 5.65 1.05
202.3067 3.8714 7.22 1.50
202.3122 -1.3644 6.42 1.12
202.3170 -45.5378 6.61 -0.04
202.3245 53.1776 7.44 1.03
202.3381 -35.5710 7.26 0.72
202.3552 -51.1651 5.04 0.06
202.3717 -18.7291 6.88 1.40
202.4007 -47.8758 6.94 0.08
202.4101 -52.7574 7.38 1.12
202.4247 -46.1836 7.30 1.62
202.4283 -23.2813 6.40 1.32
202.4309 16.9032 7.43 0.45
202.4462 1.0953 6.59 0.28
202.4704 64.1805 7.04 0.79
202.4902 6.0135 6.51 0.96
202.5003 7.1789 6.18 1.47
202.5049 19.0621 7.23 1.02
202.5528 45.7352 7.18 1.54
202.6054 -58.6644 6.75 1.00
202.6072 -6.4703 6.10 0.34
202.6630 9.3168 6.88 1.04
202.7143 -3.0498 6.91 1.03
202.7301 -19.5601 7.16 0.91
202.7537 26.3902 7.38 0.31
202.7611 -39.4073 3.90 1.19
202.7810 -25.6570 7.43 0.24
202.8048 -13.4488 6.93 0.34
202.8158 42.1062 6.07 1.07
202.8217 36.4804 7.50 1.55
202.8438 -42.4648 6.56 0.96
202.8882 -28.1127 6.48 0.09
202.8892 -61.5824 6.66 0.78
202.8930 -32.1407 7.43 0.39
202.9164 -2.3174 7.32 0.78
202.9499 -31.0553 7.47 1.10
202.9837 47.2344 7.06 0.23
202.9908 -65.3218 6.62 0.29
202.9912 -6.2558 4.68 1.61
203.0117 -18.7289 6.01 0.20
203.0225 -38.3988 6.14 1.03
203.0453 -79.6608 6.69 1.39
203.0917 36.8182 6.82 0.76
203.1064 -47.2714 7.17 0.60
203.1366 -69.2317 7.00 0.73
203.1436 -29.5653 6.45 0.44
203.1496 -28.6928 5.69 0.04
203.1512 14.3942 7.13 0.36
203.1635 -44.4503 7.21 0.07
203.1997 30.7483 7.50 1.06
203.2009 24.3467 6.11 0.97
203.2092 -36.8538 7.07 1.26
203.2125 34.9071 6.78 0.24
203.2152 -15.3630 5.52 1.23
203.2246 -26.5877 7.05 0.31
203.2383 -2.4243 7.25 1.01
203.2420 -10.1650 5.21 0.96
203.2762 -63.6639 7.50 0.59
203.2883 5.8531 6.64 0.94
203.2974 -19.9902 7.13 1.00
203.2971 -8.4433 7.35 0.62
203.3048 47.7587 7.47 1.06
203.3102 -77.5694 6.52 0.46
203.3441 33.6577 6.68 1.19
203.3521 -7.6226 7.02 0.31
203.3726 -43.4228 6.65 0.47
203.3996 -65.6327 6.36 -0.01
203.4410 60.2620 7.03 1.05
203.4490 -39.9457 6.69 0.16
203.4586 -66.0784 7.19 -0.03
203.5305 55.3484 5.60 -0.01
203.5331 3.6590 4.92 0.03
203.5507 -74.5657 7.25 1.12
203.5677 -0.3138 7.37 1.52
203.5744 -11.5374 7.10 0.46
203.5871 14.1110 7.24 1.11
203.5911 38.7893 6.37 0.24
203.6137 49.0160 4.68 0.13
203.6207 -48.2722 6.32 -0.05
203.6357 -38.9072 7.29 0.67
203.6685 -13.2143 5.92 0.02
203.6733 -0.5958 3.38 0.11
203.6783 76.5467 6.46 1.57
203.6809 -63.3355 7.39 0.21
203.6816 -33.3109 6.46 1.25
203.6991 37.1824 4.91 0.40
203.7075 -50.7923 7.30 1.22
203.7571 12.5140 6.56 1.05
203.7964 -62.6307 6.70 0.94
203.7976 22.4997 6.91 0.47
203.8010 -32.2124 6.77 0.37
203.8088 44.1970 6.83 0.20
203.8384 14.8923 7.50 0.37
203.8545 -22.6189 7.34 1.65
203.8804 -5.3962 5.70 0.95
203.8810 -85.8243 7.12 0.01
203.8819 -22.0246 7.11 0.48
203.8893 10.2050 6.48 1.04
203.9669 8.2928 6.93 1.48
203.9957 -73.3274 7.11 0.04
204.0610 -0.9310 7.05 0.53
204.1091 -42.4153 6.82 0.24
204.1400 52.6875 6.93 1.55
204.1514 51.2944 7.39 0.99
204.1662 49.4866 6.48 1.18
204.1909 79.3538 7.47 1.42
204.2013 -26.4980 6.72 0.24
204.2019 -26.4952 5.73 0.22
204.2107 -34.4678 6.48 1.03
204.2462 24.6133 5.72 1.59
204.2615 67.0363 6.70 0.99
204.2751 -44.1432 5.96 0.94
204.2858 -42.7813 7.41 1.57
204.2940 -23.6160 7.14 0.27
204.2960 71.2423 5.50 1.22
204.3012 -61.6919 5.63 0.49
204.3031 52.5931 6.73 1.50
204.3478 -46.4279 5.91 -0.11
204.3652 36.2949 4.82 0.24
204.3930 -35.0489 7.25 0.10
204.3966 -7.8719 7.05 0.99
204.4100 33.7381 7.22 1.36
204.4289 50.7148 6.51 1.55
204.4333 2.3823 6.66 1.19
204.4457 -3.2360 6.68 1.23
204.4505 -35.0648 7.19 0.69
204.4684 -38.8967 7.45 0.63
204.5039 22.5273 6.99 0.96
204.5144 -42.7650 6.97 1.66
204.5318 -58.4146 6.41 1.11
204.5329 14.3019 6.49 0.27
204.5376 -50.3499 6.64 -0.08
204.5973 -29.8388 7.15 0.40
204.6186 -64.0556 7.43 0.13
204.6753 -29.5609 5.81 0.43
204.6908 -70.4448 6.11 1.42
204.7040 -57.6227 6.00 1.14
204.7071 -49.4950 7.39 1.47
204.7098 -33.1113 7.00 -0.04
204.7256 -55.0245 7.36 0.21
204.7595 18.2653 6.46 1.22
204.8001 -75.6838 6.32 -0.00
204.8079 10.5097 6.64 1.46
204.8121 51.8042 6.49 1.38
204.8335 -67.6708 6.97 0.62
204.8557 26.6848 7.14 1.03
204.8575 -36.2410 7.49 0.07
204.8771 52.9212 5.46 0.11
204.8942 10.7463 5.57 0.35
204.9202 -39.7476 6.29 1.60
204.9406 -54.1481 7.34 -0.00
204.9523 -40.0517 5.61 1.30
204.9719 -53.4664 2.29 -0.17
204.9845 -83.9083 7.22 0.42
204.9938 -16.4465 6.71 1.49
204.9993 -49.9500 5.74 1.50
205.0024 -70.7878 6.59 1.29
205.0364 -27.5778 6.80 1.43
205.0448 -64.5766 5.79 0.40
205.0649 31.0120 6.21 0.96
205.0892 57.2076 6.28 0.11
205.0970 50.5194 6.31 0.54
205.1022 53.1917 7.21 0.99
205.1277 -34.3582 7.34 0.78
205.1569 -44.3302 6.57 0.05
205.1628 28.0652 6.22 1.31
205.1686 19.9557 5.73 0.02
205.1701 20.0136 7.36 0.25
205.1705 76.8438 6.69 0.22
205.1806 52.7718 6.88 1.04
205.1845 54.6816 4.63 1.63
205.2339 -85.7860 5.56 0.18
205.2487 -12.7829 7.25 1.16
205.2598 22.4958 5.63 1.01
205.2673 -34.4642 6.92 0.85
205.2790 -62.4994 7.35 1.60
205.3065 -46.0283 6.70 1.02
205.3068 -71.8683 6.91 1.80
205.3634 -26.5313 7.15 1.63
205.3744 64.8224 5.85 0.07
205.3786 -23.4498 6.60 0.06
205.4026 -45.4938 6.89 1.26
205.4032 -8.7030 5.03 1.62
205.4146 -75.1154 6.90 0.46
205.4164 80.2037 7.04 1.57
205.4366 -54.5594 4.99 -0.06
205.4399 -33.5974 6.58 1.58
205.5046 -58.7871 5.38 -0.03
205.5060 -43.1470 7.14 -0.06
205.5266 65.2731 6.60 0.14
205.5532 8.3884 6.16 0.42
205.5865 -33.9805 6.66 0.42
205.5957 82.7524 5.92 0.99
205.6201 41.6743 6.30 0.88
205.6289 55.7277 6.91 1.13
205.6365 15.1470 7.23 1.30
205.6423 23.3187 7.26 1.54
205.6487 -12.0869 7.45 0.44
205.6639 78.0644 5.91 1.00
205.6690 -61.7378 6.86 0.26
205.6809 34.9890 5.98 0.86
205.6820 -43.1857 7.28 0.18
205.6854 -61.8920 6.87 1.14
205.7081 -44.1909 7.02 -0.10
205.7277 -50.7902 6.43 1.67
205.7293 -41.4010 5.96 1.02
205.7338 -56.7680 6.00 -0.10
205.7536 -30.1827 7.14 0.29
205.7655 3.5379 5.35 1.09
205.8577 45.5203 6.69 1.16
205.8765 -4.2745 7.06 1.28
205.8988 14.3656 6.92 0.63
205.9012 -57.5900 7.29 1.12
205.9170 -42.0675 5.96 -0.07
205.9382 22.7004 6.12 1.45
205.9560 -40.1780 6.91 0.35
205.9661 -45.4373 7.28 0.35
205.9678 60.1455 7.14 0.16
205.9760 -5.4989 6.51 0.05
205.9783 52.0644 6.02 0.02
205.9890 -59.2360 6.51 -0.03
206.0256 55.6350 7.26 1.35
206.0366 -43.4413 7.09 -0.01
206.0439 27.5855 7.12 0.29
206.0667 -51.0125 6.44 -0.11
206.0910 -73.6368 7.46 0.01
206.0918 -14.7605 7.46 1.58
206.1243 -16.1791 5.55 0.81
206.1305 -17.9370 7.50 -0.05
206.1601 -47.2172 7.14 0.97
206.1858 -14.2252 6.90 0.54
206.1903 -25.5009 6.21 1.37
206.2370 -7.6344 7.10 1.26
206.2375 -6.0023 7.23 1.08
206.2867 -71.5330 7.16 1.21
206.3049 55.8793 6.47 0.49
206.3060 10.3253 6.42 1.23
206.3369 9.0577 7.44 0.30
206.3640 -48.7917 6.76 0.54
206.3921 34.6474 7.47 0.96
206.3961 -15.7675 6.18 0.05
206.4037 -26.1160 5.81 0.02
206.4139 -58.2429 7.39 1.45
206.4221 -33.0437 4.23 0.39
206.4847 -12.4265 5.50 0.90
206.5281 5.1156 7.21 0.56
206.5565 41.0887 5.88 0.21
206.5573 30.8970 6.51 0.49
206.5605 -54.6834 6.42 0.12
206.5750 -62.4516 6.58 0.12
206.5795 38.5036 5.92 0.95
206.6486 54.4327 5.68 -0.04
206.6525 -62.9096 6.60 0.19
206.6641 -51.4328 4.64 0.95
206.6805 25.7022 5.97 0.52
206.7348 -36.2519 5.15 -0.01
206.7380 6.3504 6.33 0.63
206.7492 38.5427 5.51 1.04
206.7645 -53.2826 7.23 1.16
206.7940 -52.2693 6.93 0.02
206.7953 -62.5897 6.40 0.55
206.8050 -19.2558 6.73 0.32
206.8059 -9.7095 6.04 1.42
206.8157 17.4569 4.50 0.51
206.8558 -17.8598 5.41 1.62
206.8557 -6.7054 6.99 0.25
206.8651 -50.2493 5.92 0.28
206.8814 37.8933 6.99 1.12
206.8853 49.3133 1.85 -0.10
206.8927 -71.2311 6.83 -0.04
206.9108 -50.3207 5.46 1.35
206.9190 -50.1251 7.29 0.12
206.9820 -18.5727 7.46 1.67
206.9909 -55.9606 7.21 -0.00
207.0213 42.0475 6.59 1.09
207.0749 -6.8374 6.57 0.93
207.1446 7.9601 6.81 0.34
207.1506 48.3565 7.50 0.31
207.1614 31.1902 5.61 1.03
207.1619 -2.8405 6.71 1.45
207.1656 -46.9737 7.12 1.00
207.1744 -37.1274 6.73 0.43
207.1786 42.3376 7.08 1.10
207.1881 27.8813 7.16 1.06
207.2134 9.7133 7.33 1.50
207.2297 -35.7042 6.56 0.56
207.2383 -20.7483 7.03 1.09
207.2583 -28.3676 7.46 1.40
207.2668 26.9799 7.05 1.11
207.2791 79.9214 7.27 0.97
207.3161 85.7478 7.30 0.41
207.3188 -40.5164 6.95 0.38
207.3614 -34.4508 4.19 1.52
207.3693 15.7979 4.05 1.52
207.3721 6.3438 6.76 0.08
207.3762 -41.6877 3.41 -0.23
207.4003 13.0103 6.66 0.49
207.4041 -42.4737 3.47 -0.17
207.4285 21.2641 4.92 1.43
207.4340 8.4086 6.60 0.13
207.4372 36.6328 6.43 0.26
207.4394 61.4893 5.97 0.97
207.4679 -18.1342 4.96 1.06
207.4683 13.1919 6.65 0.22
207.4944 32.5221 7.50 1.34
207.4972 -32.6652 7.33 1.24
207.5042 54.8694 7.48 1.47
207.5063 78.9957 6.59 1.14
207.5259 18.6289 6.84 0.34
207.5271 -29.0813 6.19 -0.01
207.5337 42.5573 7.00 0.37
207.5614 -20.8693 7.11 1.50
207.5808 -39.9009 6.43 0.99
207.5859 21.2556 7.29 0.90
207.5870 -13.1103 7.50 1.65
207.5979 21.2766 6.82 0.94
207.6028 5.4972 6.00 0.90
207.6156 58.5395 6.45 0.09
207.6355 -7.5986 7.30 1.39
207.6441 -19.8979 6.54 0.51
207.6966 -24.9797 7.46 1.45
207.7117 -7.7843 6.92 1.28
207.7471 68.3153 6.39 1.18
207.7489 53.2905 6.88 0.47
207.7518 80.7679 6.67 1.12
207.7689 34.7725 6.66 0.12
207.7745 -13.6792 7.14 0.42
207.7884 34.6644 5.89 1.64
207.8348 -24.3904 6.43 0.70
207.8581 64.7233 4.58 1.57
207.8609 -73.1437 7.12 0.30
207.8849 -48.2932 7.37 0.80
207.8946 -48.2987 7.47 0.49
207.8964 -13.0151 7.03 1.00
207.9021 -36.4333 6.34 0.48
207.9114 -31.3196 7.17 0.52
207.9462 39.6694 7.40 1.40
207.9468 -46.8987 5.77 -0.15
207.9476 -69.4013 5.73 1.70
207.9478 34.4442 4.76 1.61
207.9567 -32.9941 4.32 -0.15
207.9608 52.8405 7.41 0.96
207.9625 11.9372 6.90 0.43
207.9658 10.1359 6.57 1.51
208.0041 -31.6192 6.11 0.48
208.0121 -47.8657 6.94 0.78
208.0125 -52.8099 7.49 0.29
208.0203 -52.8115 5.26 -0.08
208.0644 -14.6765 7.36 0.41
208.0767 12.1651 6.10 0.04
208.1361 16.7290 6.65 1.52
208.1368 -63.3561 7.43 0.01
208.1503 -50.9218 7.37 0.89
208.1617 -18.7090 6.95 0.61
208.2000 -42.4832 7.18 1.16
208.2078 -54.5793 7.20 0.44
208.2465 -70.0472 7.14 0.10
208.2761 -73.2687 7.04 0.08
208.2852 40.3380 6.48 1.55
208.2929 28.6481 5.91 0.20
208.3023 -31.9276 4.75 -0.11
208.3039 17.9329 5.71 0.84
208.3256 -66.5124 7.10 0.10
208.3342 52.3230 6.76 1.48
208.3367 42.1848 6.86 0.05
208.3463 33.7868 6.98 1.49
208.3862 52.1109 7.43 0.45
208.3866 -35.6642 5.53 0.44
208.4296 -53.3733 5.87 0.01
208.4626 53.7287 5.70 -0.03
208.4654 -14.6642 7.42 0.37
208.4671 -35.3144 6.17 1.01
208.4885 -47.1282 5.83 -0.05
208.5330 -11.6954 7.36 1.42
208.5670 -28.7432 6.77 1.19
208.5694 -28.5696 6.05 1.13
208.5836 -32.4455 6.97 0.34
208.5839 -48.6928 7.17 0.19
208.5891 -17.1801 6.59 1.39
208.6006 -54.4121 6.77 0.93
208.6062 29.9156 7.47 0.32
208.6321 -22.2450 6.61 1.05
208.6481 -55.0718 7.18 1.00
208.6597 -55.7383 7.27 0.28
208.6598 -34.5975 6.83 0.41
208.6624 37.0650 7.45 0.45
208.6712 18.3977 2.68 0.58
208.6742 -48.1346 7.17 0.36
208.6756 -1.5031 5.16 1.09
208.6806 -61.3345 7.18 -0.00
208.6864 62.3774 7.33 1.12
208.7047 -67.6521 5.74 1.49
208.7425 -8.0589 6.19 0.53
208.7470 -55.0215 6.97 1.61
208.7572 -19.2173 6.97 0.96
208.7594 78.3998 7.47 0.45
208.8006 -52.1608 5.66 -0.07
208.8060 -47.0922 7.43 0.10
208.8179 -32.0992 6.98 0.90
208.8654 69.9351 7.31 1.13
208.8850 -47.2884 2.55 -0.18
208.9124 -82.6662 5.95 1.41
208.9338 -41.9949 6.64 1.55
208.9352 -31.2850 6.53 0.89
208.9498 -9.5599 6.69 1.55
208.9583 14.0565 6.16 0.52
208.9616 -66.3865 7.22 1.11
208.9682 -50.6609 6.92 0.96
208.9710 39.4631 7.38 1.24
208.9713 -9.7553 6.85 0.48
208.9768 -30.5782 6.96 0.41
208.9937 -39.4097 7.19 0.39
209.0016 -3.6619 6.78 1.38
209.0192 -55.9531 6.83 0.97
209.0199 28.6725 6.99 0.05
209.0227 -63.8916 7.23 0.06
209.0397 25.9187 6.78 0.40
209.0436 32.0326 6.31 0.40
209.0826 -46.5929 5.82 1.14
209.0832 -54.1324 6.14 0.07
209.1091 49.0124 7.33 0.99
209.1107 -52.0356 6.73 0.29
209.1162 1.0506 5.90 0.22
209.1303 -27.6381 6.83 0.96
209.1373 -54.7047 6.00 0.78
209.1424 27.4921 5.02 1.44
209.1540 15.8911 6.82 0.95
209.1693 2.9865 7.06 0.24
209.1796 -38.3191 6.97 1.25
209.1999 -46.3860 6.95 -0.13
209.2494 54.5858 7.01 1.50
209.2664 62.7923 7.30 0.55
209.2763 20.9539 6.68 1.57
209.2851 -34.9038 7.42 1.50
209.3214 -28.6352 7.20 1.42
209.3392 -62.4889 6.65 0.79
209.3655 -23.0226 6.14 1.43
209.3670 -57.7111 7.28 1.73
209.3751 -68.0057 7.19 1.56
209.3837 61.4929 6.49 1.04
209.4121 -63.6867 4.71 1.07
209.4284 53.9101 6.94 0.29
209.4525 -49.0190 7.00 1.06
209.4853 -53.7043 7.09 0.94
209.4866 5.1177 7.10 0.91
209.4873 32.6009 7.16 0.96
209.4953 -25.9981 6.42 1.27
209.5071 7.4633 7.32 1.52
209.5264 16.4031 7.42 0.18
209.5404 -29.7443 7.23 1.36
209.5678 -42.1008 3.83 -0.22
209.6118 -12.0593 7.03 0.98
209.6166 -48.4649 7.14 0.48
209.6200 64.8939 7.04 1.00
209.6244 -14.1221 6.84 0.97
209.6298 -24.9722 5.20 -0.09
209.6303 -65.8007 6.20 1.04
209.6575 66.1008 7.44 0.52
209.6622 21.6962 5.76 -0.00
209.6663 14.6493 6.01 1.43
209.6698 -44.8036 3.87 -0.21
209.6904 46.5962 6.98 1.66
209.7113 14.5629 7.37 1.11
209.7176 -47.8070 7.42 1.69
209.7258 24.6922 7.26 1.18
209.7309 53.1065 6.83 0.14
209.7496 -6.9252 6.95 0.97
209.7653 -18.6229 7.07 1.25
209.7719 25.8160 7.09 0.21
209.7903 -45.4690 7.38 0.51
209.7946 64.3852 7.11 1.07
209.8228 -50.3696 5.92 0.96
209.8389 -67.8406 7.43 -0.05
209.8653 -5.4239 7.39 0.49
209.9553 -3.5498 6.36 0.49
210.0006 -25.0104 5.77 0.48
210.0195 -8.1616 6.56 1.05
210.0230 -62.7822 7.20 -0.03
210.0726 -61.4810 6.49 0.33
210.0787 -46.1272 6.57 0.24
210.0842 2.6746 7.29 1.35
210.0976 39.0299 6.63 1.30
210.1369 -78.5900 6.09 0.01
210.1504 -26.2664 6.73 0.47
210.1745 -41.8755 7.32 1.61
210.2189 -66.2689 5.96 0.35
210.2652 21.9763 7.11 0.91
210.2850 -37.4700 6.88 1.28
210.2858 -44.1977 6.70 0.17
210.2937 27.3866 6.23 0.19
210.3266 -57.2287 7.04 1.75
210.3294 -40.2219 6.12 1.26
210.3318 13.7327 7.15 0.87
210.3351 8.8949 5.98 0.09
210.3414 -37.3314 7.45 1.56
210.3430 31.5636 6.87 1.42
210.3592 9.2988 6.91 1.39
210.3937 4.2528 7.08 1.02
210.4034 17.6684 6.36 1.22
210.4050 16.7577 7.38 0.53
210.4116 1.5445 4.23 0.12
210.4312 -45.6034 4.34 0.60
210.4557 40.4200 6.81 1.18
210.4612 68.6787 6.34 1.41
210.5508 45.7535 6.28 1.35
210.5851 36.1119 7.23 0.47
210.5949 -27.4298 5.47 1.33
210.5981 -67.5353 7.35 1.21
210.5994 10.3270 7.12 1.07
210.6319 31.6609 7.16 0.56
210.6327 9.6861 6.18 0.85
210.6354 -19.8099 7.18 0.58
210.6609 -26.8479 7.47 0.94
210.6957 61.6791 7.49 0.32
210.7369 14.9753 7.12 0.74
210.7490 50.9718 6.16 0.03
210.7572 -31.6840 6.18 0.48
210.7670 -17.3670 6.32 1.38
210.7790 -82.9205 7.15 1.28
210.8000 32.8138 7.22 1.52
210.8416 22.4958 6.88 0.32
210.8606 -56.2134 5.93 1.21
210.8638 27.5099 7.18 1.05
210.8645 -41.4233 6.08 -0.11
210.8787 -52.0594 7.38 -0.09
210.8805 -10.7313 7.49 1.62
210.8848 10.7868 6.27 0.73
210.9032 7.5462 6.25 0.93
210.9559 -60.3730 0.61 -0.23
210.9712 -22.4216 6.30 0.45
210.9796 12.7261 7.01 1.12
210.9823 4.9010 6.24 0.41
210.9872 11.2825 6.70 1.17
210.9906 -9.7451 7.26 0.99
211.0297 -37.2640 7.11 0.72
211.0512 -41.8126 7.00 0.49
211.0607 -5.3814 6.39 1.32
211.0895 -9.2577 6.65 0.03
211.0975 64.3758 3.67 -0.05
211.1108 -29.0628 7.23 0.88
211.1124 -14.9717 6.35 1.08
211.1555 -35.6454 7.23 0.38
211.1559 2.2975 6.28 1.02
211.1914 25.8177 6.95 0.48
211.2738 -22.6221 7.21 0.99
211.3043 -14.8571 7.22 0.94
211.3084 -16.3360 6.56 0.10
211.3242 56.5206 7.09 1.04
211.3335 -76.7968 5.69 1.24
211.3767 74.7153 7.50 1.17
211.4437 -54.6694 6.20 0.23
211.5115 -41.1796 4.36 -0.20
211.5343 -44.6891 7.24 0.02
211.5455 -43.0917 6.18 0.99
211.5565 22.1677 7.42 1.05
211.5741 -8.8916 6.54 0.02
211.5793 -26.5793 7.36 0.29
211.5854 48.8809 7.45 1.40
211.5929 -26.6824 3.25 1.09
211.6040 7.0048 7.15 1.10
211.6048 -59.7159 6.39 0.08
211.6233 16.9702 6.54 1.61
211.6251 -34.8987 6.84 1.54
211.6719 53.3123 7.13 1.00
211.6709 -36.3700 2.06 1.01
211.6734 34.7786 7.02 1.01
211.6735 -14.2049 6.57 1.57
211.6784 -9.3135 5.46 0.35
211.6972 -62.3743 7.26 1.82
211.7327 28.4380 6.89 1.00
211.7352 74.5938 6.43 0.16
211.7427 -47.5892 6.99 0.05
211.7581 -27.3528 7.47 1.05
211.7703 -63.4453 6.78 1.10
211.7835 -35.4919 7.18 0.95
211.8077 -16.1905 7.28 -0.01
211.8378 42.0985 7.20 1.03
211.9201 -48.7040 6.43 0.00
211.9231 -49.8676 6.45 0.66
211.9476 -34.9495 7.35 0.04
211.9586 -0.0560 7.27 1.49
211.9823 43.8545 5.13 1.49
211.9854 48.2108 6.80 0.37
212.0595 -63.2079 6.39 1.01
212.0661 24.3151 6.57 1.50
212.0722 49.4582 5.26 1.64
212.0904 -33.0529 7.26 1.02
212.1149 -74.8503 6.02 0.58
212.1207 -11.8295 6.84 0.11
212.1921 59.3376 6.47 1.02
212.2125 77.5475 4.80 1.37
212.2162 -43.4708 6.19 -0.06
212.2344 -59.2767 6.34 0.03
212.2514 -19.2456 7.08 1.59
212.2525 -10.3345 6.45 1.00
212.2967 7.3850 7.13 0.99
212.3605 69.5904 7.33 -0.03
212.3670 2.7976 6.80 1.02
212.3815 20.4717 7.45 0.46
212.3960 -51.5047 5.96 -0.05
212.4050 15.6215 6.87 0.44
212.4375 31.2566 7.28 0.83
212.4742 -0.6513 7.25 1.55
212.4786 -53.4389 4.74 0.94
212.4864 11.3732 7.50 0.11
212.4989 40.7782 7.15 1.21
212.5368 68.8634 6.54 1.24
212.5514 -25.4007 7.42 0.49
212.5543 -30.6210 6.77 0.11
212.5975 -30.0877 7.14 0.17
212.5997 25.0917 4.82 0.54
212.6288 -70.3055 6.07 1.72
212.6807 15.2908 6.95 1.43
212.6990 0.7996 6.85 0.13
212.7104 -16.3020 4.93 1.68
212.7161 -32.0757 6.64 1.19
212.7377 -5.9739 7.32 0.51
212.7386 31.8736 7.42 0.45
212.7422 -28.3518 7.37 0.92
212.7556 58.5490 6.73 0.98
212.7580 -69.7193 6.07 0.19
212.7604 -48.7824 6.61 0.92
212.7822 -11.9527 7.46 1.21
212.8130 32.2959 6.14 1.26
212.8465 -56.3828 7.22 1.41
212.8723 -32.1685 7.40 0.40
212.8800 1.3624 6.42 0.48
212.9046 42.3407 6.88 0.98
212.9235 -5.8575 7.35 0.99
213.0168 69.4325 5.18 1.59
213.0659 2.4094 4.99 -0.12
213.1024 -24.3634 6.35 1.35
213.1303 -2.9721 7.30 0.41
213.1394 -9.9001 7.15 0.33
213.1885 -3.3201 7.05 0.73
213.1918 -27.2612 5.07 1.13
213.2239 -10.2737 4.18 1.32
213.2296 -40.8335 6.75 -0.01
213.2348 -25.5043 7.21 0.99
213.2907 -13.8599 6.82 1.58
213.3052 -26.6123 6.23 1.07
213.3184 -53.6657 5.53 1.44
213.3277 -8.4446 7.16 1.06
213.3658 51.7879 6.62 0.39
213.3708 51.7900 4.53 0.23
213.3921 -84.5446 6.78 0.98
213.4102 -45.9863 7.43 0.22
213.4160 -54.6256 6.09 0.05
213.4200 -0.8455 5.89 0.49
213.4291 -11.8384 6.98 1.02
213.4425 -36.6211 7.28 0.37
213.4426 31.1953 7.50 -0.07
213.4561 11.9977 6.59 1.01
213.4640 46.3252 7.17 0.53
213.4758 7.1215 7.50 1.15
213.4776 29.1054 6.82 0.35
213.4950 45.4241 7.30 0.98
213.5216 12.9594 5.53 0.54
213.5306 -53.9320 7.23 3.03
213.5460 -51.1621 7.11 0.98
213.5479 35.6036 6.91 1.60
213.5888 -5.9477 6.36 0.59
213.5981 41.5188 6.23 1.07
213.6390 39.2764 7.38 1.08
213.6458 -66.1542 6.95 -0.02
213.6484 13.9755 6.45 1.35
213.6653 -65.7014 6.72 -0.02
213.6707 21.8734 6.38 0.19
213.6779 -41.8375 5.61 0.93
213.6802 -31.0507 7.25 0.38
213.7119 10.1006 5.29 1.01
213.7163 -21.0648 7.47 1.47
213.7209 3.3359 6.41 1.60
213.7381 -57.0861 5.03 -0.07
213.7552 -29.2819 6.10 0.04
213.7561 -40.9006 6.96 1.38
213.7565 23.6861 6.78 0.34
213.7567 -61.7068 6.68 0.23
213.8208 52.5359 6.56 0.10
213.8308 3.1314 7.03 0.57
213.8388 -53.5099 6.40 1.58
213.8504 -18.2007 5.53 0.00
213.8599 27.7341 7.31 0.28
213.8971 39.6765 7.47 0.96
213.9086 -63.1140 7.33 1.23
213.9111 -45.0008 6.31 0.60
213.9154 19.1824 -0.05 1.24
213.9793 -68.5403 7.49 0.05
213.9987 64.8532 7.33 0.31
213.9995 56.6891 6.68 0.58
214.0036 -6.0005 4.07 0.51
214.0100 45.5663 6.50 1.04
214.0354 56.7127 7.07 0.28
214.0416 51.3672 4.75 0.24
214.0764 -33.2413 6.57 0.29
214.0891 -6.6215 6.44 0.28
214.0961 46.0883 4.18 0.09
214.1012 39.7447 6.38 0.38
214.1257 -3.1963 6.15 -0.01
214.1271 55.2984 6.90 1.15
214.1332 -57.2975 7.25 0.19
214.1369 20.1218 6.25 0.50
214.1414 32.2084 6.73 0.94
214.1430 -59.9137 7.18 1.68
214.1613 -66.5879 5.72 -0.10
214.2031 -8.8845 6.47 1.21
214.2060 -5.6440 6.88 0.34
214.2298 -77.6642 6.48 1.38
214.2385 -57.8543 7.44 0.41
214.2658 -18.5857 6.22 0.98
214.2659 54.5429 7.00 0.74
214.2713 -66.3161 7.29 0.59
214.2730 -5.7393 7.34 1.06
214.2893 -46.9107 7.14 1.59
214.3381 51.3074 6.19 0.07
214.3443 -9.0228 6.62 1.27
214.3563 -55.7652 6.62 0.20
214.3653 -19.9638 6.95 0.24
214.3686 15.2634 5.84 1.68
214.3888 -26.9585 7.26 0.49
214.4241 -21.8288 7.34 0.45
214.4303 -76.0883 7.28 1.69
214.4427 51.8579 7.00 1.05
214.4496 55.4254 6.88 0.03
214.4550 48.0020 6.32 0.47
214.4658 -63.4134 7.29 0.04
214.4711 -42.5912 7.03 -0.04
214.4916 39.9127 7.49 0.39
214.4936 -7.9667 7.01 1.26
214.4993 35.5095 4.80 1.06
214.5030 -7.5424 6.47 0.72
214.5582 -81.0078 4.89 0.24
214.5891 21.3043 7.03 1.19
214.5990 -33.2206 6.54 0.28
214.6243 3.6745 7.01 1.26
214.6298 52.0333 6.91 0.16
214.6488 10.5105 7.21 0.32
214.6594 -18.7160 5.86 0.01
214.6716 -7.0137 7.44 0.16
214.7124 -58.6864 7.26 -0.00
214.7184 48.5924 7.10 0.29
214.7320 38.7674 6.86 1.06
214.7330 54.8638 6.47 0.18
214.7382 42.0049 7.08 1.04
214.7538 -25.8154 5.87 0.52
214.7667 19.0654 6.86 1.08
214.7712 -59.3790 6.66 1.02
214.7775 -13.3711 4.52 0.13
214.7798 -27.1411 6.35 1.59
214.7877 -55.8823 7.30 0.07
214.8120 -14.4079 7.44 1.57
214.8178 13.0043 5.41 0.39
214.8495 -37.0029 5.93 0.08
214.8509 -46.0581 3.55 -0.18
214.8575 -18.5236 7.27 0.34
214.8817 -13.7109 7.39 0.60
214.8853 -2.2655 5.14 1.02
214.9206 0.3843 6.18 0.20
214.9348 -36.8582 7.24 1.18
214.9385 16.3069 4.84 1.23
214.9489 38.7941 6.33 0.05
214.9650 -61.2730 5.22 0.28
214.9717 -6.7462 6.42 0.92
214.9787 67.7825 6.95 0.02
214.9891 -73.9684 6.58 -0.05
215.0347 -28.0490 7.20 0.06
215.0361 30.4291 6.45 0.16
215.0404 -43.0588 5.55 0.91
215.0592 -55.7913 7.07 0.94
215.0732 48.5070 7.40 0.55
215.0814 -56.3865 4.30 0.08
215.1204 0.1819 6.79 1.22
215.1393 -37.8853 4.05 -0.03
215.1768 -52.3259 7.33 0.44
215.1774 -45.1871 4.78 0.31
215.1879 26.0755 6.79 0.92
215.2114 -42.4248 7.19 0.14
215.2114 36.3924 7.35 0.21
215.2823 67.8029 7.29 0.13
215.2888 65.3635 7.25 0.49
215.2891 19.1802 6.90 1.62
215.3691 -72.3175 7.44 0.98
215.4941 -1.9881 6.82 0.20
215.5066 -28.3084 6.80 0.96
215.5094 -8.0913 7.20 1.44
215.5126 -58.2912 7.42 0.11
215.5584 29.3699 6.50 1.44
215.5710 -69.0853 7.35 0.46
215.5822 -34.7868 5.57 -0.09
215.5966 -80.1089 5.06 -0.11
215.6205 60.9657 7.40 0.61
215.6447 -20.7576 6.80 1.03
215.6546 -58.4591 4.76 0.80
215.6574 -79.7158 7.48 1.67
215.6593 32.5035 7.07 0.96
215.6611 -7.7682 6.82 0.58
215.6613 -48.3199 6.10 -0.13
215.6800 -55.4312 7.21 0.09
215.6933 -0.6371 6.74 0.06
215.7163 -39.6240 6.83 1.42
215.7593 -39.5118 4.41 -0.18
215.7741 -27.7540 4.78 1.30
215.7785 25.3382 6.22 0.41
215.8137 1.2416 6.25 0.64
215.8140 -47.4170 6.41 1.26
215.8344 -50.7723 6.03 1.36
215.8446 8.4466 4.86 0.01
215.8568 -11.7140 6.22 0.99
215.8640 37.2066 7.36 0.40
215.8805 39.3278 7.21 0.59
215.8837 -66.6450 6.78 0.12
215.9023 49.4051 7.18 1.46
215.9246 40.8444 6.72 0.59
215.9525 -53.1762 5.99 1.10
215.9822 -29.6763 6.93 0.19
215.9904 -16.1019 6.69 0.09
216.0015 -19.8009 7.32 1.03
216.0029 5.8230 7.19 1.01
216.0036 8.2440 5.94 0.07
216.0083 27.4132 6.39 1.61
216.0232 49.5323 7.22 0.39
216.0240 11.2470 6.76 0.57
216.0469 16.2737 6.90 0.67
216.0473 5.8201 5.10 0.12
216.0609 -33.0869 6.80 0.95
216.0761 8.0846 6.19 1.21
216.0924 -82.8482 6.42 -0.00
216.1493 -2.3429 7.18 1.62
216.1494 -14.0815 7.31 1.04
216.1542 -47.1777 7.45 0.08
216.1701 -44.3111 6.43 1.05
216.1702 -11.6697 6.49 0.42
216.1830 -40.7552 6.97 -0.05
216.1924 -63.7066 7.26 0.59
216.2022 21.3579 7.24 1.21
216.2026 -24.8063 5.34 0.96
216.2240 62.9363 7.33 0.46
216.2543 -37.4470 6.70 0.11
216.2641 5.6153 7.16 0.96
216.2764 -68.1953 5.56 0.43
216.2995 51.8507 4.04 0.50
216.3049 -28.1310 7.11 1.38
216.3158 53.5849 7.11 0.53
216.3233 -13.3532 6.49 1.22
216.3455 -55.0182 6.84 0.93
216.3652 -19.9658 6.98 0.14
216.3655 -28.8956 6.83 1.08
216.3715 38.3931 6.28 1.23
216.3745 -19.9700 6.63 0.14
216.3755 20.5902 7.27 0.58
216.3876 65.9878 7.26 0.49
216.4157 -66.1729 6.36 0.13
216.4490 -26.8522 6.48 0.94
216.4774 26.2653 7.44 1.31
216.4828 0.9927 7.08 0.02
216.5343 -45.2214 4.56 -0.15
216.5450 -45.3793 4.33 0.43
216.5561 -42.3186 6.33 1.22
216.6141 -33.2502 7.14 0.65
216.6140 19.2269 5.40 0.23
216.6570 -39.5232 6.87 0.91
216.6759 5.9350 7.20 1.04
216.6800 78.4989 7.22 0.45
216.6975 8.3817 7.42 0.01
216.7078 -39.8740 6.36 -0.09
216.7322 -76.5194 7.24 0.51
216.7320 -83.6679 4.31 1.30
216.7449 -59.2376 6.87 1.50
216.7556 9.9813 7.22 1.02
216.7563 5.9621 7.43 1.08
216.7796 -65.8216 5.87 1.50
216.7970 -66.5680 6.57 0.10
216.8009 -46.1343 5.83 0.31
216.8199 -78.6203 6.72 1.13
216.8391 -14.8388 7.31 0.49
216.8516 -6.1203 6.18 0.09
216.8646 41.0249 6.64 0.37
216.8758 14.7543 7.28 1.27
216.8810 -35.4472 6.89 0.57
216.8814 75.6960 4.25 1.43
216.8892 -21.9919 7.34 0.94
216.8900 -46.2135 7.22 0.01
216.9321 49.3965 7.34 1.10
216.9387 -13.3593 6.65 0.42
216.9395 -44.3303 6.99 0.12
216.9447 3.6214 7.48 1.12
216.9922 35.5772 7.44 0.94
217.0435 -29.4916 4.97 -0.07
217.0506 -2.2280 4.81 0.69
217.0630 16.1186 7.43 0.71
217.0685 36.1970 6.22 1.17
217.1190 5.6809 7.37 1.65
217.1297 2.7888 7.02 0.55
217.1331 -10.0043 6.61 1.41
217.1387 28.2905 7.12 -0.01
217.1580 49.8449 5.58 0.86
217.1738 -6.9005 5.42 1.49
217.1813 -59.1975 6.46 0.11
217.1918 25.8539 6.67 1.55
217.2006 -5.2187 6.60 1.11
217.2163 -47.9921 6.40 -0.11
217.2302 39.6187 7.49 1.23
217.2352 3.7196 6.84 1.61
217.2398 20.7677 7.30 1.55
217.2523 -56.1369 6.90 0.51
217.2911 -29.1135 7.10 0.51
217.3126 44.2621 6.52 1.02
217.3439 80.8099 6.88 0.77
217.3474 -50.1086 7.29 1.62
217.3797 -26.0133 6.88 1.50
217.4032 41.7959 6.36 0.70
217.4044 -76.7291 6.06 1.18
217.4570 31.7912 6.06 -0.01
217.4605 0.8289 5.96 0.16
217.4932 -56.1312 6.97 0.23
217.5006 -4.2472 7.05 0.41
217.5349 8.3532 7.41 0.53
217.5360 -45.3214 5.51 -0.09
217.5416 -43.8639 6.91 0.13
217.5582 -15.2484 7.08 0.45
217.5873 -49.5190 5.38 0.06
217.6102 -40.4761 7.32 1.66
217.6272 -4.0652 7.40 0.42
217.6686 -22.4609 6.92 0.17
217.6891 4.7723 6.01 1.42
217.6925 63.1858 6.10 0.43
217.7164 -20.7183 7.07 0.99
217.7235 68.0818 7.43 0.31
217.7359 -40.8451 6.39 1.44
217.7952 -38.8697 5.99 1.06
217.7971 -40.3864 6.75 0.96
217.8099 -40.6559 7.48 0.15
217.8184 -67.7172 5.84 1.01
217.8257 -47.0721 7.28 -0.02
217.8352 43.3823 6.73 0.10
217.8718 -47.7296 7.18 0.95
217.8907 17.6429 7.35 0.46
217.9285 60.2256 6.26 0.24
217.9461 -44.8067 7.16 1.48
217.9575 30.3714 3.57 1.30
217.9588 -76.2740 6.93 1.03
217.9593 51.0211 7.46 0.39
218.0195 38.3083 3.04 0.19
218.0328 -23.4466 7.03 0.38
218.0514 -26.7848 7.47 1.10
218.0541 4.1423 7.26 1.59
218.0843 26.6773 6.00 0.23
218.1209 -51.9707 7.27 0.02
218.1289 55.3980 5.74 1.53
218.1291 -55.4638 7.38 0.29
218.1356 22.2601 5.91 0.39
218.1379 -56.8877 6.71 0.69
218.1544 -50.4572 4.44 -0.18
218.2063 14.0608 7.03 0.48
218.2405 3.6594 7.40 0.45
218.2419 6.9330 7.43 0.92
218.2626 5.3233 6.85 0.91
218.2892 -24.0182 7.21 0.98
218.2902 -30.7151 6.07 1.03
218.3241 85.9384 7.12 0.93
218.3345 36.9590 6.39 0.52
218.3644 -33.3161 6.94 1.03
218.3706 52.9088 7.24 1.00
218.3749 -52.6795 5.86 1.08
218.3851 -54.9986 5.86 0.48
218.3979 65.3954 6.60 0.50
218.4107 79.6604 6.27 1.31
218.4360 43.0078 6.75 0.16
218.4435 -79.9552 6.66 1.12
218.4572 -67.6177 6.94 -0.07
218.4655 -46.4649 7.20 0.93
218.5156 -16.8196 7.18 0.14
218.5210 46.7865 6.51 0.06
218.5332 -42.0993 6.59 0.08
218.5487 32.5345 6.32 0.45
218.5659 57.0653 6.46 0.53
218.6113 -22.3911 7.41 0.96
218.6272 63.2158 7.44 1.12
218.6604 36.6261 6.02 1.38
218.6651 49.3684 5.74 1.56
218.6700 29.7451 4.47 0.36
218.6838 -35.4635 7.32 0.49
218.7114 -20.4394 6.49 0.14
218.7358 -37.2043 7.16 1.21
218.7499 -69.4532 7.36 0.01
218.7538 13.0958 7.21 0.19
218.7867 -56.5626 7.05 1.86
218.7946 -46.4620 6.89 -0.01
218.8211 -60.0156 6.39 1.26
218.8728 -73.6943 6.96 1.57
218.8768 -42.1578 2.33 -0.16
218.8783 -89.7717 6.82 1.70
218.8812 -41.5174 5.88 -0.09
218.9321 -5.2661 7.50 1.23
218.9514 -8.5753 7.18 0.06
218.9583 -46.8158 6.78 0.93
218.9792 -69.9706 7.20 1.79
219.0023 9.7465 7.48 0.97
219.0131 -64.0155 7.04 0.32
219.0259 -84.1484 7.18 1.55
219.0286 23.2504 6.39 1.06
219.0321 -22.1774 7.22 0.37
219.0793 -46.2455 5.55 1.49
219.1005 -39.5974 6.13 1.05
219.1005 27.4851 7.02 0.44
219.1819 12.8781 6.98 0.09
219.1839 -40.2116 5.74 -0.11
219.2260 54.8553 7.43 1.08
219.2327 42.8312 6.59 0.51
219.2491 -12.3053 6.20 0.46
219.2806 33.6782 7.46 1.18
219.2861 -3.8922 7.06 0.85
219.2867 35.9297 7.13 0.13
219.2999 -62.0109 6.78 1.00
219.3018 -53.0608 6.49 1.45
219.3340 -46.1334 5.39 0.93
219.3686 2.2772 6.45 0.56
219.4023 -43.1113 6.51 0.96
219.4102 -50.0859 7.21 1.07
219.4441 -67.9320 6.03 0.51
219.4718 -49.4258 4.05 -0.15
219.4787 -48.0236 6.65 -0.01
219.5030 51.5784 6.95 0.47
219.5291 -12.9107 7.48 0.65
219.5526 43.6421 5.74 1.48
219.5562 -45.8719 6.83 1.17
219.5583 18.2984 5.90 1.10
219.5634 54.0233 5.83 0.01
219.5736 -49.9011 6.51 0.03
219.5807 -38.7942 6.04 1.42
219.6038 -35.2766 6.78 0.16
219.6207 -3.6111 7.11 1.64
219.6563 54.8532 7.44 0.45
219.7093 44.4045 5.39 0.03
219.7276 -22.3284 7.37 0.20
219.7326 79.7874 7.29 1.60
219.7332 -35.6006 7.43 0.46
219.7485 -59.1410 6.53 0.51
219.7517 -10.5548 6.73 1.00
219.7954 -46.5845 6.06 0.51
219.8417 -25.0286 7.18 1.08
219.8513 53.4401 7.13 0.97
219.8522 -49.0553 6.37 0.44
219.8820 -68.2034 6.73 -0.03
219.9029 -39.5648 7.47 1.07
219.9112 -64.7137 7.29 0.53
219.9052 -60.8383 1.35 0.90
219.9155 66.3468 7.38 0.60
219.9115 -60.8340 -0.01 0.71
219.9206 -26.7237 6.99 0.47
219.9969 -27.1343 7.13 0.94
220.0735 -40.8417 6.65 -0.07
220.0768 87.2148 6.91 1.46
220.0803 -45.7938 6.61 -0.11
220.0911 21.9759 6.13 0.43
220.1046 -26.2557 7.04 0.10
220.1170 -57.0296 7.39 0.67
220.1285 -40.6081 7.35 0.08
220.1296 -16.2093 7.24 0.71
220.1340 -14.0468 6.97 1.63
220.1365 -56.4408 6.30 1.17
220.1766 13.5343 5.93 0.24
220.1815 16.4183 4.49 -0.00
220.2040 -66.9462 7.36 0.80
220.2135 -24.0577 7.13 0.95
220.2326 -26.4287 7.45 0.59
220.2424 38.1507 7.42 0.44
220.2533 57.9578 7.03 0.84
220.2558 -36.1349 5.67 -0.08
220.2596 52.2358 7.17 1.16
220.2780 -22.6186 7.23 0.39
220.2873 13.7283 3.78 0.04
220.3557 -19.9280 7.04 1.04
220.3983 51.3974 7.26 0.45
220.4115 8.1618 4.86 0.99
220.4313 11.6607 5.55 0.94
220.4635 -30.9332 6.38 -0.08
220.4677 -75.1395 6.73 0.71
220.4760 21.1236 6.40 0.93
220.4823 -47.3882 2.30 -0.15
220.4832 -58.6158 6.21 0.45
220.4882 -28.0658 7.01 1.39
220.4900 -37.7935 4.01 -0.16
220.4990 -77.0115 6.34 -0.03
220.5095 -12.2349 6.82 1.22
220.5103 -46.2979 7.36 -0.01
220.5133 61.2619 6.24 0.41
220.5547 -32.7703 6.63 0.91
220.5963 21.2931 7.47 0.53
220.5968 54.8034 7.43 1.44
220.5974 -23.4257 7.14 1.14
220.6274 -64.9751 3.18 0.26
220.6648 36.7568 7.27 0.17
220.6769 14.7086 6.59 0.37
220.6878 -19.3117 6.87 1.20
220.7164 -58.0866 7.36 0.09
220.7180 -75.8246 7.46 1.01
220.7296 8.0762 7.35 0.38
220.7651 -5.6582 3.87 0.39
220.7686 -62.2073 7.40 0.16
220.7889 -58.2665 7.11 1.42
220.8045 1.8247 7.32 0.03
220.8065 -24.9978 5.70 0.01
220.8139 -47.5705 6.91 -0.05
220.8380 53.7939 7.29 1.02
220.8557 26.5279 4.80 1.67
220.8577 -9.6997 6.52 1.02
220.8673 -62.9667 6.39 -0.09
220.9144 -35.1737 4.06 1.36
220.9352 40.4593 5.72 1.40
220.9435 -2.5056 7.21 0.18
221.0147 61.0983 6.87 0.41
221.0570 -8.2519 6.64 0.43
221.0593 -69.6741 6.99 0.55
221.0738 -24.1287 6.82 1.42
221.1175 45.1860 6.73 0.29
221.1876 -9.7041 6.86 0.43
221.2005 7.7011 7.37 0.66
221.2313 -58.4775 6.10 1.01
221.2462 -61.5217 6.97 2.01
221.2467 -35.1918 4.92 0.01
221.2468 27.0742 2.35 0.97
221.2957 -55.6016 6.10 -0.07
221.2988 -1.4175 6.06 1.61
221.3071 32.7883 6.27 1.61
221.3103 16.9643 4.60 0.97
221.3196 65.3300 7.22 0.49
221.3220 -62.8756 5.36 0.31
221.3285 -51.3149 6.44 1.59
221.3358 18.8850 6.15 0.84
221.3358 -36.1478 7.37 0.10
221.3398 10.5990 6.91 1.06
221.3738 42.3825 7.32 0.47
221.3759 0.7173 5.68 -0.02
221.4007 8.1597 6.97 1.02
221.4332 -69.6192 7.31 1.09
221.4657 13.1014 6.57 1.29
221.4709 -17.6984 7.29 1.43
221.4902 -44.8675 6.91 0.05
221.4907 -15.4595 6.33 1.19
221.5004 -25.4432 5.15 0.32
221.5248 15.1318 5.78 1.33
221.5282 -23.1530 5.80 0.98
221.5454 -21.1760 6.43 0.60
221.5563 -7.7970 7.14 1.03
221.5622 1.8929 3.73 -0.01
221.5649 9.6467 7.26 0.62
221.5681 3.5041 7.38 0.56
221.5742 -0.8338 6.91 1.12
221.5761 14.5103 7.26 1.62
221.5976 56.6164 6.61 1.14
221.6115 -64.5430 7.37 1.70
221.6167 -22.4040 7.34 0.43
221.6209 -47.4411 5.74 0.07
221.6840 7.2814 7.23 1.58
221.7486 19.7995 7.39 1.18
221.7554 -52.3835 5.22 0.98
221.7604 59.7103 7.32 0.27
221.7712 -38.2906 5.90 1.34
221.7723 0.9709 6.62 0.01
221.7926 76.0423 7.38 0.21
221.8024 -52.2053 6.07 0.08
221.8069 -21.3249 6.05 1.65
221.8440 -25.6243 5.61 -0.04
221.8568 2.0357 6.80 0.10
221.8691 -66.1791 7.36 -0.08
221.8829 19.0500 7.46 0.51
221.8837 -43.5568 6.30 1.07
221.9135 24.0976 7.48 1.39
221.9367 -26.0875 5.23 0.94
221.9456 -39.9264 6.92 0.01
221.9504 -66.3319 7.22 -0.05
221.9655 -79.0448 3.83 1.43
221.9790 -12.8400 6.34 1.10
221.9881 -68.5197 7.13 -0.05
221.9898 -26.6462 5.76 -0.01
222.0973 24.3669 6.15 0.51
222.1210 -25.4870 7.03 0.49
222.1322 -17.3403 6.87 0.62
222.1362 -35.8415 6.72 0.99
222.1494 -63.3554 7.46 1.75
222.1585 -36.6347 5.89 1.37
222.1773 -70.5990 7.37 1.30
222.1857 -66.5936 5.91 -0.11
222.2144 18.1997 7.36 1.03
222.2219 5.9544 6.83 0.46
222.2254 -0.8477 6.15 -0.03
222.2446 -58.1193 7.13 0.52
222.2780 54.2315 7.03 1.47
222.2783 37.8112 6.15 0.39
222.2796 -56.6678 6.21 1.11
222.3118 25.1509 6.68 1.35
222.3122 -59.4074 6.59 1.50
222.3278 46.1162 5.76 0.48
222.3281 -24.2515 5.68 1.27
222.3294 -14.1490 5.32 0.07
222.3492 -67.2360 7.26 0.84
222.3545 -65.6815 7.09 0.58
222.3557 -8.5044 7.10 0.46
222.3590 10.0442 6.64 1.26
222.3652 -19.9036 7.19 0.25
222.3696 19.5104 6.91 0.04
222.3849 51.3745 6.49 0.40
222.4044 -68.9362 6.50 -0.10
222.4221 48.7208 5.68 0.50
222.4257 7.9868 6.96 0.71
222.4293 23.0323 7.12 0.46
222.4345 3.8707 7.36 1.14
222.4467 -52.7448 7.17 0.08
222.4502 10.4929 7.09 0.10
222.4555 -32.4272 6.85 1.06
222.4844 24.7205 6.77 0.03
222.4900 -29.0346 7.19 1.26
222.4933 28.6158 5.80 0.05
222.5044 -62.3308 7.40 -0.02
222.5568 52.4144 7.14 0.54
222.5658 23.9118 5.86 0.58
222.5671 -58.9767 6.85 1.11
222.5722 -27.9604 4.42 1.37
222.5822 82.5119 5.63 0.67
222.5913 65.6458 6.98 1.59
222.6235 80.7499 7.20 0.04
222.6237 37.2720 5.47 1.03
222.6262 -67.4976 7.47 0.41
222.6458 12.7841 7.27 1.41
222.6508 -12.0182 7.12 0.47
222.6581 -32.4665 7.46 0.51
222.6708 22.9076 7.50 0.64
222.6716 -15.9972 5.15 0.40
222.6766 74.1555 2.07 1.47
222.6832 -55.0093 7.12 1.58
222.7115 -53.3683 6.56 0.05
222.7197 -16.0418 2.75 0.15
222.7446 -42.8225 6.84 0.13
222.7504 -0.2575 6.18 1.40
222.7545 -2.2992 4.93 0.99
222.7596 9.7237 7.40 0.76
222.7653 -15.0275 7.19 0.58
222.8141 -23.8594 7.50 1.01
222.8201 -47.4059 7.35 1.21
222.8404 -59.5035 7.26 1.84
222.8474 19.1005 4.54 0.72
222.8604 59.2940 5.48 1.37
222.8753 -77.1760 6.44 -0.02
222.8757 -74.9331 6.83 -0.00
222.8820 -60.9308 7.16 0.45
222.8956 -17.7904 6.55 0.48
222.9096 -43.5754 4.32 -0.15
222.9190 83.9375 6.95 1.38
222.9638 -18.3553 6.27 1.09
223.0135 46.4766 6.76 1.22
223.0310 20.2907 6.91 0.10
223.0646 -44.9272 7.20 0.55
223.1003 -46.7599 6.85 1.67
223.1218 23.8014 7.24 1.05
223.1223 -48.2471 6.96 0.96
223.1301 55.7452 7.15 0.26
223.1381 -30.5773 6.30 0.60
223.1469 -63.8098 5.91 0.66
223.1824 31.9250 6.89 1.02
223.2128 -37.8032 5.02 -0.15
223.2209 26.4650 7.26 0.10
223.2227 32.6909 6.87 0.43
223.2353 15.1324 7.03 0.17
223.2655 78.1767 6.52 1.20
223.2776 -38.2570 6.58 0.02
223.3065 -73.1901 5.59 0.82
223.3422 -45.8557 7.11 -0.10
223.3473 15.7052 6.41 0.57
223.3491 19.1528 6.00 0.84
223.3799 19.8884 6.94 1.14
223.3973 69.7627 7.42 1.55
223.4128 2.2375 6.82 1.52
223.4159 6.2418 6.63 1.17
223.4172 -19.9725 7.49 0.46
223.4449 -28.4057 7.46 0.99
223.4577 -0.4056 7.36 0.91
223.4642 -9.0860 7.34 0.15
223.4719 -23.9742 7.06 0.14
223.5272 59.5148 7.25 1.13
223.5465 -66.4201 6.98 0.58
223.5751 32.0169 6.95 1.11
223.5839 -24.6422 5.27 1.34
223.5863 -28.3482 6.54 1.09
223.5953 -11.8983 5.78 0.98
223.6055 -34.1428 7.04 0.09
223.6201 -8.3885 7.39 1.32
223.6401 46.5937 7.33 1.01
223.6484 30.0637 6.84 0.43
223.6580 -33.3006 5.85 1.43
223.6668 -75.6018 7.47 1.50
223.6774 -65.9911 6.09 -0.06
223.6965 85.1208 7.46 1.03
223.7082 15.3253 7.14 0.25
223.7251 23.5930 7.45 1.55
223.7252 -69.8610 6.38 -0.06
223.7270 -36.4304 7.23 0.06
223.7284 -41.3648 7.15 0.51
223.7373 -61.0758 7.45 1.74
223.7389 -3.6305 7.43 0.40
223.7508 74.8812 6.88 1.66
223.7544 14.9794 6.92 0.90
223.7736 -61.8739 6.97 0.02
223.7737 -20.0135 7.39 1.13
223.8288 32.8239 7.22 1.11
223.8289 -46.6313 7.30 0.96
223.8452 6.7848 6.74 1.59
223.8691 12.4308 6.78 0.04
223.8943 -60.1142 5.18 1.16
223.9144 -78.8831 7.36 0.06
223.9363 -33.8558 5.32 0.05
223.9920 -60.9059 6.69 0.97
223.9942 32.3001 6.12 0.11
223.9994 41.1366 7.18 0.27
224.0017 24.3860 6.82 1.17
224.0551 14.4463 5.90 -0.03
224.0701 3.4161 7.11 0.41
224.0718 -52.8095 5.38 0.14
224.0826 -16.8007 7.28 0.43
224.0959 49.6284 5.63 0.53
224.1034 -44.7042 6.76 0.04
224.1281 -34.6318 7.34 0.53
224.1286 -32.6368 6.06 1.41
224.1313 -24.2583 7.49 1.11
224.1336 -47.8792 5.62 -0.04
224.1433 -46.9505 7.06 0.60
224.1490 -39.4160 6.36 0.06
224.1509 -43.4561 7.42 1.56
224.1598 -62.3644 6.39 -0.06
224.1833 -62.7810 5.08 -0.02
224.1921 -11.4097 5.48 1.49
224.2014 74.9009 6.83 0.98
224.2394 -26.2850 6.91 0.01
224.2580 -51.4473 6.60 1.71
224.2650 21.5554 6.50 0.01
224.2685 5.4308 7.28 1.23
224.2756 -55.9127 7.44 0.40
224.2786 35.4902 7.36 0.40
224.2958 -4.3465 4.47 0.32
224.2987 16.3881 5.72 0.95
224.3009 -66.8728 7.37 1.20
224.3023 -42.1375 7.00 1.16
224.3071 -29.1577 6.28 -0.01
224.3327 -32.8337 7.20 0.10
224.3360 57.6491 7.23 0.49
224.3467 25.3237 7.32 0.69
224.3665 -21.4155 5.72 1.02
224.3831 -25.4418 6.94 0.20
224.3885 -0.1676 5.51 1.13
224.3890 -35.3840 6.99 1.25
224.3961 65.9325 4.63 1.59
224.4233 24.6741 6.95 1.39
224.4290 44.4663 7.39 0.14
224.4374 18.9869 6.62 0.93
224.4439 -12.4376 7.14 1.41
224.4481 15.0588 7.01 1.30
224.4481 -42.4972 7.41 0.30
224.4713 -76.6627 5.37 1.44
224.5220 -17.3642 6.64 1.25
224.5367 -48.8630 6.34 0.71
224.5559 -11.1548 6.61 0.01
224.5674 14.0376 6.77 1.31
224.6011 -37.3625 7.26 -0.03
224.6331 -43.1340 2.68 -0.18
224.6523 -39.9072 6.17 1.22
224.6636 -27.6573 5.65 0.26
224.6639 61.6669 7.22 0.08
224.7007 76.5280 7.47 0.88
224.7020 24.1697 7.14 0.38
224.7068 25.0480 7.33 1.03
224.7199 -4.9893 6.08 0.51
224.7233 -11.1440 5.88 1.27
224.7722 -47.9576 7.30 1.02
224.7904 -42.1042 3.13 -0.21
224.7942 -48.8262 7.21 0.56
224.8080 -37.8812 6.45 -0.08
224.8304 -51.5761 6.78 -0.05
224.8463 4.5678 5.91 1.61
224.8541 39.6449 6.70 0.40
224.8633 -43.1598 6.10 0.60
224.8718 -30.7115 6.91 0.23
224.8940 53.8602 6.84 0.31
224.9040 39.2653 5.64 0.34
224.9288 -36.8912 7.48 1.23
224.9378 -43.8113 6.59 0.48
224.9777 -46.2479 7.16 -0.02
224.9824 -75.0327 6.20 -0.04
224.9902 14.8333 7.20 1.17
225.0015 -36.0306 6.94 1.02
225.0112 65.4762 6.90 0.97
225.0150 44.5863 6.91 1.01
225.0194 -39.7980 7.36 1.11
225.0340 67.0905 7.48 1.21
225.0472 -77.1606 5.92 1.05
225.0778 7.6483 6.99 1.41
225.0992 55.6182 7.15 0.36
225.1145 71.7655 6.64 0.63
225.1458 8.6002 7.26 0.69
225.1613 47.2774 6.35 -0.10
225.1871 -59.8118 7.32 0.50
225.2178 22.0456 6.29 1.18
225.2431 -8.5189 4.91 0.00
225.2529 40.0843 7.09 1.01
225.2558 2.8975 6.72 0.55
225.2594 -64.5761 6.56 0.30
225.2605 -33.8395 7.40 0.48
225.3045 -38.0584 5.88 1.25
225.3134 -67.9833 6.99 -0.06
225.3326 -2.7549 5.52 1.69
225.3442 -71.4908 6.72 -0.08
225.3596 49.1948 7.25 1.31
225.3629 60.2045 5.91 0.11
225.3973 -3.1643 6.68 1.20
225.3997 -63.9270 7.38 0.23
225.4099 -56.2602 6.89 -0.09
225.4538 -0.1403 5.71 1.51
225.4613 -83.2276 5.65 0.96
225.4865 40.3906 3.49 0.96
225.4873 -51.9183 7.39 0.98
225.4920 -34.3589 6.21 0.24
225.5176 -8.3447 6.70 1.32
225.5268 -28.0606 5.83 0.16
225.5271 25.0081 4.80 1.51
225.5357 -7.5753 6.38 0.18
225.6219 33.2744 7.17 0.95
225.6249 -7.8404 6.59 0.18
225.6278 31.6839 6.60 1.40
225.6304 51.6196 7.21 1.42
225.6377 16.0550 7.01 0.60
225.6870 -3.0314 6.60 0.20
225.7252 2.0913 4.39 1.03
225.7393 -47.9420 6.86 1.53
225.7452 65.7783 7.33 0.57
225.7470 -32.6433 5.45 -0.13
225.7752 35.2058 5.52 1.02
225.7766 28.2672 7.04 0.12
225.7768 -17.6330 6.93 1.00
225.7774 44.6445 6.59 0.45
225.8043 17.9757 7.21 1.06
225.8370 -41.2715 7.40 -0.15
225.8401 56.0351 6.86 1.12
225.8433 0.8896 6.91 1.14
225.8614 60.0256 6.69 1.36
225.8944 -35.9428 6.65 0.22
225.9021 34.5658 6.59 1.02
225.9038 -7.5714 7.49 1.72
225.9476 47.6541 4.83 0.65
225.9553 27.0812 6.80 1.46
225.9554 26.0387 7.29 0.56
225.9906 65.9197 6.22 0.06
226.0176 -25.2820 3.25 1.67
226.0268 5.4928 7.15 0.31
226.0734 59.5351 7.40 0.17
226.0991 -56.9170 7.40 -0.03
226.1115 26.9476 4.52 1.24
226.1168 -8.0469 7.31 1.54
226.1243 -57.6984 7.37 0.02
226.1378 -28.3002 7.18 0.57
226.1787 -40.8613 6.29 1.39
226.1813 38.6052 7.49 0.50
226.1957 -83.0383 5.65 1.27
226.2005 -64.0314 5.16 0.94
226.2201 -63.3262 7.20 0.22
226.2795 -47.0512 3.91 -0.14
226.2920 -40.5693 7.45 1.61
226.2952 -72.1896 7.23 0.85
226.3263 -29.9904 7.06 1.09
226.3298 -41.0672 5.13 1.01
226.3577 48.1510 5.59 -0.01
226.3913 -30.5509 6.48 0.49
226.4282 -1.9854 7.33 1.02
226.4415 71.8827 7.46 1.15
226.4489 -25.7895 6.65 -0.02
226.4927 4.2335 7.22 0.23
226.5101 -48.8834 6.48 -0.14
226.5131 -22.4040 7.14 1.31
226.5443 -24.1315 6.73 1.03
226.5477 -23.3230 7.20 0.41
226.5581 -36.2646 6.27 1.66
226.5696 54.5563 5.24 0.96
226.5756 5.5504 7.22 0.33
226.5948 -72.1702 6.92 -0.01
226.6131 -22.0318 6.13 1.04
226.6162 3.0091 7.31 0.40
226.6383 -30.9185 5.97 -0.08
226.6427 -12.9070 7.48 0.06
226.6465 36.4561 6.35 0.54
226.6567 -16.2568 5.19 1.59
226.7044 -16.4844 6.41 0.16
226.7332 -52.0298 6.40 -0.11
226.7759 -37.9457 7.18 0.06
226.7786 2.3626 6.59 1.50
226.7841 -71.9050 6.52 1.59
226.8071 -32.9102 7.18 0.06
226.8107 -57.4397 7.20 1.27
226.8188 -24.1939 7.23 1.02
226.8223 22.9083 7.18 1.09
226.8252 24.8692 4.93 0.43
226.8303 8.9585 6.88 1.53
226.8349 18.4418 6.03 0.07
226.8581 -49.0886 5.77 0.92
226.8802 64.7196 7.24 1.13
226.8873 9.2260 6.72 0.68
226.8929 6.2693 7.30 1.24
226.9180 5.4980 6.16 0.92
226.9590 63.1171 6.82 0.41
226.9840 -61.1287 6.49 0.43
226.9865 -65.2754 6.18 1.47
227.0021 28.5184 7.21 0.89
227.0505 -40.5839 5.75 -0.11
227.0768 33.7065 6.70 0.98
227.0808 65.7887 6.63 1.51
227.0814 50.0550 6.33 1.05
227.0991 26.3012 5.67 1.24
227.1257 -80.3139 6.81 0.04
227.1263 -66.4758 7.28 0.02
227.1385 53.2624 7.45 0.31
227.1482 25.1086 5.82 1.23
227.1633 -42.8679 5.85 -0.12
227.1821 64.5477 7.04 1.02
227.1869 12.4889 7.24 0.22
227.1885 -61.6338 6.82 -0.08
227.2029 -70.7106 7.05 0.10
227.2109 -45.2799 4.07 -0.16
227.2230 13.2352 6.16 0.97
227.2246 -59.1421 6.87 1.25
227.2388 33.2654 7.16 1.21
227.2396 -26.4973 6.92 1.72
227.2489 -36.4326 7.33 1.21
227.2532 -72.3075 6.73 -0.06
227.2597 -38.5343 7.24 0.25
227.2600 -13.9996 7.47 0.35
227.2638 -61.8876 6.97 -0.01
227.2760 69.6531 7.13 0.33
227.3431 57.1121 7.44 0.55
227.3564 -63.6429 6.25 0.06
227.3668 3.8658 7.07 0.34
227.3729 24.6760 7.41 0.47
227.3747 -67.0841 5.76 0.68
227.3942 -5.3950 7.12 1.06
227.4024 -68.7214 6.84 -0.02
227.4211 -35.8658 7.00 1.17
227.4531 -20.5205 7.22 0.48
227.4637 -23.9860 6.55 1.58
227.5026 -41.1794 7.50 -0.05
227.5305 -38.7925 5.98 0.87
227.5383 -75.4618 6.92 0.92
227.5776 -26.3326 5.75 1.04
227.5789 -79.6128 7.38 0.43
227.6313 11.6736 6.89 1.66
227.6325 -71.6645 7.20 1.11
227.6620 33.0789 6.91 1.10
227.6734 -43.7299 7.01 0.62
227.6850 67.7810 6.18 0.14
227.6869 -61.4223 6.29 0.62
227.7229 29.2292 7.26 0.46
227.7867 -84.7878 5.88 -0.03
227.7882 -52.5362 7.02 1.04
227.8063 -13.0543 7.36 1.23
227.8166 -55.3460 5.45 1.12
227.8361 -11.4715 7.32 1.17
227.8831 -45.2792 7.38 1.08
227.8927 20.0434 7.14 0.34
227.8950 -45.2775 6.44 1.04
227.8961 -2.2600 7.21 0.34
227.9116 -67.7100 7.47 0.02
227.9411 -33.6389 6.99 0.93
227.9488 10.2166 6.89 0.05
227.9582 -16.1596 6.68 1.24
227.9753 9.7769 7.41 0.98
227.9838 -48.7378 3.88 -0.03
227.9901 36.7547 7.27 0.84
227.9904 -48.7437 5.70 0.14
228.0169 22.3134 6.62 1.62
228.0178 18.9760 5.90 1.41
228.0501 -19.1065 6.49 1.51
228.0554 -19.7917 4.54 -0.07
228.0714 -52.0992 3.41 0.92
228.0873 -16.4111 7.39 -0.01
228.1095 -18.0899 6.86 0.97
228.1235 -63.0335 6.86 1.41
228.1300 -48.2190 6.32 1.11
228.1417 -72.7706 6.02 -0.00
228.1562 -0.3816 7.23 1.62
228.1823 48.5808 7.16 1.16
228.1813 19.2860 6.69 0.68
228.1901 19.0952 7.26 1.42
228.1965 10.7023 6.50 1.27
228.2057 -52.0291 7.36 0.20
228.2066 -44.5004 4.83 -0.18
228.2413 56.0464 7.50 0.10
228.2467 -51.9728 7.26 1.55
228.2515 49.7752 7.26 1.19
228.2543 -61.7438 6.27 1.90
228.2545 -37.2467 7.31 0.27
228.2819 -36.0914 6.09 -0.08
228.3115 -11.0071 6.65 0.24
228.3225 -24.0083 6.47 -0.03
228.3300 -19.6476 6.07 0.12
228.3696 -25.3093 6.47 0.69
228.3718 -55.7318 7.47 0.78
228.3828 22.9834 6.31 0.06
228.3983 38.2647 6.19 1.22
228.4462 -14.0229 7.49 0.84
228.4636 -74.9115 7.47 1.53
228.4621 -1.3514 6.58 0.76
228.4721 -26.1936 5.84 1.14
228.4955 47.9690 7.47 0.23
228.4966 -61.3430 6.36 -0.04
228.4968 43.0481 6.66 0.21
228.5252 31.7878 5.98 1.55
228.5412 -38.4920 7.06 0.11
228.5429 42.1714 6.12 1.64
228.5784 -14.2095 6.75 1.68
228.5799 -70.0795 5.75 3.27
228.6150 -47.0380 7.24 0.26
228.6172 -18.4285 6.76 0.43
228.6193 -3.3644 7.20 0.09
228.6215 29.1643 5.28 0.06
228.6294 -59.7353 7.17 1.66
228.6407 -17.7686 6.18 -0.01
228.6555 -31.5191 4.91 0.37
228.6589 67.3467 5.15 0.55
228.6663 -59.8205 7.45 1.43
228.7070 -42.3197 7.49 0.00
228.7108 -5.5026 6.28 1.47
228.7152 68.9457 6.52 0.03
228.7357 38.3011 7.11 0.36
228.7404 -2.4148 7.47 1.53
228.7973 4.9394 5.32 1.09
228.8136 -70.5196 6.86 0.74
228.8319 -44.1495 6.74 -0.07
228.8657 -79.1365 6.66 0.84
228.8756 33.3148 3.46 0.96
228.8972 10.1265 7.11 0.34
228.9141 -27.5963 6.79 0.37
228.9227 25.6425 6.97 -0.08
228.9545 0.3721 5.62 0.18
228.9612 50.9385 6.47 0.85
228.9732 6.4648 6.47 1.31
228.9736 -48.0737 5.96 0.21
228.9939 -70.4137 6.71 0.46
228.9965 0.7964 6.92 0.83
229.0065 -4.8979 7.21 0.51
229.0168 -41.4912 5.15 0.56
229.0297 13.4702 7.13 0.88
229.0436 -43.4850 6.05 -0.13
229.0713 -48.0446 7.05 0.15
229.0892 37.0695 7.10 0.60
229.0959 -22.3994 5.52 1.36
229.0998 -77.3542 7.39 1.04
229.1188 -44.5037 6.58 1.43
229.1349 -39.5609 6.88 1.47
229.1442 -47.6969 7.46 1.31
229.1492 9.7130 6.74 0.34
229.1529 -60.9040 5.74 -0.06
229.1548 -42.3702 6.76 -0.03
229.2025 -13.0392 7.25 0.22
229.2159 -47.8645 6.46 0.93
229.2292 -46.2024 6.44 0.51
229.2371 -60.9573 5.04 -0.08
229.2474 -38.4476 6.86 0.43
229.2517 -9.3829 2.61 -0.07
229.2745 71.8239 5.02 1.37
229.2827 -56.3841 7.41 1.14
229.3079 -66.0923 6.84 -0.01
229.3201 71.2112 7.27 0.40
229.3238 62.7710 6.81 0.95
229.3286 42.5659 7.48 0.36
229.3443 74.0451 6.67 1.03
229.3788 -58.8012 4.07 0.09
229.3837 -10.5006 7.31 0.36
229.4082 69.1548 7.31 1.02
229.4120 -63.6105 4.85 1.26
229.4184 -0.9849 7.28 0.94
229.4217 -5.2024 7.28 0.95
229.4298 -39.8120 7.34 1.25
229.4493 -45.7149 7.43 1.66
229.4577 -30.1487 4.35 1.10
229.4711 33.5943 6.65 0.91
229.4987 30.8329 6.86 1.02
229.5392 -41.0612 6.30 0.18
229.5408 -47.8999 6.98 0.50
229.5475 78.3940 7.34 1.38
229.5623 45.6198 6.64 1.62
229.5663 58.7940 7.30 1.08
229.5723 -41.4206 7.05 1.05
229.5844 26.8404 6.59 0.57
229.5943 0.9394 6.50 1.60
229.6021 20.5728 5.68 0.97
229.6089 -0.4612 5.88 1.51
229.6335 -47.8753 4.27 -0.09
229.6408 -47.8793 6.87 0.09
229.6464 -78.4722 7.01 0.33
229.6472 -8.3973 7.49 1.15
229.6721 -31.2093 6.18 1.21
229.6747 10.4277 7.11 0.50
229.6896 58.5035 6.87 1.23
229.6918 -54.3643 7.01 1.74
229.7048 -60.4963 5.43 -0.09
229.7277 -68.6795 2.87 0.01
229.7311 -1.5924 6.93 0.55
229.7349 -40.7882 5.59 -0.10
229.7894 -60.1337 7.39 -0.01
229.8283 1.7654 5.04 0.54
229.8281 61.3750 7.39 0.59
229.8409 -9.1465 6.95 1.42
229.8711 -71.7921 6.59 1.68
229.8752 32.5149 6.33 0.23
229.8822 -37.0972 6.19 0.96
229.9183 -24.2700 7.29 0.43
229.9405 -66.4960 6.73 0.57
229.9587 -19.5502 7.06 0.47
229.9688 62.4743 6.62 1.23
230.0096 40.9842 6.90 0.51
230.0214 51.9585 5.65 0.12
230.0256 14.5611 7.46 1.65
230.0357 29.6162 5.51 1.01
230.0542 -57.3980 7.05 1.62
230.0883 -75.5641 7.19 1.11
230.1309 -28.2871 7.18 0.07
230.1336 81.0432 7.32 1.03
230.1355 -59.5438 7.33 -0.11
230.1521 -5.1197 6.60 1.00
230.1557 -14.7411 7.38 1.27
230.1690 -67.4815 6.27 -0.09
230.1726 -25.9904 7.11 1.03
230.1736 44.4344 6.14 0.37
230.1784 -56.1326 6.80 0.16
230.1794 8.9137 7.17 0.45
230.1822 71.8340 3.00 0.06
230.1959 -2.4133 6.34 1.06
230.2087 31.4801 6.90 0.53
230.2205 45.6649 6.67 1.05
230.2237 -18.1587 6.16 1.02
230.2382 -15.3738 7.40 1.25
230.2557 -15.5483 6.14 0.39
230.2583 0.7153 5.35 1.19
230.2696 -47.7604 6.77 0.44
230.2787 24.9580 6.36 1.26
230.2817 -5.8249 5.54 1.05
230.2891 -6.6126 7.35 1.16
230.3033 -54.2918 7.37 0.49
230.3430 -40.6475 3.22 -0.23
230.3754 -38.2187 6.57 -0.08
230.3769 73.4766 7.38 0.42
230.3864 -6.8266 7.45 0.47
230.3929 -44.9382 6.68 0.01
230.3939 24.3434 7.25 0.04
230.3971 -40.7495 6.21 0.07
230.4516 -36.2614 3.57 1.53
230.4524 32.9337 5.38 -0.05
230.4526 -48.3176 5.65 0.64
230.5005 -57.1453 7.15 1.55
230.5005 5.5966 7.36 0.52
230.5346 -47.9278 4.99 0.52
230.5366 -32.1896 7.00 1.54
230.5469 -37.6356 6.65 -0.06
230.5588 -53.6045 7.25 0.44
230.5968 12.5675 6.29 -0.01
230.6055 25.6241 7.23 1.24
230.6223 -74.3995 6.51 0.07
230.6347 34.2294 7.30 1.09
230.6384 -44.2929 6.74 0.05
230.6552 62.0471 5.99 -0.03
230.6557 39.5815 5.56 1.63
230.6601 63.3414 5.72 1.31
230.6703 -44.6896 3.37 -0.19
230.6884 -29.3419 6.50 1.01
230.6917 28.0570 7.37 0.98
230.6952 18.9190 7.16 0.80
230.7377 -26.6888 6.53 1.12
230.7548 63.1303 7.33 1.10
230.7560 0.4643 7.03 1.14
230.7574 -15.1340 6.46 1.60
230.7890 -36.8585 4.54 -0.15
230.7897 -51.7361 6.68 1.15
230.7940 -60.6572 5.65 0.49
230.8012 30.2878 4.99 0.58
230.8444 -59.3208 4.48 0.17
230.8541 -46.1404 6.49 0.94
230.8586 -6.6105 7.29 1.05
230.9321 -1.0224 6.11 0.26
230.9629 -57.3306 6.78 1.19
230.9677 -12.3695 5.72 1.04
231.0005 8.9058 7.30 1.49
231.0213 45.2710 6.07 1.21
231.0495 -10.3223 4.92 0.45
231.0608 10.5549 7.36 0.18
231.0688 -87.7120 7.50 0.91
231.0757 60.5494 7.33 0.79
231.0827 8.4816 7.05 0.76
231.0841 -52.7156 7.48 1.58
231.0877 -0.5441 7.32 0.17
231.1227 37.3772 4.31 0.31
231.1287 37.3473 6.51 0.60
231.1470 54.2128 6.68 1.10
231.1637 -25.6670 7.30 1.52
231.1745 -35.9171 6.75 0.08
231.1876 -39.7103 5.36 -0.09
231.2026 -71.3231 7.09 1.42
231.2051 10.9928 7.17 0.45
231.2324 58.9661 3.29 1.17
231.2384 -72.0464 6.97 0.09
231.2501 -76.5246 7.23 -0.00
231.2636 -32.1562 7.41 0.34
231.2688 -6.2458 7.35 1.14
231.2768 -38.1692 7.04 0.09
231.2834 47.0608 6.79 0.61
231.2966 -47.2174 6.57 1.52
231.3343 -38.7336 4.60 0.00
231.3727 45.9477 7.27 0.61
231.4350 -1.2544 7.11 0.43
231.4368 -53.0580 6.66 0.27
231.4376 -57.0142 7.47 0.07
231.4475 15.4280 5.16 1.65
231.4720 19.4807 6.26 0.62
231.4962 44.3022 7.16 1.40
231.4988 32.4740 7.02 1.20
231.5224 -21.3802 6.97 1.11
231.5286 -39.8890 7.38 -0.01
231.5608 -68.3092 5.89 1.00
231.5717 -36.5984 6.81 1.12
231.5725 34.3360 5.46 1.41
231.6109 44.0035 7.49 0.56
231.6172 52.0526 7.09 1.61
231.6256 28.1275 7.47 1.34
231.6261 10.0361 6.97 1.64
231.6341 54.0203 6.44 0.08
231.6818 45.6039 7.16 0.52
231.7098 -20.0051 6.97 0.74
231.7934 84.8252 6.87 1.00
231.8067 -49.4545 7.41 0.19
231.8256 -36.7676 5.46 -0.15
231.8624 -66.1214 6.92 -0.02
231.8879 -64.5315 5.71 1.65
231.9120 25.1016 6.01 1.65
231.9181 42.8814 7.48 0.68
231.9199 62.2757 6.53 0.13
231.9241 -14.9542 7.15 1.66
231.9405 -63.0207 7.44 1.05
231.9513 -25.1695 7.49 1.19
231.9573 29.1057 3.66 0.32
231.9643 60.6702 5.90 1.44
231.9662 -40.6596 7.01 1.75
231.9711 -53.7018 7.21 0.69
232.0095 -33.5452 7.48 0.02
232.0189 11.8617 6.93 0.37
232.0400 -9.3481 6.89 0.79
232.0553 -37.3586 7.00 1.61
232.0642 -16.7165 5.64 1.54
232.0776 -21.2096 7.17 1.01
232.0860 -88.1330 6.49 0.30
232.0896 -37.6294 7.34 0.99
232.1134 -51.5979 6.10 1.07
232.1303 38.7237 6.69 0.37
232.1374 0.6071 7.11 0.37
232.1593 1.8421 5.15 0.24
232.1598 -15.7006 6.79 0.82
232.1636 61.7267 6.90 0.13
232.1850 47.2015 6.15 0.10
232.1919 -31.4757 7.15 0.28
232.2169 57.4452 6.91 0.49
232.2368 55.1949 6.45 0.08
232.2444 -28.8669 6.43 0.61
232.2836 13.0326 7.01 0.98
232.2993 80.4486 6.57 0.67
232.3005 16.3956 6.38 0.95
232.3158 -65.8902 6.86 1.63
232.3303 -38.6350 6.44 0.35
232.3380 62.0995 6.32 1.37
232.3471 47.7134 6.84 0.07
232.3511 -46.7327 5.26 1.73
232.3510 80.4503 7.30 0.80
232.3870 -58.3515 6.70 0.55
232.3948 -17.4409 6.69 0.40
232.4352 16.1920 7.13 1.02
232.4613 82.2636 6.93 0.38
232.4612 18.4999 7.21 1.06
232.4648 -67.4850 7.36 -0.10
232.4743 80.7711 6.94 0.94
232.4932 -52.3028 6.70 -0.02
232.5205 -6.8450 7.25 1.20
232.5887 -41.9190 6.23 -0.01
232.5949 31.2859 6.45 0.20
232.5992 12.0000 7.16 1.21
232.6159 36.8046 6.52 1.15
232.6510 -20.7286 6.20 0.19
232.6683 -16.6095 5.82 1.06
232.6920 34.4657 6.81 0.04
232.7007 -53.3743 6.78 1.24
232.7018 -45.4244 7.45 0.08
232.7050 -71.6541 6.39 -0.11
232.7159 -43.8652 7.50 0.99
232.7310 8.5791 6.57 0.38
232.7323 40.8330 5.04 1.59
232.7327 64.2087 5.74 0.98
232.7453 -47.9203 6.84 0.90
232.8210 -65.9433 7.25 -0.05
232.8217 -33.8198 6.87 0.55
232.8429 36.6166 6.39 0.53
232.8543 77.3494 5.00 1.54
232.8631 -71.0621 6.89 -0.12
232.8784 -73.3896 5.40 -0.15
232.9287 0.8835 7.42 0.65
232.9309 -20.1649 6.28 0.22
232.9458 40.8993 4.98 0.09
232.9520 16.2345 7.46 0.20
232.9593 -32.8811 6.49 0.07
233.0175 -38.6225 6.23 0.21
233.0403 16.0562 6.22 -0.04
233.0431 -21.9668 7.24 0.03
233.0579 -45.0675 6.82 -0.02
233.0631 -23.8802 6.75 1.49
233.0745 -10.4388 6.57 0.92
233.1287 -38.0712 7.50 0.02
233.1529 -19.6705 5.50 0.20
233.1792 -57.4078 7.28 0.36
233.1819 10.9683 7.22 0.66
233.2301 -16.8528 5.53 -0.15
233.2324 31.3591 4.14 -0.13
233.2414 -1.1864 5.50 1.09
233.2697 16.0120 6.56 1.26
233.2816 -25.8009 7.27 1.57
233.2897 -24.4904 6.26 0.33
233.3134 -13.0128 7.49 1.24
233.3251 3.3228 7.37 1.12
233.3513 -40.4909 6.40 1.02
233.3628 -61.2734 6.70 0.15
233.4627 63.9071 7.32 0.60
233.4696 17.1374 6.49 0.34
233.5071 -40.0664 5.82 1.70
233.5145 -14.2295 7.25 0.49
233.5421 -33.1713 6.98 0.01
233.5446 -10.0645 4.61 1.00
233.5604 -60.8079 7.18 0.05
233.5867 -5.6951 6.52 0.58
233.5869 -39.3492 6.36 -0.02
233.5947 -57.0731 7.11 1.11
233.6105 -9.1834 5.16 -0.09
233.6317 4.7306 7.04 0.16
233.6506 67.8055 6.98 0.79
233.6555 -28.0470 5.13 1.31
233.6719 26.7147 2.22 0.03
233.6973 44.0676 7.12 1.12
233.7006 10.5389 3.80 0.27
233.7094 -68.8891 7.37 1.65
233.7483 -17.1388 6.99 1.01
233.7691 1.6692 6.55 0.28
233.7852 -41.1668 2.80 -0.22
233.7917 43.1675 6.75 0.95
233.7994 49.9946 6.95 1.09
233.8087 65.2778 7.45 0.13
233.8118 49.6984 7.36 1.54
233.8121 39.0101 5.14 1.65
233.8171 -25.7342 7.31 0.06
233.8175 53.9221 5.97 1.18
233.8670 -41.5049 7.44 0.48
233.8816 -14.7895 3.91 1.01
233.8885 17.6556 6.10 0.97
233.9535 1.2275 6.70 0.33
233.9550 38.3739 6.30 1.31
233.9719 -44.9584 4.55 -0.17
233.9724 11.2657 6.04 1.12
233.9877 54.6306 5.77 0.05
234.0096 39.8025 6.78 0.91
234.0144 6.1835 7.33 0.28
234.0174 52.0698 6.70 0.33
234.0474 -33.0928 6.26 -0.07
234.0495 -65.1146 7.18 0.10
234.0505 -44.3968 5.44 1.50
234.0529 35.7054 7.49 0.63
234.0544 -72.8393 7.31 -0.07
234.0739 -65.6133 6.51 0.33
234.1113 -44.0104 7.28 -0.05
234.1172 -66.5454 6.83 1.48
234.1174 15.1014 6.51 1.20
234.1218 16.1191 5.93 0.35
234.1232 10.0102 5.26 0.93
234.1405 -0.5615 6.51 0.73
234.1774 14.9248 7.08 0.06
234.1800 -66.3170 4.11 1.16
234.2026 80.6145 6.89 0.97
234.2226 29.9912 6.46 0.43
234.2560 -28.1351 3.60 1.36
234.2787 -26.4924 7.39 0.09
234.2954 -41.0188 7.12 1.43
234.3482 12.3016 7.12 0.41
234.3687 -26.2799 6.19 -0.01
234.3804 -22.1170 6.98 0.28
234.3834 54.5087 5.85 1.10
234.4133 69.2833 5.65 1.37
234.4411 71.1537 6.99 1.01
234.4502 -23.1417 5.79 1.07
234.4566 40.3534 5.25 0.89
234.4638 -31.2521 7.49 0.47
234.4967 10.2399 7.07 0.53
234.4995 -14.5304 7.39 0.39
234.5091 -54.5220 6.98 0.13
234.5135 -42.5673 4.34 1.41
234.5382 38.0280 7.50 1.17
234.5538 36.2468 7.07 1.70
234.5590 36.2471 7.40 1.10
234.5659 -28.2067 6.32 1.18
234.5675 46.7978 5.76 0.35
234.5678 -21.0163 5.82 1.08
234.5693 24.5219 6.82 1.25
234.5948 43.6043 6.80 0.19
234.6031 22.6750 7.45 1.12
234.6057 -19.9132 6.65 0.45
234.6212 -14.5169 6.80 1.23
234.6360 -39.1607 6.59 -0.07
234.6394 65.7905 7.05 1.10
234.6425 50.4233 5.84 0.85
234.6618 55.8991 7.28 0.07
234.6641 -29.7778 3.66 -0.18
234.6664 -8.7947 6.56 0.52
234.6670 -8.7915 6.45 0.51
234.6723 68.8220 7.45 0.46
234.6725 -17.6649 7.15 1.04
234.6733 -45.7088 6.97 -0.08
234.6757 -39.1277 6.05 0.20
234.6771 31.5518 7.22 0.24
234.6834 12.2532 7.44 -0.09
234.6857 -23.0495 7.17 1.60
234.7036 34.6750 6.12 1.04
234.7062 -52.3727 5.43 0.01
234.7064 10.6158 7.10 0.97
234.7273 -19.3019 5.36 0.88
234.7274 57.4618 7.28 1.47
234.7454 46.9266 6.75 1.62
234.7492 85.2859 6.88 0.21
234.7543 3.4677 7.36 1.48
234.7544 -0.3115 7.50 0.55
234.7561 -78.2352 6.99 0.18
234.7779 -72.2977 7.38 0.06
234.7897 57.9244 6.45 1.10
234.8274 -77.9180 6.19 1.21
234.8391 -23.1502 6.33 0.02
234.8445 36.6358 4.64 -0.10
234.8954 -55.4271 6.94 1.51
234.9112 79.9832 6.89 0.39
234.9165 16.3140 6.98 0.34
234.9416 -34.4119 4.66 0.96
234.9771 -19.7691 6.88 0.43
234.9859 -59.9083 5.95 0.51
235.0385 -45.0214 7.42 1.27
235.0431 12.0529 6.22 0.97
235.0456 -56.9146 6.63 1.34
235.0483 -70.2279 6.45 0.08
235.0647 -31.2138 6.35 1.42
235.0704 -23.8181 4.97 1.30
235.0890 -73.4467 5.64 -0.04
235.0893 43.8464 7.16 0.33
235.1029 -44.2886 6.98 -0.07
235.1083 37.5171 6.91 1.50
235.1259 37.0170 7.16 0.01
235.2143 -44.6229 6.88 0.18
235.2352 -63.1946 7.49 -0.04
235.2427 -47.7361 6.21 1.62
235.2462 16.0246 6.00 0.91
235.2685 9.3025 7.39 0.86
235.2788 -39.9828 6.51 0.45
235.2976 -44.6612 4.64 0.41
235.3166 -13.9703 6.87 0.06
235.3562 -65.0681 6.98 0.35
235.3777 -53.3913 6.92 -0.02
235.3878 -29.2995 7.29 1.69
235.3877 19.6704 4.51 0.06
235.4392 -6.4444 7.30 1.00
235.4476 12.8475 5.34 0.03
235.4779 -76.0820 5.95 -0.03
235.4780 18.4640 5.80 0.21
235.4867 -19.6788 4.75 1.57
235.5059 0.4570 7.23 0.24
235.5074 -64.1803 6.53 1.52
235.5545 7.8233 7.33 0.58
235.6072 -49.2176 6.95 1.62
235.6551 -49.4896 6.02 1.31
235.6580 45.7621 7.01 0.37
235.6597 -37.4249 5.23 0.99
235.6671 -32.1860 7.48 -0.05
235.6692 31.7088 6.71 1.36
235.6709 -34.7104 4.75 -0.15
235.6857 26.2956 3.81 0.02
235.6931 -16.0137 7.05 0.52
235.7116 52.3609 5.48 -0.04
235.7152 6.8839 7.09 1.16
235.7269 4.1020 7.41 0.60
235.7427 -58.1147 7.49 1.23
235.7629 -10.9335 7.20 0.48
235.7864 -13.0563 6.64 0.54
235.7939 13.6677 6.48 0.87
235.7982 -25.4156 7.11 0.41
235.8098 31.3846 7.26 0.46
235.8174 -84.4653 5.57 0.12
235.8429 11.7110 6.94 1.51
235.8536 -15.0432 6.30 1.12
235.8598 -30.5350 7.44 0.09
235.8628 82.9473 7.45 0.24
235.8878 22.9205 7.22 0.52
235.9181 -57.4520 7.24 0.41
235.9433 2.4399 7.16 1.04
235.9803 -60.2872 6.46 1.02
235.9881 -16.8692 7.28 1.45
235.9971 32.5158 5.57 1.08
236.0076 2.5152 5.86 0.68
236.0145 77.7945 4.29 0.04
236.0151 -51.9047 7.23 -0.02
236.0171 -31.6033 6.62 0.96
236.0183 -15.6728 5.41 0.24
236.0248 24.4604 7.32 0.21
236.0297 -30.7114 7.42 1.52
236.0432 -50.2157 6.83 0.35
236.0670 6.4256 2.63 1.17
236.0676 -56.1654 7.06 -0.01
236.0906 52.9836 7.36 0.62
236.0945 -41.8191 5.93 -0.01
236.1223 16.5104 7.48 1.51
236.1259 3.3700 7.26 0.41
236.1521 80.9322 6.85 1.50
236.1523 11.4221 7.47 1.09
236.1753 58.4336 7.36 0.38
236.1756 17.2642 6.15 0.00
236.1906 68.6800 7.23 0.17
236.2008 16.7374 6.99 1.20
236.2327 21.4444 7.49 0.45
236.2483 -50.7855 6.41 0.16
236.2732 -61.2979 7.09 0.40
236.3478 5.4473 5.57 0.04
236.3649 -65.7497 6.87 1.34
236.3652 -6.1453 7.26 1.06
236.4146 0.8910 6.32 1.20
236.4289 -22.7533 6.72 1.31
236.4433 -30.0415 6.88 1.18
236.5235 -1.8042 5.39 -0.04
236.5469 15.4218 3.65 0.07
236.5536 -28.0615 6.49 0.33
236.5569 42.4684 7.35 0.91
236.5572 6.1112 7.31 1.43
236.5788 -57.8125 7.07 1.42
236.6000 15.5267 6.70 0.22
236.6109 7.3531 4.42 0.60
236.6451 55.4748 5.94 1.40
236.6666 62.5996 5.19 0.06
236.6682 -48.7368 6.76 -0.02
236.6809 9.7863 7.04 0.20
236.6842 -34.6825 5.61 -0.12
236.6893 -6.1204 6.24 1.17
236.6974 -52.1462 7.08 -0.03
236.7123 -58.1252 6.83 0.20
236.7243 46.9863 7.21 0.77
236.7482 69.4775 7.50 0.14
236.7506 -62.7966 7.10 0.50
236.7686 -35.5103 6.82 0.02
236.7757 -35.5180 7.34 0.01
236.8036 -42.2047 7.38 0.66
236.8212 -0.2699 6.94 0.51
236.8222 14.1153 5.71 0.09
236.8452 44.5988 7.30 1.24
236.8564 -40.1942 6.41 0.88
236.8619 1.5460 6.53 1.16
236.8715 -37.9163 6.01 0.71
236.8831 59.5686 6.53 1.39
236.9080 55.3766 5.85 0.25
236.9088 -9.4804 7.00 0.47
236.9199 28.4695 7.43 0.47
236.9377 33.0120 7.04 1.19
236.9432 45.7329 6.76 1.19
236.9513 4.2983 7.19 1.17
236.9712 -65.4423 5.54 0.23
236.9852 -25.9870 6.98 0.16
237.0061 -37.6755 7.47 0.38
237.0075 31.7356 6.41 1.52
237.0137 -25.2156 7.15 0.13
237.0272 -50.5898 6.70 0.47
237.0394 1.5717 7.44 0.80
237.0554 13.7891 5.98 1.27
237.0802 -44.3518 7.01 0.15
237.1041 -13.4993 6.94 1.35
237.1110 -23.8341 6.71 0.13
237.1200 22.4155 6.85 1.23
237.1434 28.1567 5.89 0.61
237.1772 83.6197 7.00 0.53
237.1849 18.1416 4.09 1.62
237.2101 -52.4383 6.05 1.39
237.2103 12.7236 6.79 0.02
237.2200 -1.0013 6.81 1.59
237.2358 -60.3676 6.65 0.42
237.2367 -3.8185 5.53 0.12
237.3070 -52.2158 7.30 1.70
237.3120 -41.7913 7.40 -0.01
237.3198 56.2364 7.28 1.31
237.3916 12.5587 6.69 0.98
237.3986 26.0684 4.59 0.79
237.4050 -3.4302 3.54 -0.04
237.4296 -32.8083 7.47 0.01
237.4650 2.5007 7.15 0.33
237.4679 -17.9019 6.82 0.41
237.4896 -48.9124 5.86 0.07
237.4906 -3.9212 7.11 0.10
237.5296 -53.2098 5.78 -0.08
237.5334 64.7997 7.21 0.04
237.5494 5.9548 7.11 0.15
237.5679 -45.4017 6.11 0.30
237.5728 -49.0405 6.89 1.11
237.5731 2.1965 5.21 1.02
237.6453 -26.2896 6.58 1.51
237.6660 -23.2582 7.46 0.49
237.7040 4.4777 3.71 0.15
237.7154 37.5535 7.50 1.14
237.7386 42.5654 7.39 0.49
237.7397 -33.6272 3.97 -0.04
237.7448 -25.7513 4.63 -0.07
237.7784 -55.0555 5.74 0.02
237.7920 52.9070 6.74 0.14
237.8081 35.6574 4.79 1.00
237.8150 -3.0905 5.09 0.14
237.8163 20.9779 4.74 1.53
237.8683 57.1422 7.37 1.38
237.8723 25.3041 7.49 1.08
237.8810 -47.0608 6.00 1.15
237.8838 -32.6861 7.00 0.99
237.8966 -37.4373 7.18 1.42
237.9086 -18.9395 7.30 1.16
237.9100 -14.1336 6.20 1.01
237.9874 -12.5375 7.48 0.63
238.0023 15.2359 7.31 0.61
238.0068 -45.5052 7.49 -0.04
238.0094 29.8817 7.37 1.50
238.0534 -29.8866 6.39 0.99
238.0549 -45.2844 6.55 0.89
238.0690 55.8267 5.81 0.97
238.0731 -18.4361 7.25 0.63
238.1502 -67.6396 7.00 0.24
238.1685 42.4515 4.60 0.56
238.1778 -54.2417 7.32 1.65
238.2138 -50.6158 6.63 1.53
238.2295 -59.0616 7.06 0.53
238.2338 17.4032 6.29 1.24
238.2345 15.4307 7.46 1.04
238.2363 -65.1525 6.54 0.19
238.2854 46.0401 7.25 0.96
238.3004 13.1966 6.07 0.60
238.3100 12.3531 7.36 1.03
238.3336 -20.1670 5.04 -0.01
238.3444 -3.0292 7.40 0.47
238.3456 -62.6066 6.22 1.47
238.3709 65.2883 6.73 0.93
238.3953 16.0749 6.21 0.41
238.4023 68.7201 6.76 0.54
238.4030 -25.3271 4.59 -0.07
238.4564 -16.7293 4.13 1.00
238.4746 -24.5332 5.38 -0.01
238.4828 -23.9781 5.41 -0.03
238.5574 -11.0902 7.01 1.24
238.5607 -53.5829 7.20 0.41
238.6066 5.2941 6.87 1.04
238.6255 -27.3386 6.15 -0.07
238.6316 -51.2377 7.43 0.01
238.6442 20.3110 5.45 1.59
238.6577 43.1386 5.35 1.65
238.6647 -25.2437 5.87 -0.07
238.6678 8.5803 6.28 0.17
238.6733 -22.7663 6.86 0.04
238.7193 -60.7437 6.14 0.12
238.7343 -53.4839 7.11 0.01
238.7369 34.3625 7.12 0.16
238.7515 -19.3829 5.95 -0.01
238.7545 75.5743 6.88 0.83
238.7862 -63.4307 2.83 0.32
238.8165 -42.6051 6.68 0.40
238.8343 -43.3917 6.92 0.20
238.8400 9.2234 6.90 1.05
238.8454 -44.5260 6.97 -0.01
238.8699 -77.7323 7.34 0.99
238.8734 -68.6030 5.11 1.11
238.8753 -26.2660 5.63 0.14
238.8772 -31.0836 6.21 1.37
238.8775 42.5662 5.73 -0.10
238.8850 -60.1776 5.78 0.35
238.9161 18.6207 6.26 -0.09
238.9206 72.3920 7.24 1.03
238.9247 -26.7472 7.33 0.50
238.9261 -8.6476 6.94 1.08
238.9295 -44.5324 6.83 -0.01
238.9483 37.9470 5.43 0.35
238.9568 58.9118 6.31 -0.03
238.9774 -2.1644 6.77 0.61
238.9852 -40.7865 7.41 1.09
239.0214 -40.7048 7.05 0.12
239.0247 -60.4825 5.76 0.09
239.0285 -39.8644 6.04 0.13
239.0504 10.2974 7.26 1.13
239.0584 -31.7859 6.29 0.46
239.0601 -14.3994 6.32 0.48
239.1132 15.6616 3.85 0.48
239.1391 -14.8294 6.11 0.24
239.1724 5.9111 7.38 1.11
239.1897 12.4779 6.94 0.41
239.2212 -29.2141 3.87 -0.20
239.2229 -33.9661 5.14 0.13
239.2255 -33.9643 5.59 0.07
239.2662 -48.1622 6.31 0.38
239.2710 -35.9276 6.91 0.12
239.2717 -16.0344 6.53 1.77
239.2859 -6.2966 7.19 0.17
239.3028 -21.4857 7.13 0.15
239.3070 -27.6426 7.29 0.45
239.3107 14.4145 5.54 1.14
239.3122 3.4053 7.30 0.26
239.3389 -36.1853 5.78 1.09
239.3743 39.6951 6.30 1.11
239.3969 26.8779 4.14 1.23
239.4186 -20.9831 5.84 0.01
239.4202 -60.2003 7.33 0.62
239.4479 54.7498 4.96 0.27
239.4533 -23.5273 6.77 -0.01
239.4973 -31.7289 7.03 -0.01
239.5474 -14.2794 4.95 -0.08
239.5879 70.8944 7.26 0.65
239.6000 -44.0808 6.72 0.17
239.6012 37.8275 7.33 0.40
239.6070 43.2137 7.42 0.18
239.6111 -13.4428 7.12 1.65
239.6197 4.7549 7.09 1.00
239.6282 36.0221 7.33 1.49
239.6283 -37.5039 6.31 1.01
239.6453 -24.8315 5.43 -0.09
239.6828 -60.7073 7.40 1.60
239.6864 30.0046 7.37 1.54
239.7130 -26.1141 2.89 -0.18
239.7405 36.6438 5.61 1.53
239.7423 -65.0376 5.74 -0.07
239.7683 49.8810 6.04 0.29
239.7746 29.4316 7.11 1.15
239.8346 -33.0122 6.97 0.03
239.8489 -58.7262 7.07 0.16
239.8650 -27.0163 7.02 1.10
239.8761 -41.7444 4.99 0.99
239.9000 -62.8150 7.05 1.61
239.9095 -29.6326 7.34 0.61
239.9221 -7.3021 6.64 0.09
239.9450 -6.1275 7.40 1.11
239.9584 -64.8541 6.89 1.77
239.9701 -31.1684 6.57 1.00
239.9756 -54.0209 6.10 -0.02
239.9794 -33.3853 6.83 0.04
239.9797 -78.0273 6.40 0.39
239.9910 -40.6531 6.51 1.50
240.0090 0.6236 7.20 1.64
240.0105 83.4041 7.35 0.87
240.0305 -38.3967 3.42 -0.21
240.0493 44.2795 6.78 1.17
240.0817 -16.5333 5.47 0.52
240.0834 -22.6217 2.29 -0.12
240.0880 67.6274 7.02 0.44
240.0913 -43.8228 7.40 1.19
240.1771 31.5682 6.61 1.09
240.1818 32.0395 7.07 1.20
240.1953 -72.4629 6.58 1.40
240.1954 -39.0885 6.67 0.25
240.1985 -8.4114 5.53 0.04
240.2131 4.4274 5.82 1.00
240.2238 -40.4355 6.21 0.01
240.2257 13.2716 7.05 0.53
240.2289 39.1775 6.74 0.13
240.2411 64.9500 7.06 0.11
240.2612 33.3035 5.39 0.61
240.2743 -21.1556 7.12 1.05
240.2770 -54.5779 6.12 0.26
240.2837 -24.2666 7.16 1.47
240.2947 -63.7765 6.42 0.57
240.3097 17.8184 5.10 0.99
240.3315 -31.8891 6.33 1.45
240.3555 -66.8486 7.36 1.44
240.3607 29.8511 4.98 -0.05
240.3860 47.1426 7.16 1.41
240.4216 -3.7634 6.87 0.40
240.4472 -34.6272 7.43 1.80
240.4730 58.5653 4.01 0.53
240.4811 -21.9804 7.19 0.09
240.4953 -37.5344 7.39 0.10
240.5088 40.0228 6.86 1.30
240.5187 -51.1208 6.38 -0.00
240.5202 -36.7439 6.99 0.01
240.5232 52.9159 5.93 1.50
240.5276 -0.8211 7.27 0.30
240.5432 -42.7002 6.91 0.50
240.5565 -22.6876 7.33 0.08
240.5669 -73.5154 6.68 0.24
240.5737 22.8045 4.82 0.07
240.6188 -56.8545 6.51 0.53
240.6212 -26.1480 7.50 1.60
240.6633 47.2404 6.52 1.16
240.6642 -29.1358 6.07 1.30
240.6800 -0.4124 7.45 1.02
240.6926 22.2385 7.03 0.15
240.6995 46.0367 4.72 -0.09
240.7164 -25.0143 7.03 0.18
240.7188 -62.5416 6.25 -0.01
240.7333 -43.4415 7.36 0.07
240.7452 -8.0482 7.12 0.43
240.7646 -5.8345 6.97 1.35
240.7794 -19.8407 7.31 0.26
240.7890 59.4107 6.19 1.58
240.8037 -49.2297 4.65 0.90
240.8172 -26.7171 6.96 0.51
240.8307 36.6318 5.79 0.59
240.8359 -25.8652 4.96 1.23
240.8508 -38.6025 4.90 -0.15
240.8808 76.7939 5.73 0.05
240.8840 -57.7751 4.63 0.25
240.8932 -32.0005 6.00 0.47
240.9150 11.4336 7.13 1.30
240.9226 -64.4650 7.44 1.15
240.9231 59.0896 6.81 0.99
240.9353 -60.4985 7.12 -0.05
240.9404 4.9868 6.07 0.96
240.9576 17.8028 6.75 1.20
240.9779 -24.7263 6.22 1.39
241.0015 73.1484 6.85 0.49
241.0156 25.2548 7.10 0.77
241.0258 -59.1762 6.40 1.37
241.0408 -9.9197 7.40 1.27
241.0562 34.1788 6.78 0.07
241.0743 -33.2137 6.10 0.34
241.0818 6.0113 7.14 1.24
241.0889 -53.7104 6.46 0.01
241.1080 -11.4494 7.44 0.75
241.1233 0.6722 6.81 0.45
241.1535 -37.8630 5.91 0.41
241.1726 -1.1601 7.28 0.98
241.1764 -37.8161 7.08 -0.01
241.1854 -39.4347 6.95 -0.08
241.2040 70.2617 6.85 0.13
241.2041 60.0447 7.41 1.17
241.2370 39.1565 6.66 0.73
241.2621 -18.5395 6.74 0.47
241.2854 -3.5276 6.87 0.18
241.3146 -56.3399 7.22 1.89
241.3263 -55.8112 7.49 0.84
241.3493 -31.4569 7.07 0.25
241.3593 -19.8055 2.56 -0.07
241.3607 -19.8019 4.90 -0.02
241.4081 8.0962 6.27 0.08
241.4079 21.8929 7.23 0.59
241.4186 -20.4501 7.39 1.04
241.4357 -6.2911 6.35 0.41
241.4380 32.2478 6.71 1.52
241.4533 36.5282 7.39 0.87
241.4678 9.9360 6.93 0.04
241.4828 -72.4009 5.70 1.17
241.4992 -6.1398 6.39 1.03
241.5118 13.3209 6.80 0.99
241.5241 64.6873 7.08 1.23
241.5266 -23.6063 5.90 -0.07
241.5573 -0.3665 7.41 1.00
241.5607 1.7110 7.41 0.98
241.5821 67.8101 5.44 -0.02
241.5963 5.4127 7.39 0.44
241.6226 -45.1732 4.73 0.23
241.6289 -40.4502 7.22 0.73
241.6481 -36.8023 4.22 -0.18
241.6878 -64.5616 7.11 1.30
241.7018 -20.6692 3.93 -0.05
241.7482 47.5050 6.65 -0.03
241.7546 -3.8778 7.43 1.69
241.7641 -14.0713 6.32 0.66
241.8008 -76.2559 7.45 1.14
241.8051 -45.3462 7.38 1.42
241.8064 -42.0696 7.18 1.59
241.8175 -36.7557 5.72 0.30
241.8424 21.8226 6.15 1.36
241.8504 -56.1910 6.16 0.56
241.8514 -20.8688 4.31 0.83
241.8547 -48.4224 6.61 0.15
241.8570 13.3365 7.32 0.34
241.8948 -36.7197 6.64 1.12
241.9017 -12.7454 5.75 0.02
241.9064 9.8917 5.63 0.20
241.9336 -46.5253 7.07 0.04
241.9544 12.3735 7.29 0.95
241.9662 -24.4623 6.32 -0.04
241.9914 -71.9446 7.01 0.27
241.9975 45.3803 7.01 1.02
242.0183 -36.2318 6.75 -0.06
242.0189 17.0470 5.00 0.93
242.0206 17.0544 6.25 1.14
242.0213 -58.9708 6.74 0.22
242.0238 10.0804 6.74 0.17
242.0297 -18.2431 7.02 0.56
242.0299 -27.7304 7.19 1.61
242.0316 -26.3267 5.35 1.64
242.0452 -53.0790 6.86 1.99
242.0489 -77.2890 7.45 -0.04
242.0704 -51.6361 7.44 1.56
242.1126 -77.2388 7.30 1.12
242.1135 -10.1023 6.69 0.51
242.1170 8.5343 5.69 1.57
242.1374 -62.9819 6.88 -0.06
242.1429 -39.1051 7.00 0.19
242.1440 -39.0929 6.65 -0.07
242.1521 8.6132 6.47 1.42
242.1822 -23.6854 5.86 0.02
242.1924 44.9349 4.23 -0.04
242.1943 17.2056 6.13 -0.00
242.2124 -61.8006 7.29 1.64
242.2429 36.4909 4.73 1.01
242.2453 3.4545 5.93 1.47
242.2589 -9.6478 7.25 0.35
242.2621 57.9379 6.33 0.03
242.2877 -56.0579 6.51 1.39
242.2890 50.1809 6.86 1.03
242.2967 6.3787 5.93 0.99
242.2963 -32.1003 7.45 0.51
242.3071 -71.0696 7.23 0.71
242.3230 41.0952 6.69 0.53
242.3273 -57.9343 5.57 -0.02
242.3480 63.4076 6.86 0.12
242.3583 55.8290 6.43 1.08
242.3610 11.5745 7.45 0.60
242.3665 11.7479 7.04 0.39
242.3823 -32.6490 6.18 0.79
242.4225 0.8198 6.68 1.36
242.4286 -56.4451 7.11 0.86
242.4605 -3.4667 5.39 1.45
242.4691 -33.5458 5.50 -0.07
242.4725 -12.8857 7.47 1.13
242.4803 -18.3406 6.43 0.45
242.4847 59.8718 6.76 0.07
242.4966 -62.9672 6.50 0.23
242.5023 -35.6426 7.16 0.60
242.5163 26.7428 6.57 1.04
242.5270 25.4878 7.41 0.94
242.5412 -24.5824 6.64 0.02
242.5440 -40.1288 7.07 0.14
242.5512 1.6011 6.61 0.96
242.5663 -26.9091 6.59 0.07
242.5670 48.6114 7.40 0.95
242.5829 -22.1570 7.05 0.14
242.6012 43.8176 6.61 0.88
242.6121 -62.9229 7.45 -0.00
242.7064 75.8776 5.48 -0.09
242.7251 30.9854 7.42 0.71
242.7470 43.0550 7.36 1.07
242.7587 -29.4162 5.09 1.13
242.8238 -41.1198 5.86 0.27
242.8284 -45.3334 6.65 0.48
242.8697 16.6657 6.09 0.02
242.8740 9.7120 6.52 0.27
242.8897 -27.1509 6.95 0.12
242.9085 23.4948 5.74 1.52
242.9150 33.3428 6.30 1.23
242.9483 42.3746 5.89 1.46
242.9502 36.4251 5.62 1.35
242.9914 -54.3529 6.53 0.02
242.9989 -19.4607 4.00 0.08
243.0000 -10.0643 4.93 0.09
243.0102 -18.2326 7.41 0.62
243.0273 39.0555 6.39 1.26
243.0305 -8.5476 5.43 0.12
243.0668 -28.4173 5.67 0.01
243.0730 32.6554 7.35 1.04
243.0759 -27.9264 4.58 -0.17
243.0925 -61.9290 7.02 0.02
243.1057 67.1442 6.21 0.99
243.1340 75.2107 6.36 1.28
243.1894 26.6706 6.48 0.39
243.1904 -1.7219 7.48 -0.12
243.2125 32.5992 7.50 1.12
243.2143 19.1015 7.08 1.49
243.2358 -4.2208 6.26 0.13
243.2407 12.8007 7.01 0.23
243.2832 21.5662 6.69 0.18
243.2964 -15.1170 7.32 1.69
243.2994 -49.8847 6.83 0.15
243.3012 -34.3069 7.39 1.79
243.3039 38.0724 7.08 0.36
243.3143 5.0211 5.46 1.47
243.3207 -53.6712 6.03 1.97
243.3269 13.5269 6.68 0.76
243.3448 -55.5409 5.78 0.36
243.3555 35.1989 7.49 1.36
243.3567 -4.0516 6.96 0.30
243.3652 39.8244 7.14 1.26
243.3667 -64.9857 7.46 -0.05
243.3697 -54.6305 4.95 1.02
243.4108 -1.4751 6.45 1.00
243.4181 -21.4000 6.68 0.62
243.4393 -8.1180 6.84 1.07
243.4396 -24.4221 6.40 0.04
243.4604 6.9939 7.41 0.17
243.4621 -11.8377 5.24 1.39
243.5227 -58.0390 7.04 1.29
243.5270 -4.1585 7.40 0.13
243.5325 -48.9328 6.75 1.29
243.5498 -31.6637 6.55 0.65
243.5567 5.9018 6.30 1.15
243.5690 -10.4145 7.28 0.49
243.5864 -3.6943 2.73 1.58
243.5922 2.6472 6.93 0.54
243.5932 -33.0111 5.91 1.02
243.6204 -21.1076 6.41 0.00
243.6394 73.3949 6.02 0.06
243.6635 -18.5356 6.32 1.08
243.6703 33.8586 5.23 0.60
243.6760 7.8582 6.59 1.30
243.6998 18.2166 7.46 1.00
243.7222 -22.3803 7.38 0.07
243.7226 -25.4770 6.06 0.03
243.7407 -39.6278 7.16 0.02
243.8124 34.7132 7.25 1.05
243.8139 -47.3720 5.13 -0.11
243.8498 -42.8994 6.14 1.11
243.8595 -63.6857 3.86 1.10
243.8693 18.8081 5.72 1.13
243.8886 -12.6800 7.48 0.15
243.9053 -8.3694 5.49 0.65
243.9470 53.2367 6.95 0.40
243.9472 27.4221 6.14 1.33
243.9575 -57.9124 5.61 0.14
243.9613 36.5545 7.00 1.33
243.9646 -14.8491 6.09 0.10
243.9994 11.4253 7.26 0.99
244.0375 -43.1255 6.92 1.20
244.0697 23.1227 6.57 0.99
244.0817 -1.6481 7.07 0.52
244.0997 8.0360 7.47 0.96
244.1112 -24.2819 6.70 0.15
244.1803 -53.8111 5.45 1.70
244.1866 29.1503 5.80 0.06
244.1936 40.0384 6.76 1.53
244.2011 -5.4968 7.20 0.26
244.2304 -3.9533 6.18 0.33
244.2399 18.8460 7.44 1.54
244.2449 -21.3041 6.61 0.01
244.2453 -80.8003 7.15 1.04
244.2456 -53.6962 6.40 0.79
244.2467 -20.1041 6.40 1.27
244.2539 -50.0681 4.97 0.79
244.2727 -67.9413 5.95 0.16
244.3058 -70.9913 7.08 0.08
244.3139 59.7550 5.37 1.55
244.3372 -53.0864 6.30 0.27
244.3769 75.7553 4.95 0.39
244.4307 1.4967 6.50 1.13
244.4393 -4.0367 7.21 0.51
244.4415 31.8044 6.84 0.60
244.4582 -13.3725 7.24 1.11
244.4635 35.6996 7.46 0.14
244.4648 23.6073 7.20 1.47
244.4989 -13.4447 7.36 0.35
244.5050 6.0786 7.28 1.03
244.5243 62.4233 7.33 1.08
244.5245 34.4828 7.50 0.63
244.5408 68.5545 6.39 1.34
244.5589 -34.9147 7.10 1.70
244.5673 -28.0417 7.07 -0.02
244.5728 -46.4498 7.48 1.79
244.5746 -28.6140 4.80 0.01
244.5804 -4.6925 3.23 0.97
244.5981 -73.0434 6.58 0.01
244.5986 25.8967 6.70 0.88
244.6089 -58.3929 7.22 1.24
244.6130 -17.3877 7.36 0.41
244.6361 77.5487 7.48 1.48
244.7160 -57.8998 6.54 0.93
244.7517 -14.8728 5.97 1.48
244.7524 37.7657 7.22 1.13
244.7610 -49.4064 7.28 0.03
244.7822 -20.2181 6.29 1.07
244.7892 -6.8763 6.88 1.09
244.7967 49.0382 5.93 1.37
244.8217 -35.4909 6.63 0.38
244.8235 -42.6740 5.44 0.10
244.8367 -54.5136 7.09 0.64
244.8813 -30.9019 7.29 0.58
244.8864 -30.9067 5.53 0.47
244.8963 -18.8280 7.06 0.26
244.9352 46.3134 3.91 -0.15
244.9382 19.8335 7.49 1.26
244.9554 76.1431 7.05 0.20
244.9603 -50.1555 4.01 1.08
244.9683 83.6973 7.13 0.18
244.9799 39.7086 5.48 0.41
245.0020 -64.6488 6.70 0.00
245.0178 21.1326 6.04 0.94
245.0229 -20.0564 7.36 0.16
245.0609 -39.6300 6.89 1.01
245.0715 -74.3059 7.28 1.01
245.0759 36.9756 6.57 1.53
245.0868 -78.6957 4.68 1.68
245.1024 52.0390 6.63 0.09
245.1052 -55.1397 5.76 0.97
245.1119 -78.6675 5.27 1.41
245.1176 -12.9110 6.56 0.39
245.1359 -39.4303 6.11 -0.08
245.1420 -68.5366 7.20 -0.05
245.1591 -24.1693 4.55 0.76
245.1804 -21.8407 6.80 1.70
245.2946 22.2398 6.91 1.26
245.2971 -25.5928 2.90 0.30
245.3300 -23.7080 7.04 0.14
245.3583 -33.3013 7.39 0.47
245.3627 -48.1886 6.51 -0.05
245.3930 -33.2345 7.36 1.47
245.3953 0.0768 6.85 1.11
245.4039 -51.7511 6.87 1.25
245.4062 -71.8739 6.71 0.02
245.4118 70.4976 7.32 1.07
245.4407 -42.0037 7.44 0.32
245.4530 69.1094 5.26 1.11
245.4666 21.8122 7.09 1.23
245.4772 13.4553 7.39 1.33
245.4774 -55.5516 7.00 0.17
245.4801 19.1531 3.74 0.30
245.5181 1.0290 4.82 0.34
245.5243 30.8920 4.86 0.97
245.5627 2.8754 7.24 1.35
245.5725 -8.7416 7.34 0.31
245.5804 3.0850 7.32 0.43
245.5893 33.7991 5.20 1.63
245.5925 -80.7458 7.04 0.43
245.6167 -49.5724 5.32 -0.05
245.6211 -43.9121 5.89 1.12
245.6217 33.7035 5.40 1.52
245.6363 -4.2492 7.34 0.72
245.6419 76.4451 7.43 1.55
245.6621 -2.0799 6.24 0.06
245.6958 -62.5693 7.29 0.94
245.7233 -17.0191 6.87 0.37
245.7257 -75.9747 6.86 1.55
245.7284 -66.8873 6.75 -0.07
245.7354 32.3330 6.41 0.08
245.7477 -7.2089 7.47 1.74
245.7691 19.5060 7.39 0.20
245.7747 -0.8562 7.46 0.36
245.7795 50.3442 7.42 0.52
245.7818 -37.4246 6.77 1.27
245.7974 -34.9250 7.17 0.38
245.8234 35.6118 7.19 0.91
245.9164 -41.0741 7.39 1.66
245.9466 61.6965 5.67 0.96
245.9819 28.3840 7.48 1.09
245.9863 -33.1994 6.45 0.01
245.9979 61.5142 2.73 0.91
246.0042 -58.6057 7.17 0.28
246.0053 -39.1930 5.37 0.62
246.0186 -70.1453 7.05 1.02
246.0258 -20.0373 4.48 1.00
246.0451 6.9482 5.83 0.02
246.0727 55.3320 6.93 0.57
246.1006 10.2543 6.93 1.56
246.1056 55.2051 5.75 0.00
246.1100 52.2894 6.84 0.01
246.1268 -27.1511 7.47 0.17
246.1323 -37.5660 5.42 -0.10
246.1644 -2.4881 7.21 0.43
246.1657 -29.7047 5.40 0.62
246.1822 -34.8938 7.01 0.12
246.2003 44.6899 7.17 0.48
246.2256 -45.3495 6.32 0.19
246.2511 51.7166 7.35 0.24
246.3160 19.2397 7.00 1.62
246.3234 -49.1479 7.33 0.30
246.3349 67.0724 7.18 1.08
246.3423 -63.1252 6.14 0.03
246.3507 37.3941 5.53 0.17
246.3512 -23.4602 6.75 0.27
246.3540 14.0333 4.57 0.00
246.3717 71.3846 7.09 0.62
246.3834 51.1385 7.23 0.36
246.3962 -23.4052 7.27 0.32
246.3963 -23.4472 4.57 0.23
246.4023 -32.0767 7.40 0.42
246.4196 9.3706 6.73 1.44
246.4311 78.9639 5.55 0.25
246.5474 11.4075 6.11 1.06
246.5523 8.5128 7.05 1.06
246.5822 -45.7914 7.50 1.65
246.5883 2.5078 6.66 0.09
246.5895 40.8095 6.90 1.10
246.6044 15.0943 7.29 1.11
246.6335 47.9576 6.51 1.06
246.6634 15.9726 6.70 0.65
246.6717 9.2729 6.66 1.18
246.6803 10.9905 6.68 1.61
246.7044 -71.7682 7.27 1.05
246.7062 16.1717 7.39 1.03
246.7077 -48.0443 7.20 -0.04
246.7086 2.3479 6.06 0.92
246.7534 -82.5599 6.80 1.05
246.7560 -18.4563 4.22 0.22
246.7569 -17.7687 7.22 0.51
246.7872 -58.1216 7.25 1.01
246.7960 -47.5548 4.46 -0.07
246.8732 -69.3260 6.68 -0.02
246.8737 -29.2883 7.01 0.08
246.8845 2.8706 6.35 1.64
246.8911 47.3417 7.32 1.31
246.9311 -7.5979 5.24 1.72
246.9434 -81.9614 7.28 1.09
246.9508 -8.3717 4.62 0.18
246.9710 -69.8614 7.22 -0.03
246.9777 25.9844 6.88 0.10
246.9888 -64.0579 5.28 0.38
246.9904 32.6995 6.87 1.07
246.9960 68.7681 4.94 -0.05
246.9963 -46.2508 7.00 1.54
247.0052 51.5921 7.30 1.02
247.0603 -37.1799 5.79 1.10
247.0629 -25.4540 6.97 0.19
247.0632 -58.5998 5.67 0.01
247.0669 -16.2122 7.19 0.44
247.0881 67.0440 6.45 1.52
247.1007 15.4313 7.33 0.99
247.1163 -70.0844 4.90 0.56
247.1173 -13.3996 6.89 0.95
247.1326 29.0757 7.24 0.12
247.1416 0.6650 5.41 1.46
247.1429 1.5869 6.93 0.99
247.1579 19.0186 7.25 0.92
247.1606 41.8817 4.83 1.29
247.1763 0.0549 6.46 1.38
247.1810 51.4077 6.31 1.05
247.1897 -17.9850 7.18 0.27
247.2040 -8.1288 6.49 0.41
247.2079 -44.8126 7.32 0.13
247.2195 18.4141 6.98 0.85
247.2438 22.8949 7.50 0.96
247.3129 -71.1240 7.25 0.45
247.3519 -26.4320 1.06 1.86
247.3572 -13.5704 7.09 1.56
247.4264 -46.2432 5.35 0.49
247.4379 35.2019 7.44 1.06
247.4384 -57.7563 6.09 1.46
247.4446 7.7489 6.85 1.13
247.4455 -14.5509 5.66 0.82
247.4519 -11.1295 6.90 0.17
247.4630 5.9708 6.90 0.43
247.4807 -75.2061 7.35 1.27
247.4967 -25.1478 7.34 0.24
247.5252 48.9611 6.44 0.03
247.5422 15.1283 7.47 0.35
247.5520 -25.1152 4.79 -0.12
247.5550 21.4896 2.78 0.95
247.5624 47.9524 6.98 0.58
247.5653 -27.9163 6.89 0.08
247.5657 -52.4408 7.08 0.02
247.6068 -10.4414 7.47 0.61
247.6186 4.1782 7.27 0.55
247.6239 33.7509 6.97 0.99
247.6251 -7.5145 6.46 0.37
247.6398 20.4792 5.24 1.27
247.6626 77.4465 6.35 0.99
247.7057 -61.6335 5.19 1.24
247.7284 1.9839 3.82 0.02
247.7301 30.9409 7.17 0.57
247.7616 35.2251 6.25 1.64
247.7849 -16.6127 4.29 0.92
247.7948 -34.3328 6.94 0.96
247.8060 22.1955 5.76 1.60
247.8222 79.7898 7.01 0.61
247.8258 -7.9209 7.32 0.50
247.8382 1.3088 6.79 1.39
247.8452 -26.5376 6.07 1.08
247.8456 -34.7044 4.24 -0.17
247.8678 72.6123 6.27 1.29
247.8754 -39.0123 7.24 0.86
247.8774 33.5137 7.09 0.10
247.8776 8.2941 6.97 0.90
247.9106 5.4337 7.50 0.36
247.9240 -41.8171 5.31 0.30
247.9358 -64.4734 6.61 -0.04
247.9468 45.5983 5.61 0.12
247.9498 -7.0233 7.41 0.18
247.9637 -62.2902 7.24 -0.02
247.9853 9.4144 6.51 0.43
248.0043 -9.6960 7.28 0.50
248.0163 3.3621 7.29 0.24
248.0337 -12.4316 6.98 0.14
248.0342 -21.4664 4.45 0.13
248.0902 30.1237 7.41 1.43
248.1069 60.8233 5.92 0.04
248.1381 40.1134 7.30 0.80
248.1487 5.5212 5.63 -0.04
248.1512 11.4880 4.84 1.50
248.1589 -15.9875 7.02 0.54
248.1745 62.8549 7.36 0.33
248.2323 -10.5625 6.84 0.28
248.2363 50.1421 6.82 0.91
248.2747 -63.8422 7.37 0.57
248.3474 -4.2620 7.24 0.53
248.3641 -78.8971 3.86 0.92
248.3714 30.4991 6.87 0.24
248.3800 -12.5602 7.41 1.97
248.3918 10.3690 6.74 0.24
248.3952 -62.1216 6.94 1.04
248.3997 -53.2002 6.59 0.88
248.4210 -37.3829 7.47 0.21
248.4243 38.0911 6.59 0.44
248.4598 13.3947 6.92 1.13
248.4625 -46.5587 7.50 1.82
248.4683 -48.1112 6.73 0.32
248.4791 68.0130 7.13 1.40
248.4966 52.2380 6.84 1.01
248.5209 -44.0453 4.86 0.04
248.5253 -48.4615 6.92 0.26
248.5258 42.4370 4.20 -0.01
248.5435 -38.3903 7.47 0.75
248.5807 -70.9881 5.50 1.24
248.5961 -49.7698 7.39 0.78
248.6154 8.6740 6.85 1.11
248.6740 -66.0141 7.34 -0.09
248.6904 -49.3956 7.42 0.44
248.7531 60.4681 7.23 1.50
248.7823 -45.2444 6.43 1.35
248.8077 -35.7246 6.63 -0.05
248.8334 -53.6473 7.20 -0.07
248.8389 77.7552 6.89 0.64
248.8589 17.1008 7.27 0.09
248.8595 17.0573 6.42 0.06
248.9219 57.7811 7.43 0.21
248.9366 -65.4954 5.50 0.95
248.9557 -71.8943 6.52 0.02
248.9706 -28.2160 2.82 -0.21
249.0126 1.3814 7.25 0.52
249.0216 -51.2398 7.34 0.01
249.0467 46.6133 5.83 1.04
249.0476 52.9000 5.53 -0.06
249.0572 52.9244 5.07 -0.03
249.0894 -2.3246 5.77 0.83
249.0929 33.8218 6.95 1.09
249.0936 -35.2553 4.18 1.53
249.0940 -42.8589 5.46 0.34
249.1083 30.9417 7.10 0.56
249.1195 -40.3030 7.11 0.09
249.1308 -8.8540 6.88 0.56
249.1320 36.0399 7.06 1.55
249.1335 -67.0049 7.12 0.09
249.1657 -77.3455 7.31 0.38
249.1729 -35.9164 6.89 0.37
249.1789 15.4975 6.36 -0.06
249.1852 -66.9844 7.42 1.08
249.2152 7.1072 7.29 0.02
249.2247 22.8679 6.87 1.01
249.2291 63.0728 6.17 1.53
249.2384 -54.9852 7.20 1.47
249.2425 14.4753 7.04 -0.17
249.2610 -38.6762 7.36 0.01
249.2851 0.2543 7.09 0.83
249.2854 -52.3817 6.84 1.61
249.2897 -10.5671 2.54 0.04
249.3757 43.5647 7.28 0.09
249.3907 5.2775 6.48 1.15
249.4069 22.4449 7.15 1.43
249.4500 13.6870 6.30 0.43
249.4542 27.0438 6.96 1.67
249.4700 78.9187 6.33 1.14
249.4954 -58.6309 7.41 -0.05
249.4989 -46.1546 6.62 1.54
249.5019 56.0155 5.28 1.05
249.5065 -6.5380 6.05 0.17
249.5168 39.5772 6.74 1.15
249.5406 61.1723 6.91 1.55
249.5613 -46.9316 7.46 0.62
249.5674 29.6725 7.50 0.73
249.6063 -7.1530 7.47 1.61
249.6096 -43.3984 5.83 -0.05
249.6194 -18.2205 6.73 0.25
249.6289 -39.1523 6.93 -0.02
249.6356 48.8623 6.56 1.54
249.6397 -1.2315 6.73 1.27
249.6448 -18.8257 6.97 1.46
249.6760 -68.7209 7.23 -0.05
249.6869 48.9283 4.86 1.56
249.6989 -8.6186 6.44 1.81
249.7196 -60.9904 6.16 -0.07
249.7577 50.8298 7.03 1.04
249.7677 -58.2582 7.01 0.62
249.7718 -37.2174 5.93 -0.04
249.7873 38.3450 7.41 0.16
249.8149 -1.7579 7.50 1.48
249.8184 -29.9242 7.14 0.26
249.8415 22.0060 6.76 1.29
249.8586 29.2182 7.26 0.19
249.8967 -7.5123 7.46 0.39
249.9130 -9.5546 6.33 0.49
249.9304 -50.2128 7.28 1.00
249.9364 -56.9944 6.73 -0.06
249.9869 -47.7836 7.27 0.43
250.0075 -6.0813 6.72 0.55
250.0443 -28.9401 6.89 1.59
250.0511 17.7072 7.21 1.33
250.0539 -33.7436 6.55 1.21
250.1438 -20.4086 6.25 1.08
250.1465 4.2072 6.92 0.14
250.1549 56.1670 7.47 1.15
250.1577 -35.6872 6.64 0.17
250.1612 4.2198 5.77 -0.00
250.1771 72.6717 6.98 1.57
250.1850 -51.4783 6.30 0.32
250.1858 -48.7562 7.07 0.03
250.1975 -72.2996 6.53 0.80
250.2102 -60.4464 6.17 0.49
250.2139 12.3950 6.08 0.05
250.2297 64.5890 4.84 1.21
250.2304 -58.8688 7.35 0.39
250.2350 -8.3096 6.47 1.15
250.2524 24.8587 6.07 1.32
250.2691 36.2012 7.29 0.26
250.2733 -47.7461 7.23 0.02
250.2763 62.3080 7.16 0.12
250.2825 -11.8386 6.85 1.78
250.2842 -2.8573 7.21 0.63
250.2981 -1.0003 6.25 0.31
250.3197 1.2454 6.40 1.02
250.3217 31.6027 2.81 0.65
250.3278 -18.0595 6.68 0.17
250.3294 22.4367 7.19 0.99
250.3310 -48.7632 6.87 0.13
250.3351 -48.7630 5.57 0.17
250.3396 30.2731 7.50 0.46
250.3463 -68.2961 5.89 -0.08
250.3758 4.8718 6.96 0.16
250.3881 18.9215 7.34 1.46
250.3933 -17.7422 4.91 1.09
250.3948 30.8758 7.07 0.53
250.4008 -24.4680 6.07 0.21
250.4029 26.9169 5.92 0.40
250.4065 -27.8097 6.52 1.12
250.4176 -49.6516 5.62 -0.04
250.4270 1.1812 5.74 0.34
250.4394 -33.1458 5.84 0.65
250.4574 -45.3687 7.03 0.65
250.4737 -19.9244 5.55 0.44
250.4884 73.8874 6.82 0.22
250.6087 21.5929 7.21 0.14
250.6157 49.9364 6.48 0.54
250.6212 -37.0794 6.47 0.78
250.6475 -11.1746 7.38 0.23
250.6625 -61.7850 6.57 0.78
250.6680 -70.5805 7.40 -0.00
250.6944 -37.3425 7.16 0.78
250.6951 -62.3701 7.04 0.99
250.7018 -62.5539 6.23 1.52
250.7200 -79.0243 6.73 1.34
250.7240 38.9223 3.48 0.92
250.7377 15.6543 7.41 1.38
250.7435 55.6901 6.18 0.09
250.7620 3.4544 7.41 0.32
250.7649 -46.0703 6.22 0.82
250.7676 36.5096 6.86 1.54
250.7719 -77.5174 4.23 1.06
250.7757 77.5140 5.99 0.43
250.8112 12.8783 7.45 1.48
250.8422 -67.4324 6.02 0.04
250.8754 20.7161 7.19 0.57
250.8891 12.4186 7.21 1.33
250.9105 32.6923 7.34 1.09
250.9113 -32.1059 6.46 -0.08
250.9245 -0.7840 7.32 1.20
250.9349 -47.1057 7.06 -0.05
250.9404 -41.1192 6.21 0.14
250.9483 -38.1563 6.05 -0.05
250.9643 -26.8089 6.72 0.67
250.9654 34.0388 6.02 0.32
250.9753 -41.1133 6.14 -0.08
251.0200 -18.5412 7.45 1.61
251.0440 23.5175 6.87 0.56
251.0725 -27.4562 6.58 0.10
251.0739 -0.5567 7.41 0.18
251.1439 49.8629 7.22 0.30
251.1656 -53.1523 5.96 1.23
251.1767 2.3329 7.46 0.19
251.1775 -40.8397 5.64 -0.09
251.2499 6.0882 6.55 0.89
251.2508 -28.5097 5.99 0.10
251.2596 23.7177 7.32 0.99
251.2718 28.3579 7.14 0.54
251.2861 -23.1840 6.98 0.45
251.2977 -3.0849 6.95 1.79
251.2992 43.2172 6.07 1.42
251.3242 56.7819 4.84 0.38
251.3292 -30.8067 6.99 1.22
251.3438 15.7453 5.60 1.64
251.3736 1.0202 6.02 -0.01
251.3757 -19.1369 6.60 1.88
251.3983 -33.8505 7.11 0.56
251.4089 55.3139 6.96 0.38
251.4507 35.6308 7.33 0.51
251.4519 -26.6494 7.02 0.04
251.4579 8.5826 5.15 1.53
251.4661 46.0447 7.48 1.21
251.4736 -83.2399 6.58 1.57
251.4874 -67.7502 6.88 0.18
251.4873 -61.6635 6.83 0.10
251.4917 4.0418 7.12 0.41
251.4924 82.0373 4.21 0.90
251.5266 -46.5320 6.47 0.09
251.5884 -58.5036 5.74 -0.10
251.6425 -41.6107 7.07 0.18
251.6667 -67.1097 5.10 -0.08
251.6998 -39.3770 5.48 0.97
251.7139 -25.5286 6.72 1.18
251.7152 55.4100 7.34 1.35
251.7208 2.2425 6.72 0.36
251.7314 -68.1020 6.53 0.18
251.7570 -39.5339 6.92 -0.03
251.7692 67.2668 7.05 1.51
251.7906 2.0645 6.07 0.14
251.8163 63.5315 6.80 1.56
251.8319 -58.3414 5.55 -0.10
251.8323 42.2389 5.86 1.50
251.8448 69.0988 7.49 0.03
251.8553 -59.6694 7.40 0.01
251.8672 -48.3195 7.22 1.69
251.8764 -45.4605 7.41 0.00
251.8790 -47.5905 7.22 1.05
251.9073 37.5602 7.18 -0.03
251.9094 79.5037 6.83 1.27
251.9434 5.2467 5.22 -0.00
251.9557 -45.3903 7.22 0.03
252.0038 57.4893 7.06 0.95
252.0077 -15.9640 7.43 0.57
252.0231 -45.9449 6.69 0.38
252.0249 11.1324 7.42 0.96
252.0370 13.5903 6.38 0.88
252.0575 1.0905 7.18 0.26
252.0576 -24.5266 7.08 1.70
252.0693 57.8137 7.45 1.33
252.1008 17.1332 7.37 0.28
252.1027 -31.2037 6.82 -0.04
252.1124 -14.9094 6.03 0.19
252.1267 -61.4891 7.20 1.12
252.1573 -37.2520 7.39 0.47
252.1662 -69.0277 1.91 1.45
252.1728 35.9220 7.21 0.38
252.1803 -67.0832 6.90 1.56
252.2143 -4.5157 7.11 0.76
252.2240 -52.9408 6.74 0.02
252.2475 -47.7188 7.38 0.90
252.2516 12.8820 7.35 1.58
252.2676 34.9563 6.92 1.26
252.2725 48.2355 7.48 0.22
252.2900 12.9091 6.64 0.94
252.3092 45.9833 4.82 0.09
252.3137 29.9647 6.59 1.21
252.3475 52.9169 7.09 1.08
252.3568 0.8905 7.38 0.40
252.3653 -15.6680 6.18 0.23
252.3885 -31.6514 6.81 1.15
252.3944 13.2611 5.91 0.01
252.3957 -21.8523 7.28 1.94
252.4190 43.4304 6.18 1.26
252.4464 -59.0414 3.77 1.56
252.4510 -42.0017 7.16 0.12
252.4584 -10.7830 4.64 0.48
252.4882 15.3770 6.98 0.51
252.4922 9.4213 6.91 0.90
252.4975 46.6491 6.90 1.46
252.5170 26.2091 7.28 0.95
252.5412 -34.2932 2.29 1.14
252.5446 -26.7425 7.50 0.11
252.5808 7.2477 5.48 0.11
252.5927 -2.6544 6.32 0.40
252.6503 -50.0449 6.45 0.33
252.6504 41.8965 6.29 1.09
252.6623 29.8065 5.73 1.63
252.6798 32.5537 6.16 1.01
252.6897 -38.2564 7.24 -0.04
252.7312 -16.5469 7.04 0.25
252.7456 5.4890 7.40 0.14
252.7502 -37.5145 6.10 0.12
252.7628 9.8789 7.14 1.67
252.7809 9.4043 6.68 0.53
252.7836 18.0775 7.41 1.14
252.7996 15.7947 7.24 0.07
252.8476 50.7731 7.47 1.08
252.8539 1.2159 5.51 0.06
252.8645 28.1218 7.09 0.89
252.8905 -41.2305 5.23 0.05
252.9375 -73.7226 6.76 -0.03
252.9386 24.6564 5.03 1.25
252.9393 20.5741 6.88 1.13
252.9436 25.4002 7.10 0.35
252.9587 28.6664 6.62 0.48
252.9665 54.3310 7.25 1.21
252.9676 -38.0474 3.00 -0.20
252.9699 -49.1150 7.23 0.45
252.9745 -65.3755 6.12 -0.03
252.9793 67.9150 7.41 0.11
253.0202 14.9742 6.51 -0.03
253.0323 -2.7983 6.96 0.22
253.0375 -57.5803 7.14 -0.06
253.0670 -25.6006 6.91 0.06
253.0740 -67.6816 6.33 1.29
253.0802 -41.8545 6.36 0.26
253.0822 11.2419 7.04 1.61
253.0839 -38.0175 3.56 -0.21
253.1142 -40.7232 6.35 -0.14
253.1329 -42.9918 7.04 0.12
253.1347 -38.4361 7.48 0.16
253.1502 -37.5994 6.71 0.89
253.1714 18.0621 6.81 0.53
253.1828 76.8526 7.35 0.33
253.2299 75.3928 6.82 0.32
253.2419 31.7017 5.34 0.32
253.2450 -0.0264 6.65 0.75
253.2794 -30.4296 7.02 0.17
253.3058 10.8745 6.92 1.50
253.3232 47.4167 5.99 1.32
253.3551 -20.4156 5.86 0.69
253.3846 42.8249 6.81 0.63
253.4268 -43.0510 5.95 1.64
253.4407 21.1729 7.34 1.07
253.4571 -70.1710 7.23 -0.10
253.4584 -54.3634 7.45 1.29
253.4952 -41.9943 6.28 0.46
253.4989 -42.3620 4.70 0.44
253.5016 -57.9095 5.91 1.59
253.5020 10.1654 4.39 -0.09
253.5077 -41.8064 5.46 0.18
253.5078 60.3623 7.04 1.31
253.5106 -54.4383 6.93 0.01
253.5221 -41.0795 7.32 0.14
253.5419 -41.8250 6.07 0.13
253.5420 15.6235 7.20 0.49
253.5442 -1.6123 6.25 0.28
253.5783 46.5390 6.86 0.12
253.5789 43.4064 7.05 1.01
253.5821 -41.8199 6.61 0.15
253.5861 -25.8294 7.21 0.54
253.5966 -44.8919 7.41 0.39
253.6100 -33.4754 7.03 0.04
253.6123 -42.4789 5.84 0.63
253.6188 70.4640 6.99 0.09
253.6315 -49.7108 6.49 1.47
253.6384 -63.4556 7.44 1.63
253.6460 -42.3613 3.62 1.39
253.6487 -6.1540 5.23 1.10
253.6498 -30.5873 6.34 0.21
253.6676 -11.7925 6.57 0.14
253.6740 -43.5600 7.07 0.65
253.6925 62.0999 7.07 0.68
253.7117 -23.5124 6.76 0.94
253.7299 20.9585 5.39 0.97
253.7299 28.1371 7.32 0.33
253.7307 -40.5248 7.20 0.09
253.7429 -50.1892 7.35 1.10
253.7438 -41.1509 5.78 0.13
253.7544 -56.0483 7.50 1.13
253.7590 25.7307 6.06 0.92
253.7639 -42.0908 6.30 0.40
253.7755 -38.4132 7.25 -0.01
253.7830 -6.6510 6.82 1.31
253.7862 -31.4026 6.72 0.06
253.8166 13.6199 6.35 0.34
253.8424 18.4332 5.35 1.41
253.8452 -69.2798 7.25 -0.06
253.8528 -63.2697 5.99 0.06
253.8856 -21.5695 6.62 0.12
253.8935 -60.6774 7.22 1.28
253.8971 -43.3160 6.77 0.03
253.9076 -39.5050 7.28 1.81
253.9276 -59.4174 7.40 0.46
253.9427 67.4785 6.78 -0.03
253.9549 -6.1234 7.43 1.23
253.9640 77.9597 7.49 1.08
253.9906 -33.5069 6.29 1.75
254.0062 65.1348 4.88 0.48
254.0077 -16.8063 6.33 0.95
254.0190 47.3708 7.03 0.31
254.0268 50.0389 6.60 1.63
254.0369 -50.6748 6.30 -0.02
254.0390 -37.1881 7.41 1.05
254.0401 15.3837 6.58 1.24
254.0423 77.6527 6.72 -0.00
254.0604 -46.8494 7.45 0.06
254.0626 -40.6599 6.70 0.04
254.0697 -61.6406 6.78 0.05
254.0697 73.1279 6.29 0.26
254.0756 52.6984 7.09 0.05
254.0784 74.2826 7.09 0.49
254.0913 62.3699 6.90 0.13
254.0918 16.2853 7.24 0.25
254.1006 80.8596 6.64 1.00
254.1054 65.0391 6.40 0.38
254.1199 -52.2837 5.94 -0.07
254.1499 -40.8235 6.18 0.23
254.1577 -30.5801 6.97 1.17
254.1652 14.1403 6.77 0.94
254.2002 -23.1503 5.57 -0.02
254.2030 61.4751 7.32 1.09
254.2130 6.5013 7.33 1.60
254.2278 -40.5123 7.10 0.55
254.2544 -71.1116 6.46 0.26
254.2572 18.2338 7.49 1.01
254.2666 -19.5399 6.27 0.08
254.2783 14.6737 7.46 1.60
254.2966 -33.2595 5.48 1.61
254.3025 32.2336 7.50 1.12
254.3344 6.2113 6.73 1.52
254.3390 43.6837 7.49 0.96
254.3583 -10.9634 6.15 1.00
254.3747 -60.6001 6.52 -0.06
254.3794 25.3528 6.27 0.91
254.3835 13.8841 6.38 0.93
254.4099 -3.0167 7.46 0.38
254.4171 9.3750 3.19 1.16
254.4263 24.3813 6.35 1.09
254.4591 42.5125 6.36 1.28
254.4592 -39.1157 6.59 1.80
254.5396 -14.3725 7.16 1.56
254.5647 -65.2045 6.53 0.36
254.5695 -26.0590 7.44 1.57
254.5748 -50.6412 5.53 0.02
254.5823 -33.6091 7.16 0.77
254.6551 -55.9901 3.12 1.55
254.6580 15.4544 6.89 0.65
254.6729 -61.7416 7.26 0.43
254.6732 -14.8697 6.48 0.39
254.7177 -37.6205 6.05 0.18
254.7299 -39.1685 7.44 1.05
254.7607 69.1862 6.41 0.72
254.7732 -48.8751 6.64 0.35
254.7994 14.0793 7.35 0.40
254.8397 56.6886 6.04 1.17
254.8916 -69.2682 5.79 -0.10
254.8960 -53.1604 4.06 1.45
254.9346 -18.2483 6.63 0.57
254.9493 10.9155 7.08 1.50
254.9558 -4.2212 7.49 1.60
254.9587 58.4626 6.87 0.12
254.9634 17.8061 7.34 0.31
254.9705 27.3159 7.20 1.55
254.9780 -73.4225 6.72 -0.07
254.9783 -59.3297 7.18 0.47
254.9904 -25.0922 5.88 1.61
255.0143 53.0445 7.42 1.34
255.0188 78.0991 7.12 1.50
255.0226 39.1006 7.25 1.04
255.0262 -54.5972 5.64 0.19
255.0396 -24.9891 5.74 0.41
255.0418 34.3384 7.05 0.90
255.0594 -44.9885 6.50 0.40
255.0682 10.8228 7.38 0.59
255.0724 30.9264 3.92 -0.02
255.1124 -48.6478 5.98 0.88
255.1151 75.2252 6.98 0.41
255.1163 73.1942 7.38 1.30
255.1203 45.7788 7.48 0.52
255.1225 6.5837 6.57 0.23
255.1238 -21.4617 7.35 1.10
255.1322 -57.2971 6.99 0.58
255.1331 38.9083 7.35 1.02
255.1349 -45.4518 6.58 1.81
255.1541 -35.9341 5.95 1.16
255.2280 -76.2187 6.93 0.53
255.2422 22.6321 5.69 1.33
255.2435 -86.3643 6.05 0.04
255.2559 -29.6718 7.39 1.47
255.2612 16.5935 7.27 0.11
255.2650 -4.2226 4.82 1.48
255.2752 -42.0718 7.28 0.11
255.2793 -56.5551 6.40 0.10
255.2801 21.4972 7.24 0.33
255.2901 27.1965 6.57 0.43
255.2948 -13.5671 7.12 0.61
255.3042 -38.2033 7.46 0.13
255.3061 -7.0281 7.31 1.68
255.3091 52.6045 6.89 0.09
255.3120 -20.4367 7.36 0.10
255.3206 60.6488 6.16 1.01
255.3250 7.4286 6.78 1.24
255.3797 58.5563 7.28 0.52
255.3877 14.9497 6.27 0.03
255.3902 42.7271 7.23 0.88
255.3953 -6.7364 7.41 0.08
255.4015 33.5683 5.27 0.03
255.4170 75.2975 6.17 0.31
255.4431 -51.1310 6.43 0.28
255.4475 -58.9582 6.26 -0.12
255.4636 -18.8855 6.28 1.35
255.4693 -32.1435 5.03 -0.10
255.4957 8.4507 6.33 0.09
255.5657 64.6007 6.11 0.96
255.5666 49.5940 7.17 1.11
255.5713 31.8841 6.41 1.13
255.5779 25.5056 5.76 1.02
255.5942 -10.9521 7.46 1.50
255.6125 -72.6091 7.03 1.16
255.6177 -56.6797 7.46 0.58
255.6314 19.3861 7.24 0.14
255.6383 9.8202 7.02 0.23
255.6515 47.0819 6.76 0.73
255.6603 20.7256 7.11 1.68
255.6843 -54.5613 7.09 0.17
255.7188 -50.1604 6.89 0.26
255.7243 -38.4602 7.41 0.14
255.7687 -27.0978 7.39 1.32
255.7710 21.5622 7.47 0.95
255.7828 14.0919 4.97 1.60
255.7863 -53.2370 5.27 0.50
255.7935 14.5113 6.52 0.77
255.8050 -48.3368 6.75 1.24
255.8247 -31.6146 6.97 -0.07
255.8399 -23.1517 7.50 1.66
255.8425 -40.0879 7.36 0.33
255.8590 34.3835 6.68 1.23
255.8752 -24.2414 7.26 1.37
255.8759 35.4140 6.19 1.47
255.9138 13.6053 5.91 0.01
255.9227 -0.1460 6.70 0.19
255.9237 -47.1606 6.07 0.07
255.9622 -38.1526 5.91 0.41
255.9694 19.6905 6.35 1.52
255.9733 34.7902 6.08 0.20
255.9866 -37.8441 6.48 0.26
255.9918 13.5674 6.06 1.05
256.0034 -25.6980 6.66 -0.08
256.1030 -57.7122 5.73 -0.10
256.1152 -24.2403 7.30 1.06
256.1160 -28.5827 6.59 0.81
256.1159 -23.3905 7.08 1.01
256.1224 -17.4923 7.17 1.06
256.1231 -12.6762 6.91 1.20
256.1285 -43.3098 7.39 0.56
256.1342 31.4113 7.48 0.98
256.1389 -11.0885 6.91 1.51
256.1404 -68.2787 6.47 1.57
256.1723 19.5991 6.19 0.01
256.1813 -25.6454 6.60 0.26
256.1889 -20.4947 6.29 -0.04
256.1908 28.0911 7.24 1.10
256.1929 -31.3628 7.35 0.87
256.2056 -34.1229 4.83 0.26
256.2073 48.8040 6.11 1.09
256.2706 43.8122 6.45 0.10
256.2724 -45.5021 6.28 0.07
256.3201 0.7026 6.00 0.58
256.3287 -47.0690 7.08 0.53
256.3339 54.4700 4.91 0.47
256.3445 12.7408 4.89 0.12
256.3477 3.4386 7.31 0.33
256.3573 46.3558 7.34 1.11
256.3763 -22.0728 7.05 0.10
256.3844 -0.8921 5.63 0.10
256.3947 3.7675 7.40 1.66
256.4066 29.6232 7.36 0.18
256.4198 56.1353 7.10 1.12
256.4520 -44.1050 6.18 0.28
256.5006 75.1035 7.38 0.59
256.5015 7.8547 7.49 0.27
256.5027 -44.3727 7.39 0.06
256.5143 23.3221 7.20 1.01
256.5229 -26.5806 7.48 0.85
256.5302 8.6232 6.96 1.52
256.5402 9.7339 6.38 1.46
256.5492 -21.5646 6.29 0.13
256.5497 -60.4208 7.43 1.18
256.5544 10.4539 6.38 0.90
256.5672 15.2297 7.07 0.96
256.5752 22.0842 5.56 1.30
256.5841 -37.2276 5.98 0.08
256.6182 -35.4510 6.15 0.44
256.6227 -13.9349 7.47 0.50
256.6708 -36.0779 7.40 0.30
256.6733 35.3234 7.36 0.04
256.7207 -1.6562 6.34 0.21
256.7218 -26.5130 6.26 -0.04
256.7860 9.0089 7.28 0.03
256.7928 58.2688 7.22 1.12
256.7956 12.1260 7.47 0.45
256.8281 -76.2240 6.68 0.15
256.8433 48.3993 6.66 1.13
256.8625 -65.7475 6.85 0.40
256.8771 -59.6672 7.44 1.14
256.8966 -46.6797 6.89 0.26
256.9342 -31.0777 7.12 1.02
256.9445 40.5161 6.34 0.03
256.9518 55.7681 6.87 1.19
256.9587 -67.1880 7.38 0.08
256.9827 32.1055 7.21 0.56
256.9842 -24.9981 7.15 1.00
257.0029 31.2062 6.44 1.28
257.0086 35.9352 5.41 0.31
257.0234 -41.6147 7.00 0.22
257.0315 61.1596 6.72 0.53
257.0346 -48.8838 6.93 1.48
257.0569 -1.0795 6.06 0.07
257.0619 -17.6091 5.98 1.01
257.0655 16.0939 6.67 0.51
257.0712 50.8423 6.46 -0.02
257.0720 -41.0245 6.89 0.56
257.0888 28.2337 7.07 0.42
257.0892 4.4245 7.25 0.62
257.1235 72.1336 7.46 1.13
257.1320 35.0340 6.73 1.08
257.1398 24.4865 6.84 0.13
257.1967 65.7147 3.17 -0.12
257.1981 -30.4037 5.93 0.28
257.2272 -3.8830 6.35 0.70
257.2583 14.9611 7.07 1.35
257.2931 -68.8467 6.59 -0.05
257.3633 22.0918 7.03 0.54
257.3886 40.7770 5.07 1.27
257.3943 33.3559 7.28 0.55
257.3987 38.2935 7.37 0.47
257.4212 10.0387 7.00 0.56
257.4498 -10.5233 5.43 0.47
257.4652 -82.3186 7.17 -0.06
257.4712 -47.0314 6.90 0.33
257.4870 26.4554 6.95 1.15
257.5262 -61.6755 6.37 -0.05
257.5430 -60.7288 7.38 0.89
257.5622 -19.4363 6.93 0.02
257.5648 0.4816 6.82 0.94
257.5681 -75.3765 7.30 0.45
257.5772 40.6899 7.33 1.25
257.5858 84.5988 7.24 1.04
257.5868 -46.7384 6.73 0.29
257.5945 -15.7249 2.43 0.06
257.6277 52.4088 6.30 -0.03
257.6764 -44.5577 5.06 0.87
257.6809 -12.7012 6.71 0.18
257.6906 12.4670 6.58 0.09
257.6919 49.3468 7.49 1.59
257.7009 32.1789 7.24 0.94
257.7632 24.2377 6.20 0.23
257.7682 -20.6546 6.81 1.03
257.7851 56.6592 6.98 0.70
257.7891 -58.0255 6.77 1.29
257.8153 -56.6808 7.24 0.70
257.8205 24.2524 6.94 0.39
257.8209 -32.3252 7.06 2.40
257.8235 51.7544 7.13 0.12
257.8416 -20.4247 7.42 0.09
257.8441 4.6903 6.77 0.57
257.8574 -50.1191 7.45 0.04
257.9112 -48.8734 5.94 1.79
257.9160 45.3244 6.57 1.59
257.9178 49.7464 6.12 0.18
257.9345 -58.8150 7.25 0.04
257.9385 7.8948 6.34 1.04
257.9592 41.7301 6.75 1.34
257.9779 57.9676 7.14 0.46
257.9943 -14.6204 7.25 0.70
257.9974 14.4877 7.21 1.53
258.0253 21.2290 7.26 1.24
258.0383 -43.2392 3.32 0.44
258.0456 -27.0424 6.75 1.00
258.0567 -25.2552 6.52 -0.04
258.0610 -53.3761 7.30 1.60
258.0675 -39.5069 5.66 0.04
258.0690 -38.8225 6.30 1.05
258.0828 -70.7211 6.21 1.06
258.0956 43.7373 7.23 0.68
258.1044 -27.7621 6.12 -0.05
258.1159 10.5852 5.32 1.59
258.1357 62.8743 5.54 0.22
258.1429 -63.6854 6.92 0.01
258.1647 -21.6060 7.03 0.41
258.2264 0.3520 6.65 0.50
258.2274 -82.3881 7.41 0.33
258.2440 -32.4383 5.95 0.07
258.2466 -58.5970 6.82 0.39
258.2470 7.7494 6.87 0.38
258.2641 -54.8522 7.19 1.22
258.2761 54.1393 6.91 0.31
258.2846 24.9855 7.25 1.49
258.2893 -37.9524 6.59 0.34
258.3251 -67.1966 5.87 1.07
258.3634 38.9851 6.99 1.15
258.3845 -47.3194 7.10 0.03
258.4030 -15.5603 6.70 0.17
258.4135 21.4313 6.82 0.99
258.4712 -56.8006 6.98 0.45
258.4749 -38.2949 6.74 0.46
258.5084 -27.7966 6.68 0.58
258.5310 -65.9625 7.12 1.05
258.5440 12.0396 7.10 0.98
258.5559 -56.8885 6.08 1.73
258.5594 -26.9844 6.64 0.43
258.5672 -62.7344 7.14 -0.03
258.5836 14.5526 7.42 0.47
258.5933 -64.6310 7.47 1.10
258.6152 -39.7666 6.42 2.28
258.6395 26.0519 6.56 1.37
258.6422 63.3531 7.11 1.57
258.6619 14.3903 2.78 1.16
258.7381 19.6826 7.22 0.79
258.7580 24.8392 3.12 0.08
258.7618 36.8092 3.16 1.44
258.7829 17.8015 7.12 1.66
258.8103 67.3882 7.34 1.43
258.8302 -33.5484 5.60 -0.06
258.8345 -14.5841 5.98 1.10
258.8375 -26.6028 4.33 0.85
258.8430 -38.2130 6.71 -0.01
258.8944 -10.2975 7.33 0.46
258.8999 -38.5939 5.95 0.58
258.9086 34.7076 6.78 1.19
258.9212 -9.8088 6.93 0.80
258.9228 23.7428 5.99 1.33
258.9362 -51.0833 6.94 0.03
258.9573 41.6492 7.38 1.51
258.9615 -33.7370 6.54 -0.01
258.9640 -30.2107 6.20 -0.03
258.9954 27.1341 6.57 1.19
258.9958 -52.3079 7.44 1.39
259.0032 -87.5663 6.58 0.90
259.0204 60.7139 6.91 0.39
259.0550 71.7924 6.81 1.07
259.0558 -26.5461 6.33 1.14
259.0594 2.1862 6.17 0.23
259.0662 -15.2237 6.52 1.79
259.0733 -42.3390 6.75 0.13
259.0901 -35.7503 6.09 0.48
259.1154 -25.3054 7.14 1.19
259.1226 60.6706 6.32 1.09
259.1297 18.0197 7.11 -0.04
259.1322 1.2105 5.89 0.02
259.1487 -74.5330 6.24 -0.00
259.1500 52.7845 7.49 1.04
259.1529 -0.4453 4.72 1.12
259.1621 -60.9563 7.43 -0.03
259.1781 -6.2450 6.08 1.10
259.1843 -17.9147 7.38 1.12
259.2250 39.4685 7.48 0.48
259.2263 -30.3514 7.27 0.34
259.2385 89.0377 6.31 1.57
259.2447 15.8208 7.41 1.05
259.2652 -32.6628 5.53 0.51
259.2731 -44.7786 6.46 0.19
259.2825 39.9683 7.40 0.97
259.2923 13.1342 6.62 1.20
259.2950 25.8738 7.10 0.10
259.3315 33.1001 4.80 -0.17
259.3356 -30.1644 6.96 0.82
259.3564 -66.9510 6.87 0.80
259.3604 31.5184 7.07 -0.12
259.3900 6.7616 7.45 1.55
259.3944 28.9133 6.88 1.66
259.3994 23.0906 6.25 1.54
259.4040 1.7425 6.86 0.42
259.4076 64.0332 7.39 0.35
259.4147 -26.6290 6.81 0.02
259.4178 37.2915 4.64 0.04
259.4814 28.9063 7.47 0.26
259.4932 17.1246 7.06 1.38
259.5025 -24.2841 6.59 0.51
259.5028 -24.2869 5.14 1.05
259.5057 -43.5777 7.02 -0.04
259.5206 17.3179 6.00 0.01
259.5206 3.1471 6.87 0.41
259.5228 -38.1640 6.92 0.04
259.5297 -24.0730 6.59 0.65
259.5498 -39.6908 7.09 1.69
259.5748 -15.7988 7.23 1.02
259.5803 -16.3119 6.28 1.69
259.5855 -32.5531 6.36 0.11
259.5970 38.8114 5.97 1.01
259.6000 -50.2110 6.99 0.01
259.6246 25.8080 6.61 1.07
259.6541 10.8645 5.03 1.54
259.6993 -44.1297 5.76 -0.05
259.7022 28.8230 5.68 0.98
259.7022 32.8647 7.36 1.16
259.7101 -2.8106 6.66 0.53
259.7156 -62.8746 6.50 1.09
259.7199 6.0854 6.51 0.39
259.7281 63.7227 7.34 0.04
259.7376 -34.9898 5.91 1.08
259.7396 70.7878 7.13 0.06
259.7648 -46.6362 5.47 0.76
259.8021 -59.6946 5.93 1.39
259.8122 79.3054 7.31 0.16
259.8192 -31.3617 7.01 0.12
259.8387 -2.7492 7.29 1.14
259.8495 28.0259 7.05 0.04
259.8503 27.2838 6.80 1.66
259.8526 -44.2230 6.64 0.21
259.8746 -45.6400 6.93 0.04
259.8771 -50.0638 6.27 0.41
259.8773 -55.1165 7.23 0.16
259.9044 80.1364 5.74 1.50
259.9438 2.1395 6.43 1.49
259.9622 45.3086 6.66 0.33
259.9642 -48.5493 6.67 0.61
259.9723 -17.7565 6.03 0.04
259.9981 -5.9175 6.31 0.85
260.0023 15.8847 7.38 1.06
260.0121 69.7536 7.11 1.18
260.0410 25.5376 5.36 0.06
260.0531 -70.0454 6.53 0.60
260.0786 18.0571 5.01 1.65
260.0880 46.2408 5.51 1.59
260.1111 -57.2481 7.41 1.70
260.1150 -29.3650 6.97 0.06
260.1163 35.3710 7.47 -0.06
260.1257 44.1921 6.84 1.04
260.1279 -26.5498 7.09 0.94
260.1405 48.1888 6.36 0.43
260.1430 -19.3337 6.50 0.58
260.1510 15.1594 7.13 0.57
260.1546 -59.4405 7.04 0.01
260.1648 32.4677 5.38 0.62
260.1790 -38.0206 7.20 0.04
260.1894 32.6744 7.02 0.03
260.1943 21.5195 7.04 -0.01
260.2069 -12.8469 4.32 0.04
260.2109 -45.4208 7.26 0.08
260.2193 -10.6964 6.46 0.33
260.2259 24.4994 5.13 0.00
260.2363 66.5627 6.94 1.14
260.2515 -21.1129 4.39 0.39
260.2606 4.6189 7.46 1.15
260.2734 -27.4179 7.38 1.08
260.2794 1.4431 6.95 0.57
260.2935 69.8007 7.38 0.63
260.3062 -63.5822 6.86 1.29
260.3113 31.2569 6.90 0.57
260.3802 28.7581 6.37 0.72
260.3894 16.7312 6.35 1.61
260.3958 -79.0650 7.41 0.32
260.4116 35.8236 7.45 0.41
260.4232 -24.9061 6.36 1.40
260.4317 39.9746 5.55 0.67
260.4390 53.4204 5.69 1.46
260.4568 23.6863 7.41 -0.02
260.4605 9.7359 7.17 1.05
260.4649 -20.5694 7.03 1.67
260.4665 -77.1932 7.26 1.67
260.4881 11.6723 7.07 0.09
260.4980 -67.7707 4.76 1.19
260.5024 -24.9995 3.27 -0.19
260.5045 21.1548 7.03 1.21
260.5172 5.0008 6.67 0.93
260.5245 -70.1232 5.39 -0.04
260.5380 -30.5013 7.19 0.07
260.5596 -75.3481 7.00 0.61
260.6150 10.1961 7.06 1.22
260.6152 24.8794 6.88 0.53
260.6196 -66.2689 7.41 1.49
260.6242 -54.2857 6.81 0.50
260.6307 -70.4421 7.17 1.02
260.6582 -35.9107 6.42 0.54
260.6634 -37.8046 6.33 0.68
260.6937 -45.6143 6.68 0.83
260.6996 -58.4732 6.75 0.25
260.7137 -2.3882 6.28 0.68
260.7281 -37.2208 5.91 1.07
260.7301 -58.0103 5.86 1.07
260.7685 -7.1046 6.94 0.69
260.7797 -56.5255 5.76 0.99
260.7904 -25.0975 7.28 0.15
260.8147 71.8699 7.06 1.49
260.8170 -47.4682 5.21 -0.10
260.8327 9.4668 7.19 0.15
260.8400 -28.1428 5.30 1.55
260.8444 57.0117 6.53 0.29
260.8939 76.0550 7.22 1.44
260.9009 -16.0383 6.65 0.43
260.9071 60.9985 7.15 1.24
260.9080 13.3975 7.40 1.20
260.9206 37.1459 4.15 -0.01
260.9348 -58.6652 6.81 -0.09
260.9901 8.8526 5.77 1.25
260.9901 -65.7021 6.64 -0.07
260.9927 8.6046 7.22 1.34
261.0045 -62.8642 5.69 -0.15
261.0094 38.5828 6.48 0.72
261.0146 -23.8443 6.67 1.02
261.0274 22.9603 5.70 0.23
261.0364 -34.7984 6.92 0.59
261.0464 36.9229 7.20 0.98
261.0545 -44.1626 5.10 -0.05
261.0783 -60.6738 5.76 -0.07
261.1130 36.9519 6.25 0.88
261.1314 16.3010 5.75 0.07
261.1408 15.6060 6.34 -0.02
261.1543 -18.4458 6.34 0.05
261.1617 39.2096 7.35 1.27
261.1637 32.6704 6.68 0.96
261.1751 -21.4415 5.82 0.94
261.1796 -45.0082 6.66 0.39
261.1911 -59.2137 7.22 0.04
261.2169 -46.2020 6.75 -0.06
261.2525 67.3067 6.44 0.76
261.2611 -34.6961 6.14 0.05
261.2760 -24.2437 6.17 1.10
261.3061 -34.4300 6.79 0.96
261.3250 -55.5299 2.84 1.48
261.3282 8.9247 6.68 1.51
261.3486 -56.3777 3.31 -0.15
261.3504 52.7907 6.46 0.62
261.3596 -8.8285 7.23 0.48
261.3679 -66.3901 7.31 1.10
261.3735 -29.6707 6.82 0.19
261.4204 16.3840 6.64 0.38
261.4223 60.0484 5.65 0.02
261.4393 27.3033 7.47 1.04
261.4765 16.9176 6.09 1.53
261.4911 -1.6518 6.44 0.46
261.4953 -49.7349 6.89 -0.06
261.4977 -6.5818 6.96 0.22
261.5002 -50.6335 5.19 1.05
261.5036 26.8787 6.38 0.12
261.5202 58.6519 6.49 0.14
261.5244 -27.5996 7.49 0.07
261.5792 7.5957 6.01 0.59
261.5926 -24.1753 4.16 0.28
261.5935 -48.6149 7.04 0.48
261.6287 4.1404 4.34 1.48
261.6315 0.8221 6.86 1.29
261.6502 -62.9231 6.96 1.28
261.6578 -5.0866 4.53 0.39
261.6775 -21.4694 7.24 1.60
261.6843 48.2601 5.83 0.12
261.6915 31.2192 7.14 0.48
261.6923 34.6958 5.94 -0.02
261.7047 20.0810 5.52 -0.12
261.7115 -26.3318 7.35 0.31
261.7166 -45.8430 5.28 -0.06
261.7304 -25.9435 6.42 -0.06
261.7348 -51.9488 6.17 -0.04
261.7590 -12.5125 6.20 0.52
261.7649 -47.1365 7.14 -0.05
261.7912 -15.8534 6.48 1.15
261.8019 -50.6304 5.90 0.06
261.8210 17.8975 7.39 1.07
261.8386 -29.8670 4.28 0.40
261.8866 16.4569 7.24 0.10
261.8899 -53.2225 7.07 1.68
261.9065 -29.7246 5.98 0.01
261.9224 -37.1856 6.67 1.20
261.9320 -63.2637 7.35 1.66
261.9337 8.4420 6.42 1.66
261.9677 11.3905 7.11 0.14
261.9784 -47.0262 6.57 0.18
261.9900 -52.2972 5.72 1.17
262.0097 -8.2084 6.37 0.57
262.0199 -64.9511 7.37 1.52
262.0328 -63.0362 6.22 -0.07
262.0930 -53.4999 7.50 1.75
262.0981 -54.0212 7.13 0.21
262.1149 -29.0586 7.34 1.85
262.1615 -25.5107 7.06 0.40
262.1621 -55.1697 5.93 1.11
262.1833 -82.7796 6.64 -0.10
262.1990 10.5340 7.06 0.18
262.2069 0.3306 5.41 0.24
262.2135 -70.6337 7.22 1.05
262.2337 -36.7783 5.98 1.11
262.2424 50.8703 7.08 0.50
262.2536 -43.9739 6.30 -0.01
262.2591 -59.0325 7.22 1.67
262.3039 -31.5343 6.99 -0.02
262.3567 -38.5169 6.38 0.09
262.3673 34.9386 7.17 1.08
262.3707 -61.7638 6.74 0.37
262.4473 -5.9195 6.36 0.93
262.5235 -33.7164 6.68 0.08
262.5682 47.4022 7.22 0.74
262.5820 63.7775 7.33 1.25
262.5833 -4.3694 6.72 0.32
262.5926 10.7683 7.09 1.01
262.5944 11.9240 6.47 0.06
262.5991 -1.0629 5.31 0.71
262.6038 -66.8700 6.99 -0.09
262.6082 52.3014 2.79 0.95
262.6211 -43.7541 7.50 0.44
262.6413 -43.2261 6.94 0.39
262.6464 17.5208 6.91 0.51
262.6675 38.8822 6.43 0.51
262.6815 57.8768 6.22 1.40
262.6846 26.1106 4.41 1.43
262.6910 -37.2958 2.70 -0.18
262.6958 86.9680 5.78 0.24
262.6998 -37.4370 6.89 0.11
262.7067 -23.8416 7.39 0.38
262.7147 1.1196 7.14 0.33
262.7307 31.1581 5.63 0.96
262.7593 -2.8268 7.11 1.53
262.7748 -60.6838 3.60 -0.10
262.8243 -10.9715 7.45 0.52
262.8245 69.6000 7.26 0.96
262.8280 19.5219 6.77 1.56
262.8320 -39.0180 7.14 0.54
262.8389 2.7245 5.57 0.84
262.8470 -56.9210 5.99 -0.04
262.8540 -23.9626 4.78 0.02
262.8620 54.3558 7.22 0.14
262.8645 -80.8591 5.83 1.62
262.8784 1.6723 7.18 1.32
262.9272 30.3178 6.91 1.09
262.9275 -41.0396 7.19 0.06
262.9349 -26.2697 6.05 -0.07
262.9473 -33.7032 6.43 1.19
262.9546 -46.0368 6.04 0.81
262.9566 28.4075 5.66 -0.00
262.9604 -49.8761 2.84 -0.14
262.9755 16.8240 6.98 0.53
262.9905 0.0425 6.75 1.11
262.9912 68.1350 5.07 1.08
263.0043 34.2711 6.52 0.64
263.0120 2.8237 7.41 -0.05
263.0438 55.1842 4.89 0.25
263.0538 86.5865 4.35 0.02
263.0566 46.3305 7.30 1.37
263.0620 11.9300 6.42 -0.01
263.0665 55.1730 4.86 0.28
263.1001 14.3838 7.02 1.52
263.1026 -34.2794 6.16 0.36
263.1048 26.4395 6.84 0.21
263.1721 74.2274 6.61 1.04
263.2113 -13.4821 7.25 0.12
263.2458 -17.4959 6.81 1.02
263.2598 49.3452 7.36 0.02
263.2643 -29.6508 7.22 0.31
263.2751 -33.0578 7.27 0.13
263.2803 41.2434 5.72 1.09
263.2808 -41.1731 5.84 0.04
263.2886 16.7693 7.01 1.47
263.2973 -58.5575 6.99 0.17
263.3086 -45.5113 7.07 0.03
263.3451 19.2567 5.65 0.51
263.3710 -42.3997 7.35 -0.01
263.3743 -5.7448 5.61 0.19
263.3817 57.5587 6.15 0.60
263.4022 -37.1038 1.62 -0.23
263.4141 16.3176 5.68 1.00
263.4282 14.8416 6.36 1.59
263.4939 -61.5319 7.45 1.63
263.5099 -23.0314 7.36 0.36
263.5351 -3.0556 7.40 0.45
263.5382 60.0894 7.28 0.52
263.5441 -45.0064 7.00 -0.02
263.5493 -54.8958 7.09 0.67
263.5703 -48.5268 6.32 0.95
263.5916 13.1610 6.52 0.95
263.5944 -40.5312 7.14 0.01
263.5946 19.2420 7.46 0.26
263.6135 16.5044 6.59 0.22
263.6391 -18.2208 7.11 0.41
263.6529 9.5867 5.80 0.04
263.6724 40.9093 7.18 0.08
263.6725 43.3972 7.26 1.27
263.6771 -32.5817 5.69 0.04
263.6893 34.7514 6.94 0.22
263.6931 -11.2420 5.54 0.01
263.7022 6.0239 7.40 0.52
263.7336 12.5600 2.08 0.15
263.7475 61.8746 5.23 0.60
263.7589 13.1378 7.27 0.09
263.7631 -62.1110 7.02 0.21
263.7762 -38.7995 6.76 1.24
263.7811 -13.6379 6.87 0.04
263.7944 62.4617 7.05 1.31
263.7948 24.3494 7.29 1.53
263.8271 -22.0438 6.47 0.01
263.8329 -53.3529 6.09 0.03
263.8958 -59.8461 6.26 -0.08
263.9150 -46.5057 4.56 -0.02
263.9265 37.3016 6.13 0.98
263.9273 -6.1203 6.61 1.18
263.9295 -37.4399 6.48 0.01
263.9476 19.8438 6.52 0.96
263.9600 -65.0453 7.49 1.20
263.9616 12.0469 6.76 1.63
263.9982 20.9962 6.11 0.18
264.0027 -38.1022 6.94 0.27
264.0175 11.3126 7.28 1.48
264.0266 -66.8649 7.05 1.05
264.0337 28.1851 6.40 1.37
264.0554 -17.8638 7.47 0.56
264.0578 9.7155 7.37 0.87
264.0712 -65.9975 7.49 -0.03
264.0892 27.5666 6.37 1.59
264.1029 25.6163 7.35 1.17
264.1241 68.4889 7.29 1.60
264.1368 -38.6353 4.26 1.07
264.1391 13.2592 7.00 1.15
264.1416 48.4577 7.44 0.55
264.1531 30.7852 6.04 0.16
264.1533 13.8133 6.84 0.21
264.1569 48.5856 5.35 1.14
264.1667 69.5707 6.33 0.60
264.2092 10.5745 7.28 0.69
264.2379 68.7580 4.77 0.43
264.2568 -18.9921 7.45 1.08
264.2869 72.4558 5.87 1.02
264.3094 55.7411 7.03 1.12
264.3197 -49.2450 6.92 -0.03
264.3297 -42.9978 1.86 0.41
264.3363 -2.8738 7.43 0.61
264.3622 -38.0664 6.26 1.24
264.3638 -50.0597 5.89 1.11
264.3796 24.3100 5.76 0.11
264.3967 -15.3986 3.54 0.26
264.4009 -15.5710 5.94 0.36
264.4029 79.2133 7.38 0.44
264.4065 -40.8135 7.27 0.70
264.4613 -8.1188 4.58 0.13
264.4634 -37.8614 6.68 0.76
264.4746 -42.5676 7.16 0.64
264.4772 -59.4329 7.00 1.68
264.5143 43.5989 7.05 0.07
264.5156 45.5574 7.50 0.57
264.5231 -54.5004 5.25 0.20
264.5233 -56.8215 7.34 0.34
264.5352 -42.8803 6.09 -0.06
264.5396 -10.9263 5.74 1.23
264.5500 -28.0468 6.83 1.91
264.5789 36.7473 6.78 1.19
264.5991 -74.9115 7.28 0.04
264.6055 12.7374 7.49 1.00
264.6594 55.7596 7.47 0.57
264.6869 -21.9127 6.19 0.83
264.7065 32.7394 6.58 0.99
264.7221 -45.7599 7.43 1.00
264.7411 13.3293 6.12 0.57
264.7482 -43.1455 7.24 0.71
264.7666 -60.9404 7.12 0.30
264.7703 -70.6942 7.44 0.24
264.7716 27.0504 7.48 0.48
264.7854 2.0280 6.25 1.02
264.7896 31.8862 7.44 1.53
264.8164 30.2534 7.18 0.45
264.8205 3.5552 6.53 0.96
264.8352 -29.5310 6.72 0.94
264.8662 46.0063 3.82 -0.18
264.8730 -39.3442 7.41 0.63
264.8772 44.0013 6.88 0.09
264.8799 3.3926 6.63 1.53
264.9066 -32.3201 7.16 0.01
264.9498 49.7799 6.60 0.01
264.9831 7.8011 7.06 1.06
264.9870 56.8703 7.30 1.07
264.9897 31.2025 6.05 1.60
264.9904 -0.6392 6.51 0.12
265.0043 -32.2011 6.74 -0.01
265.0405 -39.2050 7.44 -0.03
265.0498 -2.1523 6.08 1.61
265.0702 69.1503 7.01 0.44
265.0754 63.6754 6.79 0.56
265.0833 6.5646 7.18 1.55
265.0991 -49.4156 4.76 0.41
265.0995 -28.9232 7.22 0.18
265.1507 57.3103 6.79 0.92
265.1565 43.4707 6.36 1.20
265.1716 31.2875 6.30 1.07
265.1806 -32.1557 7.26 -0.01
265.1856 -67.8542 6.48 1.00
265.2090 -49.9583 7.30 0.68
265.2439 -32.2145 6.01 1.67
265.2729 24.5133 6.37 1.20
265.2958 15.1784 6.34 0.04
265.3075 41.6549 7.00 0.18
265.3177 -46.9218 5.78 -0.00
265.3408 51.8182 6.00 1.07
265.3473 67.1520 6.64 1.47
265.3536 -12.8753 4.24 0.09
265.3847 6.3132 5.97 1.27
265.4301 24.5728 7.30 1.07
265.4489 21.5015 6.73 0.52
265.4574 23.7534 6.96 -0.11
265.4598 -47.5125 7.41 0.47
265.4827 4.3668 6.96 0.91
265.4847 72.1488 4.57 0.43
265.4919 72.1569 5.81 0.53
265.4943 15.9524 5.54 0.39
265.4959 -33.5038 6.66 1.05
265.4982 10.6331 7.43 1.46
265.5067 27.6452 6.73 0.18
265.5151 -50.5107 6.28 1.66
265.5493 80.2824 7.08 1.63
265.5553 38.0706 7.29 0.63
265.5629 17.2283 7.20 0.03
265.5882 -46.2989 7.47 0.10
265.5938 9.4496 7.39 0.13
265.6118 -73.3928 7.34 0.04
265.6182 24.5641 5.56 1.44
265.6220 -39.0300 2.39 -0.17
265.6466 -4.8498 6.62 1.86
265.6531 29.4189 6.64 0.30
265.6677 -15.5592 7.01 0.07
265.7129 -36.9456 5.53 1.55
265.7554 29.6529 7.13 1.48
265.7731 44.0843 6.38 1.52
265.7786 -33.0513 6.44 1.81
265.8238 -27.8840 6.40 0.44
265.8289 -57.7240 6.85 2.45
265.8399 24.3278 5.73 0.68
265.8418 14.2952 6.22 0.43
265.8575 -21.6832 4.86 0.47
265.8583 -35.2977 6.92 2.00
265.8600 -78.6929 7.01 1.40
265.8636 27.0228 7.40 1.12
265.8681 4.5673 2.76 1.17
265.8879 -57.0222 6.64 -0.02
265.8966 -32.6628 6.65 1.57
265.9053 -45.9713 6.92 -0.03
265.9459 -7.0796 6.30 0.32
265.9517 -13.5087 6.36 0.38
265.9965 53.8017 5.75 0.02
266.0034 -5.9296 7.21 0.98
266.0180 45.0347 6.75 -0.03
266.0236 -38.8057 6.74 0.97
266.0363 -51.8341 5.12 0.69
266.0700 -17.4368 7.26 1.10
266.0711 33.2261 6.98 -0.11
266.0719 14.4101 6.18 0.21
266.0741 -23.6790 7.33 0.35
266.0766 13.7840 6.91 0.28
266.0820 -16.8648 7.49 0.54
266.0825 -72.2209 6.51 0.47
266.0999 -22.1949 6.58 0.33
266.1421 2.5794 6.16 0.13
266.1478 2.5791 6.67 0.06
266.1750 -42.7293 5.87 0.16
266.1826 -46.0426 6.71 -0.01
266.2073 35.2177 6.62 1.11
266.2311 50.0443 7.02 0.45
266.2327 -57.5455 5.97 0.91
266.2588 -35.5317 7.05 -0.04
266.3067 -2.7622 7.40 0.20
266.3636 11.1447 6.93 0.90
266.3830 13.0195 7.15 1.05
266.4119 -50.7819 7.30 0.52
266.4176 31.5047 6.22 0.01
266.4333 -64.7239 3.61 1.16
266.4344 -68.6476 7.32 0.42
266.4567 -64.3253 6.93 0.23
266.4738 38.8814 6.53 0.99
266.4867 -48.9343 6.83 1.69
266.4935 39.3225 6.51 1.39
266.5066 -26.9723 7.41 0.60
266.5305 5.5302 6.85 -0.01
266.5455 5.6582 7.34 -0.00
266.6037 1.0443 6.64 1.66
266.6148 27.7207 3.42 0.75
266.6281 -39.2648 7.07 0.02
266.6325 -7.9857 7.35 0.67
266.6693 25.7492 6.97 0.17
266.6710 5.7743 7.14 -0.02
266.7216 36.0875 6.55 1.47
266.7804 -38.1122 6.41 -0.02
266.7808 -59.9943 6.51 0.32
266.7835 17.6970 5.61 0.04
266.7835 47.6122 6.47 0.10
266.8629 -18.1071 7.45 0.32
266.8808 -20.8373 7.19 0.40
266.8828 18.8894 6.67 0.08
266.8868 -56.1660 7.36 0.39
266.8901 -27.8308 4.53 0.60
266.8962 -40.1270 2.99 0.51
266.9033 -14.7258 5.93 0.01
266.9400 -22.4778 6.18 1.45
266.9418 -63.5626 7.16 0.59
266.9481 -34.3107 6.94 0.00
266.9669 34.2779 6.61 -0.14
266.9698 6.4024 7.47 1.56
266.9732 2.7073 3.75 0.04
266.9863 36.5551 6.51 1.66
266.9899 -34.0189 7.20 0.75
266.9974 47.5839 6.80 1.04
267.0006 9.7821 7.28 0.19
267.0628 -35.8953 7.10 -0.04
267.0700 -32.6712 7.36 0.14
267.0720 -47.2551 7.11 0.15
267.0843 3.8042 6.22 0.14
267.1032 20.5654 5.69 0.94
267.1160 -26.9749 6.31 0.09
267.1172 -38.1335 7.20 0.01
267.1586 -55.4017 6.09 0.28
267.1781 -39.8988 6.98 -0.03
267.1928 48.8357 7.37 1.38
267.1995 19.2550 6.13 0.02
267.2048 25.6229 5.09 1.14
267.2429 37.0617 7.18 0.51
267.2595 54.1944 6.60 0.22
267.2663 62.7988 6.70 0.37
267.2679 50.7811 5.02 0.04
267.2800 -71.0953 7.49 0.13
267.2937 -31.7032 4.79 -0.03
267.3223 -30.5974 6.65 0.35
267.3293 1.9614 6.44 1.24
267.3531 -38.9838 7.01 -0.08
267.3623 76.9629 5.02 0.52
267.3671 68.6890 6.92 0.26
267.3712 -35.3781 7.34 0.02
267.3913 0.9062 7.49 1.90
267.3929 20.6373 7.41 1.58
267.4267 20.9227 7.47 1.59
267.4499 -76.2020 7.47 1.10
267.4645 -37.0433 3.19 1.19
267.4709 -61.7147 6.41 -0.05
267.4870 20.8699 7.43 1.53
267.4894 -24.2071 7.02 1.11
267.5051 24.4681 7.11 -0.09
267.5139 48.3942 6.78 -0.11
267.5307 -64.3051 6.57 0.33
267.5385 9.8483 6.74 1.40
267.5421 78.3065 6.25 1.45
267.5463 -40.0904 4.78 0.26
267.5574 -62.6808 7.38 1.04
267.5625 25.2910 6.58 0.12
267.5881 -27.0617 6.96 0.20
267.5954 29.3221 5.51 1.07
267.6067 -61.9246 6.77 0.53
267.6183 -53.6124 5.68 -0.10
267.6312 36.8461 6.89 0.98
267.6445 -49.4957 7.17 0.33
267.6817 11.9465 6.19 1.25
267.7016 22.3163 6.14 0.24
267.7157 -42.3301 6.69 1.04
267.7313 -76.0585 7.15 1.00
267.7386 29.9958 6.78 0.09
267.7434 -50.2909 7.49 1.75
267.7675 8.5308 6.97 0.35
267.7704 5.2290 6.82 1.44
267.7822 -22.9210 7.15 0.66
267.7929 44.9078 7.34 0.40
267.7960 -53.1303 6.09 0.01
267.8023 -30.5569 6.70 0.03
267.8084 40.0725 6.55 0.54
267.8536 74.5691 6.75 0.28
267.8573 -53.8388 6.61 0.27
267.8856 -40.7725 5.94 1.57
267.8978 -60.1641 5.78 1.01
267.9130 -23.6774 7.34 0.62
267.9357 -45.6007 6.09 0.95
267.9364 56.1202 7.04 0.25
267.9521 -19.5252 6.80 0.31
267.9936 15.3264 6.43 1.00
267.9977 -1.2368 6.33 1.13
268.0003 4.4873 6.70 1.74
268.0030 1.0992 7.22 0.35
268.0038 46.6436 6.37 1.06
268.0107 24.3045 7.00 1.29
268.0127 33.8882 7.34 1.03
268.0197 -60.3936 7.46 0.34
268.0197 39.9821 6.01 1.34
268.0217 1.1112 6.55 1.06
268.0556 32.0139 7.20 0.12
268.0569 -34.7992 5.88 -0.11
268.0711 -31.3282 6.97 1.50
268.0773 -51.7138 7.40 0.49
268.0797 76.0007 7.37 0.33
268.0823 -34.4168 5.84 1.13
268.0997 24.9926 7.40 1.18
268.1057 60.3964 6.86 0.20
268.1300 16.9005 6.60 0.44
268.1340 27.1937 7.30 0.31
268.1477 1.3050 5.91 1.57
268.1544 -5.2621 6.82 0.99
268.1613 -6.1436 6.18 1.25
268.1766 38.8206 7.01 1.57
268.2051 -34.1148 6.05 1.24
268.2163 -56.1548 6.51 1.15
268.2190 -41.9965 6.19 0.52
268.2324 -35.0189 6.55 0.00
268.2365 42.2125 7.46 0.26
268.2400 -35.6243 6.03 0.34
268.2638 -2.5793 7.47 1.35
268.2647 -10.8996 6.17 1.11
268.2710 -13.6502 7.14 0.52
268.2964 -58.8643 7.38 0.40
268.3020 -32.0324 6.79 1.40
268.3091 6.1014 5.77 0.42
268.3141 -5.9289 6.86 1.27
268.3166 -34.6208 6.96 -0.03
268.3251 40.0080 5.17 1.17
268.3259 -65.4886 6.48 1.09
268.3300 2.6680 7.41 1.07
268.3316 -34.7308 6.14 -0.04
268.3478 -34.8951 5.58 1.10
268.3820 56.8726 3.73 1.18
268.3828 35.6724 7.26 1.45
268.3926 -27.2826 6.88 0.18
268.4153 -43.7191 7.46 1.11
268.4463 -19.8872 7.22 1.18
268.4571 30.3704 7.45 0.23
268.4782 -34.7527 6.00 -0.06
268.4922 -34.8311 6.41 0.00
268.5059 42.6471 7.35 1.01
268.5154 -1.6193 6.72 0.07
268.5315 -11.3375 6.51 1.19
268.5590 11.1306 6.24 0.47
268.5599 -34.7276 6.88 0.04
268.6016 -38.6265 7.18 0.43
268.6114 75.1713 6.39 0.97
268.6130 -34.4667 6.10 0.06
268.6181 3.7321 6.57 1.45
268.6243 -3.4625 7.32 0.52
268.6847 -55.8984 7.31 0.03
268.6995 -34.5422 6.95 0.02
268.7252 -24.8871 6.18 0.00
268.7322 -11.6318 6.96 0.42
268.7403 -7.7339 6.92 0.76
268.7835 -36.4756 6.05 0.07
268.7964 72.0051 5.43 0.34
268.7998 69.6156 6.86 0.90
268.8203 5.7042 7.24 1.66
268.8485 55.9714 6.09 0.32
268.8549 26.0500 5.47 0.34
268.8557 32.4384 7.44 0.03
268.9063 2.0749 6.77 0.57
268.9292 61.3959 7.36 0.19
268.9617 22.4642 5.62 1.25
268.9790 -18.8022 6.48 0.06
268.9968 -48.9394 7.15 0.94
269.0049 5.1615 7.39 -0.05
269.0186 -42.3233 6.78 0.27
269.0328 -35.0489 6.74 0.04
269.0558 -46.7021 7.43 -0.03
269.0633 37.2505 3.86 1.35
269.0670 -32.4750 6.59 0.42
269.0767 0.6704 5.82 0.06
269.0793 -15.8125 5.93 0.02
269.0887 -21.9561 6.86 0.09
269.1009 -65.7217 6.36 0.45
269.1017 18.3270 6.66 0.40
269.1018 -26.7734 7.39 0.61
269.1025 19.8888 7.19 0.19
269.1516 51.4889 2.24 1.52
269.1581 18.6124 6.55 1.00
269.1743 -28.0654 5.76 0.21
269.1791 44.9874 6.92 -0.02
269.1976 -44.3422 4.85 1.18
269.1989 -4.0818 5.44 1.16
269.2022 45.3509 6.22 1.45
269.2085 -32.6889 6.68 0.07
269.2119 -39.9327 7.28 0.69
269.2329 -40.3056 6.46 1.41
269.2332 6.4877 6.28 -0.01
269.2680 0.0667 5.95 0.11
269.2712 45.8560 6.75 0.52
269.2734 -65.1135 7.30 1.21
269.2811 -23.9392 6.52 1.98
269.2857 36.8604 7.32 0.35
269.2874 37.8029 6.87 1.12
269.2934 -41.9784 6.74 -0.10
269.3051 -55.3812 6.55 0.81
269.3097 23.9959 6.32 0.64
269.3099 20.6391 7.47 0.31
269.3224 -71.0943 7.18 1.26
269.3279 12.6266 7.44 0.52
269.3513 33.4008 6.89 0.91
269.3624 11.0445 6.33 0.13
269.3804 54.6655 7.37 1.50
269.4205 -39.1018 6.65 0.01
269.4237 -76.1779 6.08 1.21
269.4281 -56.8963 6.26 -0.07
269.4364 -83.2356 7.20 0.33
269.4412 29.2479 3.70 0.94
269.4422 20.3459 7.44 1.06
269.4492 -41.7163 4.88 1.62
269.4625 2.2536 6.95 0.09
269.4857 43.4171 6.83 -0.03
269.4865 -36.0079 6.76 0.12
269.4908 -39.1365 6.28 0.01
269.5133 2.7200 7.03 1.76
269.5209 32.6481 6.66 0.47
269.5224 52.2183 7.43 0.27
269.5291 15.1394 7.24 0.60
269.5390 -81.4534 7.30 0.42
269.5856 14.5106 7.38 0.09
269.6071 36.8748 7.33 0.94
269.6256 30.1893 4.41 0.38
269.6627 -28.7591 5.99 -0.08
269.6689 35.6319 7.00 0.93
269.6757 -16.8575 7.32 0.29
269.6763 36.2878 6.03 0.95
269.6926 -58.6561 7.50 1.10
269.7179 45.4762 6.48 -0.06
269.7320 -36.8584 5.74 0.92
269.7386 -22.5175 7.00 0.23
269.7566 -9.7736 3.32 0.99
269.7634 23.8286 7.48 1.64
269.7651 30.0489 7.17 0.96
269.7697 -5.0484 7.40 0.58
269.7720 -30.2530 5.00 1.65
269.7940 -38.5735 6.80 1.65
269.8061 -36.9388 6.92 0.12
269.8072 64.1426 7.31 0.43
269.8382 -77.8239 6.74 0.93
269.8596 -22.4669 7.47 0.11
269.8628 6.4189 7.21 0.43
269.8740 30.7278 7.44 1.06
269.9032 -4.8211 5.86 1.56
269.9036 71.6342 7.19 1.13
269.9037 43.2354 6.71 1.11
269.9081 -56.2555 7.23 1.67
269.9202 -41.4871 6.51 -0.09
269.9481 -23.8161 4.74 -0.03
269.9842 45.5014 5.69 1.56
269.9851 -33.4083 7.35 -0.04
270.0003 -20.3395 6.22 1.41
270.0034 -22.5484 7.38 0.00
270.0142 80.0008 6.11 0.52
270.0142 16.7509 4.67 1.25
270.0196 -53.0985 7.41 1.06
270.0258 20.7416 7.42 0.46
270.0305 6.5539 6.78 0.08
270.0379 80.0041 5.74 0.52
270.0481 -24.2843 6.64 1.08
270.0526 8.8560 6.88 0.94
270.0628 -37.4082 7.18 -0.05
270.0653 0.6295 6.36 0.16
270.0658 4.3686 4.79 -0.10
270.0664 63.5514 7.03 1.09
270.0672 28.7197 7.37 0.07
270.0674 -47.5538 6.70 -0.02
270.0769 -39.2496 7.27 0.58
270.1118 -12.9881 7.45 0.29
270.1152 19.5058 6.42 -0.05
270.1209 -3.6903 4.62 0.39
270.1310 17.1032 7.37 1.62
270.1516 33.2137 6.01 1.52
270.1613 2.9316 3.93 0.03
270.1621 29.5719 7.07 0.64
270.1834 9.5640 7.01 1.22
270.2202 6.2683 6.36 -0.10
270.2386 15.0936 6.28 0.75
270.2643 48.4655 7.07 1.09
270.2707 47.4031 6.87 1.01
270.2769 -78.3803 7.34 1.63
270.3107 56.9676 7.44 1.02
270.3463 -17.1569 6.27 1.76
270.3527 30.6453 7.11 1.27
270.3721 24.2499 7.02 1.21
270.3767 21.5958 4.26 0.41
270.3826 -38.0822 6.91 -0.04
270.3884 11.2858 7.03 0.35
270.3925 -85.2148 6.45 0.44
270.3996 33.3113 6.18 1.55
270.4383 1.3051 4.42 0.05
270.4512 -36.3779 6.30 -0.02
270.4678 -19.1061 7.48 0.25
270.4766 -22.7803 5.72 -0.03
270.4903 47.8850 7.30 0.99
270.5021 22.4557 7.38 1.16
270.5411 -36.3592 7.42 -0.01
270.5698 51.6388 7.43 0.34
270.5950 -60.1373 6.94 1.05
270.5960 20.8336 5.25 -0.10
270.5964 -23.0333 7.14 0.55
270.5981 -23.0308 7.22 0.00
270.6188 -3.1573 6.75 0.56
270.6256 22.9232 6.22 -0.09
270.6265 43.2686 7.33 1.14
270.6285 26.3130 7.01 0.80
270.6281 58.6273 6.86 0.15
270.6286 44.2339 7.10 0.48
270.6444 30.5555 6.59 0.45
270.6555 -20.7376 6.78 0.12
270.6788 -33.8892 7.43 -0.09
270.6928 -5.3581 6.74 0.14
270.7122 75.7902 6.95 0.12
270.7129 -24.2825 5.37 0.49
270.7262 -27.8267 6.69 1.20
270.7571 -22.7185 6.73 -0.06
270.7608 -43.4628 7.41 1.06
270.7642 -51.6490 7.01 0.46
270.7705 -8.1803 4.77 0.41
270.7870 48.4643 6.26 0.04
270.8107 19.6132 6.41 0.02
270.8357 19.5559 6.92 1.62
270.8377 8.4194 7.21 0.12
270.8410 -17.6101 7.21 0.18
270.8907 -66.5384 6.89 1.14
270.9685 -24.3607 5.89 0.03
270.9725 30.3772 6.79 0.53
270.9747 35.9704 7.45 1.03
270.9756 26.6513 6.93 0.43
271.0287 39.4808 7.49 0.07
271.0383 -34.0531 7.03 1.45
271.1115 -59.1779 7.04 1.58
271.1246 42.8606 7.09 1.17
271.1407 63.7962 7.31 1.32
271.1557 1.9190 6.14 -0.06
271.1571 -40.6376 7.19 -0.08
271.1629 27.1152 7.19 0.28
271.1670 3.7791 7.31 1.23
271.1675 23.9420 6.34 0.31
271.1780 -59.2096 6.88 0.62
271.1800 40.0842 6.52 0.51
271.2020 -25.6057 7.20 0.50
271.2034 42.9578 7.29 0.15
271.2099 -35.9014 5.98 1.16
271.2425 -24.6808 7.33 -0.04
271.2459 29.0810 7.03 1.05
271.2516 16.9267 6.97 1.69
271.2533 41.9463 6.38 0.29
271.2551 -29.5801 4.66 0.77
271.2577 22.9143 7.36 0.44
271.2940 -24.3986 6.86 0.08
271.2966 66.9455 6.86 0.71
271.3128 65.7235 7.09 0.04
271.3276 15.6472 7.42 1.65
271.3613 28.6855 7.18 0.98
271.3615 -81.4866 6.37 1.53
271.3637 2.5001 4.03 0.86
271.3638 49.3436 7.39 1.04
271.3756 21.6466 6.18 1.24
271.3781 51.9471 6.84 1.17
271.3804 -11.0201 7.36 0.27
271.3871 -37.4718 6.84 1.03
271.3888 -19.7542 7.05 0.14
271.4061 4.6572 6.80 0.61
271.4304 12.0038 6.51 0.28
271.4357 -36.5795 7.46 -0.07
271.4520 -30.4241 2.98 0.98
271.4567 32.2307 5.72 1.18
271.4571 21.4459 7.07 0.65
271.4991 84.6559 7.30 0.41
271.4997 57.3594 6.97 1.28
271.5067 -8.1086 7.09 0.53
271.5079 22.2189 4.96 1.66
271.5205 -74.0048 7.42 0.16
271.5308 -8.3240 5.84 0.18
271.5309 -0.4461 6.32 1.01
271.5384 -51.7439 6.46 0.17
271.5573 -27.4927 7.29 0.61
271.5633 -4.7513 5.74 0.97
271.5710 24.4137 6.77 1.42
271.5988 -36.0198 5.94 0.61
271.6231 -58.5709 6.82 -0.09
271.6267 40.3610 7.44 0.09
271.6578 -50.0915 3.65 -0.10
271.6618 46.2733 7.46 0.40
271.6691 64.2214 6.67 0.93
271.6908 -28.3638 7.10 -0.02
271.6980 43.4518 7.37 1.30
271.7079 -43.4252 4.92 0.26
271.7116 8.8759 6.96 0.51
271.7228 50.8228 6.31 1.05
271.7327 -3.2335 7.03 0.50
271.7510 -48.2473 7.11 0.99
271.7565 30.5621 5.05 0.53
271.7655 23.4035 7.23 0.16
271.7762 49.7104 6.32 -0.02
271.7973 -21.4439 6.22 0.10
271.7978 34.8253 7.33 1.51
271.8211 6.7015 7.05 1.13
271.8265 8.7339 4.64 0.95
271.8363 15.2347 7.24 1.73
271.8374 2.4817 6.51 1.48
271.8374 9.5638 3.71 0.16
271.8383 15.9165 6.68 1.13
271.8546 77.5931 7.42 1.11
271.8698 43.4619 5.00 0.91
271.8730 19.6664 7.46 0.17
271.8754 26.4149 7.11 0.93
271.8856 28.7625 3.84 -0.02
271.9181 -43.3921 7.45 1.12
271.9482 9.8489 6.66 -0.01
271.9515 13.0711 6.61 0.05
271.9515 -64.5502 6.40 1.27
271.9514 -17.1542 5.52 1.13
271.9563 26.0973 5.79 0.13
271.9565 26.1013 5.83 0.16
271.9666 29.8180 7.21 1.35
271.9765 -38.5654 7.36 -0.14
272.0083 -52.2377 7.12 1.05
272.0094 36.4013 5.49 1.16
272.0207 -28.4571 4.55 0.94
272.0219 40.9147 7.39 1.29
272.0302 2.2187 6.61 0.18
272.0515 30.9989 7.43 0.07
272.0674 -55.6912 7.25 1.48
272.0909 44.1126 6.84 0.44
272.1105 -18.5522 7.42 1.97
272.1255 -45.7670 6.13 -0.08
272.1406 14.2847 6.34 0.18
272.1446 -75.1054 7.27 1.56
272.1450 -27.8642 7.23 0.55
272.1450 -63.6686 4.33 0.23
272.1608 -21.4496 6.42 0.76
272.1619 57.9797 7.34 1.42
272.1635 -2.9074 6.75 1.00
272.1832 -49.3454 7.36 0.47
272.1895 20.8146 4.37 -0.16
272.2185 1.9956 6.99 0.45
272.2186 2.2430 7.40 0.23
272.2203 20.0452 5.10 0.18
272.2207 24.9666 6.72 0.07
272.2231 -42.6570 7.11 -0.11
272.2252 -25.4731 6.76 -0.01
272.2257 -27.7836 7.48 1.06
272.2271 -29.9929 6.97 1.13
272.2444 24.1583 7.41 0.63
272.2926 30.4695 6.36 1.19
272.3237 -23.9884 7.32 0.08
272.3391 29.9517 6.84 0.63
272.3438 -36.6725 6.53 -0.06
272.3645 -45.9384 7.35 0.50
272.3912 3.9933 5.71 0.36
272.4027 -5.6536 7.43 0.93
272.4061 38.4578 6.38 0.88
272.4193 50.4021 7.29 0.19
272.4297 6.2065 7.07 1.03
272.4307 -13.9344 6.38 1.43
272.4390 -11.7247 7.32 1.79
272.4481 3.2010 7.38 1.23
272.4520 -44.9455 7.03 1.09
272.4721 61.8810 7.24 0.57
272.4751 3.1198 5.67 0.49
272.4899 -59.0402 6.38 1.55
272.4958 36.4663 5.57 0.92
272.4998 -32.7196 6.39 1.02
272.5140 56.2668 7.40 1.27
272.5240 -45.9040 7.49 -0.03
272.5242 -30.7287 5.53 0.98
272.5364 16.4766 6.09 0.57
272.5423 82.9398 7.43 -0.11
272.6092 -62.0022 5.47 0.59
272.6138 35.1717 7.03 0.49
272.6316 54.2866 5.97 0.94
272.6563 7.6354 7.44 1.15
272.6679 3.3243 5.50 1.20
272.6738 -33.9188 7.15 1.19
272.6828 18.5044 7.33 0.25
272.7079 4.4342 7.40 1.04
272.7084 44.5983 6.82 0.99
272.7306 -33.8001 6.13 -0.14
272.7556 51.7399 7.26 0.98
272.7647 26.6708 7.13 0.89
272.7684 -47.5131 6.07 1.19
272.7718 -25.7623 6.67 1.42
272.7731 -41.3591 5.86 0.29
272.7798 60.4095 6.50 -0.00
272.8042 39.1006 7.02 0.03
272.8074 -45.9544 4.52 1.01
272.8116 -19.8420 6.33 0.16
272.8157 -75.8915 5.86 1.25
272.8184 -0.6591 7.46 1.18
272.8486 29.9091 7.38 1.01
272.8622 -5.2050 6.74 0.06
272.8669 -11.3094 7.39 1.14
272.8833 25.5612 6.78 1.11
272.8965 48.2895 6.65 1.07
272.9198 -35.0254 7.11 -0.03
272.9208 -2.7263 7.26 1.16
272.9300 -55.3617 6.78 1.67
272.9305 -23.7012 4.96 1.05
272.9380 33.4471 5.98 0.04
272.9580 66.1357 7.43 0.95
272.9635 -56.4009 7.14 0.09
272.9757 31.4053 4.96 1.64
272.9812 -5.6240 7.22 0.32
272.9815 52.3164 7.48 0.98
272.9879 -20.4234 7.23 0.01
272.9923 -28.9015 6.51 -0.02
273.0057 -8.7310 7.26 0.44
273.0262 -34.0687 7.24 -0.07
273.0429 8.2270 7.18 1.31
273.0461 33.2917 6.94 1.58
273.0564 -63.9868 7.48 1.36
273.0612 -19.4328 7.16 0.58
273.0634 48.1199 7.38 1.05
273.1221 -39.3423 7.28 -0.10
273.1342 24.4517 6.98 1.12
273.1422 -73.6724 5.86 0.46
273.1565 -28.2363 7.37 0.31
273.1682 2.8128 6.68 0.07
273.1776 41.1468 6.36 1.04
273.2168 22.8250 6.97 1.69
273.2344 -50.5588 6.51 0.35
273.2464 -39.1619 7.27 0.60
273.2604 -23.1173 7.09 0.61
273.2660 2.9806 6.82 0.12
273.2701 38.7735 6.04 -0.06
273.2801 41.4754 7.38 0.65
273.2832 -60.1431 7.08 0.43
273.2917 -4.0116 6.59 0.28
273.3029 -41.3361 5.47 -0.15
273.3152 16.2732 6.77 0.55
273.3169 -1.7196 7.35 0.13
273.3190 21.8803 6.14 1.47
273.3547 11.8843 6.88 0.03
273.3621 26.2440 7.26 1.19
273.3721 43.3317 7.29 1.01
273.3965 45.6665 7.49 1.00
273.4056 -31.9673 6.79 -0.04
273.4091 10.8261 7.12 1.58
273.4203 -41.1268 7.00 1.30
273.4288 -75.5507 7.12 0.00
273.4409 -21.0588 3.84 0.20
273.4479 -46.3126 6.82 0.04
273.4529 -43.2043 6.94 1.05
273.4676 2.3935 6.43 1.54
273.4732 64.3973 4.99 0.44
273.4960 20.2771 7.35 1.27
273.4980 -44.6512 7.46 1.21
273.5290 -38.4120 7.26 -0.06
273.5322 28.2164 6.84 1.09
273.5451 -27.5028 7.16 -0.02
273.5511 64.7524 7.34 1.18
273.5601 70.8344 7.09 0.21
273.5662 -21.7132 5.49 1.53
273.5681 -63.6897 6.47 1.41
273.6005 -70.7512 6.70 -0.03
273.6110 -47.9544 7.31 1.18
273.6530 -2.6028 7.38 2.08
273.6709 56.5882 6.66 0.36
273.6833 29.2073 6.51 0.58
273.6844 -45.5952 7.19 1.55
273.7093 -66.8151 7.49 -0.06
273.7342 49.1583 6.83 1.23
273.7407 -15.3847 7.09 1.17
273.7713 -29.8230 6.81 1.68
273.8038 -20.7283 5.29 0.01
273.8040 -20.3880 5.96 -0.02
273.8159 54.1407 6.83 0.95
273.8211 68.7558 5.96 1.05
273.8612 -48.8516 6.58 0.89
273.8622 -35.0381 7.44 1.22
273.8638 -34.5945 6.92 -0.05
273.8695 86.6578 6.51 1.60
273.8782 -18.6616 6.05 0.17
273.8853 45.2093 6.30 0.64
273.8924 47.5609 7.48 0.37
273.8930 -5.4752 7.26 1.05
273.8937 79.0649 7.33 0.64
273.9045 -32.3427 7.47 0.37
273.9116 42.1593 5.56 -0.11
273.9174 -33.0916 6.94 0.01
273.9193 -63.0554 5.58 0.94
273.9269 -3.3576 7.28 1.07
273.9580 -35.6373 7.42 0.12
273.9602 -43.1687 7.04 -0.00
273.9621 -36.5738 6.94 -0.11
273.9723 30.3999 6.76 1.03
273.9726 -44.2065 5.45 0.96
273.9914 -3.6180 6.35 0.20
274.0036 53.2967 7.22 0.97
274.0137 50.5326 7.45 -0.02
274.0232 2.3775 6.10 1.55
274.0294 -56.6509 6.91 1.28
274.0377 21.0399 7.20 0.06
274.0552 -35.2409 7.33 1.61
274.0964 -40.4721 7.34 -0.08
274.1038 48.3688 7.45 1.59
274.1190 -57.4471 7.03 0.47
274.1314 23.3986 7.32 1.07
274.1474 -20.5445 6.89 1.03
274.1545 48.1052 6.90 1.40
274.2213 -3.0074 5.99 0.89
274.2254 49.0946 7.29 1.13
274.2396 -27.7159 6.66 1.25
274.2448 68.7415 6.79 -0.07
274.2480 12.0677 7.17 0.76
274.2538 -51.0683 6.06 -0.05
274.2702 1.0057 6.62 0.31
274.2765 33.5354 7.03 1.33
274.2785 40.9367 6.12 0.98
274.2814 -56.0234 5.36 -0.05
274.2984 -17.3739 5.81 1.57
274.3099 5.7536 7.34 0.01
274.3138 -76.5838 7.15 1.29
274.3239 -38.1777 6.69 1.14
274.3489 -28.2890 6.36 0.54
274.3504 -28.6521 6.18 0.18
274.3507 -9.7586 6.29 0.38
274.3690 -18.4634 6.52 0.04
274.4010 -34.1073 6.03 -0.10
274.4071 -15.4307 6.72 0.40
274.4069 -36.7617 3.10 1.58
274.4517 40.3035 7.31 0.05
274.4619 -56.4779 7.41 0.29
274.4627 -33.3962 7.01 -0.07
274.4631 -18.7985 6.74 0.00
274.4651 -27.3547 7.21 1.78
274.4670 11.8778 7.05 -0.07
274.4785 17.9813 7.40 1.33
274.4927 -12.8700 7.36 0.27
274.5040 -68.2293 6.32 -0.03
274.5123 13.7770 6.29 -0.04
274.5133 -27.0426 4.66 1.63
274.5230 -1.3301 7.47 0.40
274.5246 -12.2426 7.38 0.66
274.5321 18.1317 6.24 -0.00
274.5322 23.2969 6.45 1.70
274.5504 11.3963 7.17 1.64
274.5749 46.4071 7.00 0.91
274.5778 -61.2086 7.20 0.90
274.5849 -54.3324 6.91 1.68
274.6023 12.9804 6.76 0.00
274.6173 5.1352 7.49 0.04
274.6270 -34.6861 6.93 -0.06
274.6673 -42.2884 6.30 -0.14
274.6740 -25.6048 6.51 1.35
274.7145 33.0454 7.25 1.58
274.7750 12.1933 7.10 -0.08
274.7847 71.5179 6.68 0.44
274.7897 7.2598 5.41 1.08
274.7945 24.4461 5.30 1.51
274.8091 12.5340 7.49 -0.10
274.8180 15.8260 6.98 0.29
274.8257 52.6519 7.35 1.21
274.8918 -49.3471 7.36 0.35
274.9171 -63.8866 6.17 0.58
274.9191 67.4351 6.92 1.65
274.9221 -45.6992 6.84 0.53
274.9477 -66.6551 7.29 1.26
274.9589 -17.7508 6.96 1.57
274.9655 36.0645 4.33 1.16
274.9670 29.6664 6.01 1.32
274.9672 -11.2875 7.40 0.55
274.9836 51.3478 6.30 1.11
275.0071 -48.7652 6.56 0.15
275.0164 -9.5957 6.92 0.72
275.0215 -7.9813 6.54 0.40
275.0366 -15.8317 5.39 1.47
275.0477 -45.9222 7.34 0.76
275.0701 -35.4287 6.87 -0.04
275.0746 21.9613 4.92 1.59
275.0817 64.2030 7.32 0.85
275.0882 -27.4077 7.25 1.37
275.0891 -56.2157 6.94 1.01
275.0922 -80.2393 7.36 1.00
275.1055 28.9835 6.61 -0.10
275.1109 -31.3162 7.48 0.25
275.1184 -44.0769 7.18 1.62
275.1611 22.7974 6.80 -0.05
275.1757 -59.8399 6.99 -0.11
275.1893 71.3378 4.22 -0.09
275.2052 27.5303 6.99 0.64
275.2169 3.3772 4.85 0.91
275.2299 -37.4876 6.46 1.31
275.2322 -33.3335 7.05 0.17
275.2374 29.8589 5.61 0.23
275.2485 -29.8281 2.72 1.38
275.2542 28.8700 5.12 0.21
275.2557 -43.7748 6.65 0.28
275.2595 -15.2307 6.94 1.76
275.2610 72.7328 3.55 0.49
275.2757 20.9348 7.48 0.06
275.2798 49.7255 6.39 1.09
275.2992 32.8779 7.49 0.42
275.3017 -26.0851 6.91 0.25
275.3100 -39.0218 6.77 0.13
275.3185 -30.9415 6.99 0.02
275.3275 -2.8988 3.23 0.94
275.3317 32.9396 7.26 1.01
275.3458 -18.8600 5.76 0.67
275.3657 25.0568 6.99 -0.09
275.3683 5.4357 6.14 -0.05
275.3728 51.3011 6.65 1.39
275.3807 -24.9153 6.19 1.82
275.3861 49.1216 5.02 1.62
275.4510 32.2475 7.50 1.37
275.4519 21.5078 6.83 -0.09
275.4520 55.1299 7.42 1.56
275.4670 41.2133 7.49 1.29
275.5006 -28.4300 6.15 0.26
275.5126 -22.9217 7.30 0.03
275.5247 -63.3816 7.33 0.90
275.5362 23.2852 5.41 1.63
275.5422 -22.2388 7.30 1.55
275.5451 -7.4988 7.04 0.09
275.5491 51.5419 6.84 0.13
275.5579 -15.0883 7.11 0.55
275.5666 -14.3887 7.10 0.62
275.5751 7.5489 7.20 0.56
275.5774 -38.6569 5.09 1.50
275.5992 -1.2023 7.28 0.06
275.6472 12.0297 5.99 0.06
275.6655 83.3686 7.26 0.95
275.7043 17.8266 5.25 1.25
275.7045 7.2067 7.09 1.36
275.7066 15.0018 7.44 0.17
275.7211 -36.6696 5.33 -0.12
275.7357 20.9637 7.15 1.09
275.7484 46.3627 7.22 0.31
275.7588 -10.2190 6.32 0.13
275.7622 16.6880 6.22 1.22
275.7686 -60.7492 6.80 0.24
275.8007 -12.0148 5.71 0.01
275.8068 -61.4939 4.35 1.46
275.8204 -48.3608 7.39 0.29
275.8311 14.7000 6.74 -0.03
275.8701 -36.2380 5.52 1.01
275.8750 -42.3230 7.07 1.03
275.9018 -75.0443 5.47 0.04
275.9149 -8.9344 4.66 0.93
275.9245 21.7698 3.85 1.17
275.9336 38.3451 6.92 -0.00
275.9447 23.6829 7.04 1.35
275.9499 53.3008 6.35 0.17
275.9776 58.8007 4.98 0.08
275.9887 38.7392 6.41 1.43
275.9998 43.9077 6.63 1.68
276.0150 -3.5832 6.36 0.35
276.0234 20.4524 6.75 0.30
276.0356 79.2227 6.54 1.09
276.0383 83.1754 6.16 0.05
276.0430 -34.3846 1.79 -0.03
276.0434 77.5614 7.03 0.99
276.0456 42.4669 6.65 0.10
276.0575 39.5072 5.11 0.05
276.0760 -44.1103 5.24 -0.16
276.0939 15.6554 7.46 -0.01
276.0975 -59.6161 7.41 -0.05
276.1250 -8.1750 7.34 0.41
276.1380 -49.6529 6.45 0.59
276.1536 -32.2911 7.10 1.39
276.1755 -7.0759 6.28 1.16
276.1791 -6.6038 7.18 0.60
276.2384 -1.5794 6.15 0.38
276.2436 27.3948 6.27 0.05
276.2495 -18.5387 7.26 1.76
276.2560 -30.7566 5.58 1.14
276.2870 5.0846 6.73 0.01
276.2922 64.8384 6.84 0.99
276.2994 49.8645 7.16 1.02
276.3133 -13.9784 6.61 0.78
276.3199 -57.0955 6.85 0.44
276.3259 48.7618 7.21 0.80
276.3377 -20.5417 4.81 1.31
276.3403 -35.9920 6.14 1.01
276.3463 38.4409 7.36 -0.09
276.3662 22.7068 6.80 -0.09
276.3720 22.0335 7.23 0.79
276.3753 -30.2534 7.45 0.90
276.3818 -63.0215 6.13 0.20
276.4117 8.0320 5.64 0.88
276.4471 35.3427 7.22 0.86
276.4760 71.7318 7.34 0.43
276.4775 -33.9457 6.30 -0.07
276.4801 14.9662 6.37 -0.04
276.4949 29.8289 5.81 0.07
276.4960 65.5635 4.82 1.18
276.5042 15.7584 7.42 0.46
276.5140 0.7805 6.87 0.28
276.5394 79.6286 7.21 0.30
276.5711 -79.9274 7.46 1.76
276.5818 26.2277 6.89 -0.13
276.5987 -15.6302 7.34 0.06
276.6218 26.4610 7.09 -0.10
276.6615 59.7056 7.05 0.95
276.6701 -30.3933 6.75 0.55
276.6705 26.4492 6.50 -0.11
276.7131 30.9684 7.01 1.19
276.7250 -48.1172 5.44 0.85
276.7399 -79.2694 7.16 1.20
276.7434 -45.9685 3.49 -0.18
276.7568 9.2096 7.39 0.84
276.7869 -8.0404 6.50 1.05
276.8021 0.1961 5.20 0.49
276.8290 -53.6339 7.20 0.97
276.8467 -36.0160 7.11 -0.03
276.8646 49.8186 7.48 0.27
276.8805 -15.3736 6.95 0.47
276.9175 53.9510 7.23 0.87
276.9255 59.5491 6.43 0.98
276.9323 -26.6348 6.31 0.26
276.9412 24.6974 6.94 0.00
276.9562 -29.8169 5.90 0.52
276.9597 3.7486 6.07 1.61
276.9853 -17.8004 6.19 0.00
276.9927 -25.4217 2.82 1.02
276.9949 6.1941 5.71 -0.03
277.0257 -26.7572 6.28 0.16
277.0265 -84.3873 6.49 -0.04
277.0296 -22.9996 6.96 1.02
277.0488 -52.5000 7.33 0.09
277.0785 44.2568 7.45 1.18
277.1130 -38.9957 5.63 0.14
277.1454 -77.3662 6.84 1.08
277.1484 46.4233 7.21 0.29
277.2076 -49.0706 4.10 0.99
277.2365 -25.0429 7.42 0.60
277.2390 -26.5821 6.68 0.10
277.2582 11.6504 7.50 0.58
277.2663 43.9393 7.49 0.62
277.2980 29.5538 7.21 0.95
277.2994 -14.5658 4.67 0.08
277.2997 -29.2595 6.88 0.46
277.3036 -43.8459 6.36 0.90
277.3200 -38.8513 6.63 -0.02
277.3334 -80.2327 5.95 1.17
277.3369 17.9839 6.78 -0.06
277.3416 -25.2566 6.63 0.00
277.3452 45.9820 7.34 1.03
277.3543 76.2258 7.41 1.15
277.3644 13.8550 7.02 0.45
277.3988 23.8662 5.87 -0.10
277.4079 -33.9340 7.04 -0.04
277.4208 -1.9853 5.38 0.96
277.4373 77.5471 5.65 1.19
277.4448 -14.5820 6.02 0.01
277.4831 -47.2205 5.69 1.26
277.4863 -57.5231 5.74 0.99
277.4881 10.4830 6.91 0.34
277.4976 15.9444 7.17 1.02
277.5182 -43.8340 7.11 0.50
277.5213 4.0654 6.66 0.11
277.5494 -18.7288 5.63 1.06
277.5596 -5.7242 6.27 0.95
277.6215 -23.2506 6.99 1.48
277.6369 40.9758 6.99 1.23
277.6441 36.2492 7.42 1.57
277.6636 12.6112 7.26 0.05
277.6715 4.5108 6.95 0.21
277.6735 20.8150 6.49 0.80
277.7344 -48.0148 6.60 0.52
277.7409 41.1065 7.27 0.44
277.7458 21.6546 7.41 1.06
277.7623 -41.9138 6.02 0.14
277.7685 16.9286 5.76 0.05
277.7702 -32.9891 5.37 0.18
277.7789 32.2454 7.45 -0.02
277.7860 -5.7895 7.37 0.36
277.7869 -53.5276 7.46 0.98
277.7979 -36.8092 6.98 0.35
277.8121 65.4360 6.60 0.34
277.8126 33.6304 7.37 1.17
277.8292 62.5380 7.19 0.90
277.8290 -18.9088 6.81 0.86
277.8417 -0.4820 7.07 -0.01
277.8434 -62.2783 4.63 -0.12
277.8571 -10.7958 5.77 0.38
277.8590 8.0273 7.40 0.97
277.8596 -18.4027 5.12 0.02
277.8640 22.9860 7.41 0.96
277.8708 -1.6349 7.21 0.38
277.9294 7.2317 7.38 0.15
277.9393 -45.9148 4.92 -0.10
277.9395 45.9888 7.15 1.20
277.9425 -2.4185 7.19 1.27
277.9599 -15.1827 7.29 0.34
277.9722 -19.1251 6.59 1.07
277.9843 -43.5074 5.71 1.32
277.9875 -1.0030 5.93 0.17
278.0072 6.7801 7.46 0.49
278.0081 -45.7574 5.07 -0.13
278.0287 3.6596 6.41 -0.03
278.0436 13.7366 7.20 0.69
278.0474 52.1155 6.58 -0.06
278.0546 -19.1240 7.37 1.50
278.0584 -29.1902 7.02 0.85
278.0784 67.7769 6.66 1.40
278.0861 -14.6443 6.36 0.22
278.0874 45.7744 6.96 1.50
278.0889 -39.7040 5.16 0.08
278.1215 -18.9727 6.97 1.33
278.1386 -35.3496 6.95 1.18
278.1438 57.0456 4.77 0.61
278.1497 25.4895 7.44 0.88
278.1578 46.0925 6.69 1.30
278.1606 4.2964 7.36 1.80
278.1805 -14.8657 5.47 2.00
278.1923 23.6168 5.88 1.49
278.2081 30.5542 5.47 -0.08
278.2306 -73.9656 5.88 0.99
278.2537 -39.8920 6.22 0.43
278.2584 -16.5602 6.97 1.46
278.2796 -5.1625 7.03 1.04
278.2853 40.5323 6.93 0.97
278.2921 -18.3684 6.79 0.46
278.3100 -24.1095 6.81 0.02
278.3108 40.1596 7.25 0.54
278.3111 18.9156 6.83 1.04
278.3446 -5.9117 6.36 0.03
278.3460 30.8921 6.55 -0.10
278.3462 -38.7200 6.31 0.02
278.3464 -38.7260 5.67 -0.06
278.3471 8.2683 6.42 -0.04
278.3727 -58.7088 6.40 0.69
278.3757 -42.3125 4.62 0.99
278.4126 -14.8536 5.74 0.04
278.4401 17.7322 7.08 0.55
278.4477 -71.7686 7.01 0.28
278.4486 46.2192 6.73 -0.05
278.4729 -24.0323 5.49 1.79
278.4786 47.8702 7.39 1.40
278.4840 66.3569 7.41 0.08
278.4862 52.3535 5.38 1.09
278.4907 -33.0166 5.28 -0.12
278.5214 -32.9611 7.13 0.00
278.5374 34.4482 7.36 1.03
278.5517 -7.7123 7.35 0.10
278.5603 -66.2793 6.76 0.89
278.5671 72.4112 7.50 0.89
278.5815 20.4664 6.57 0.12
278.5822 29.7418 6.64 1.02
278.5838 18.6901 7.39 0.62
278.6053 -54.0881 6.72 0.41
278.6055 -19.7847 7.18 1.37
278.6096 57.8018 7.33 0.19
278.6136 -34.8157 6.91 0.30
278.6286 51.7823 6.51 1.47
278.6297 -52.8915 6.21 1.25
278.6304 6.4623 7.22 1.24
278.6365 -24.2224 6.53 0.52
278.6472 3.1358 7.46 0.26
278.6749 -50.7217 6.79 1.30
278.6957 21.4862 7.21 0.07
278.6979 10.8920 6.48 0.03
278.7126 -49.3522 7.39 1.17
278.7235 -52.3875 6.83 1.13
278.7600 -10.9772 5.12 0.93
278.7828 -16.9855 7.10 0.43
278.8018 -8.2441 3.85 1.32
278.8025 18.2034 5.79 0.01
278.8063 34.4580 6.10 -0.12
278.8104 41.5816 7.16 0.44
278.8130 72.2742 7.37 1.10
278.8178 -39.6944 7.17 0.27
278.8389 -20.8404 6.49 0.28
278.8488 -19.2685 6.77 1.77
278.8607 -32.8908 6.86 0.12
278.8767 23.6055 5.62 1.01
278.9020 4.9360 6.47 0.07
278.9031 -18.5506 7.08 0.22
278.9315 -29.9375 6.91 1.17
278.9408 73.2809 7.43 0.91
278.9718 16.9757 6.21 0.54
278.9779 43.0556 7.25 0.94
278.9782 72.3803 6.81 1.34
278.9985 -29.6991 6.36 1.27
279.0006 -14.0656 7.21 0.21
279.0327 -6.7421 6.95 1.32
279.0500 41.2781 6.92 0.07
279.0552 65.4887 6.07 0.28
279.0624 30.5847 6.68 1.24
279.1105 43.7967 7.37 1.49
279.1160 9.1225 5.38 0.39
279.1208 4.9550 6.73 1.14
279.1405 30.4425 7.47 0.88
279.1526 12.9876 7.36 0.48
279.1543 22.1076 6.76 0.07
279.1556 33.4690 5.41 -0.10
279.1628 6.6718 5.43 0.39
279.1643 -20.3139 7.47 0.00
279.1726 -56.2270 6.94 1.10
279.1755 15.4481 6.75 0.98
279.1898 43.2218 6.21 0.25
279.1980 -15.9455 7.01 1.92
279.2253 3.7899 6.60 0.90
279.2346 38.7837 0.03 -0.00
279.2343 67.8045 7.50 0.03
279.2579 -48.2093 7.33 0.69
279.2637 -28.5131 6.78 0.95
279.2797 -19.2094 7.01 1.58
279.2877 16.1983 6.31 0.90
279.2878 -15.0262 7.49 0.43
279.2893 0.9511 6.88 0.57
279.3026 11.4215 6.57 -0.01
279.3034 -25.6713 7.43 0.69
279.3153 -40.8036 6.96 1.49
279.3356 11.3558 6.88 0.03
279.3497 77.6868 6.94 0.36
279.3575 -47.0746 6.88 0.36
279.3699 29.5849 6.70 1.29
279.3739 -2.9200 6.74 1.27
279.3802 37.7807 7.03 1.54
279.3868 -12.3499 6.95 0.48
279.3896 62.5266 5.74 -0.04
279.3952 46.1500 7.40 0.40
279.3998 -0.3095 5.76 0.07
279.4334 -41.6142 7.42 0.34
279.4394 -4.8068 6.77 0.37
279.4519 5.8835 6.68 -0.03
279.4520 18.4415 7.44 1.44
279.4649 -17.2313 6.78 0.58
279.4768 -21.3977 5.93 0.19
279.4808 -13.4730 7.35 0.93
279.4879 -2.5905 6.90 1.08
279.4997 28.6299 6.92 -0.12
279.5187 -14.0048 6.49 0.19
279.5270 39.6683 6.02 1.44
279.5792 -1.1130 6.64 0.43
279.5825 -32.6858 7.29 0.41
279.5880 8.8341 7.41 1.20
279.5992 -3.1936 6.49 0.55
279.6010 63.5329 6.85 1.14
279.6013 60.7111 6.65 0.39
279.6071 36.0531 7.21 0.41
279.6105 -23.1030 7.28 1.66
279.6280 -23.5049 5.78 -0.02
279.6317 -48.7208 6.54 1.41
279.6433 15.0837 6.78 0.02
279.6657 30.4520 7.29 1.60
279.6660 4.8548 6.71 1.09
279.6745 -30.0279 6.84 0.40
279.6765 -70.2354 7.49 1.59
279.7136 52.3439 6.92 0.43
279.7225 -21.0519 5.85 0.67
279.7290 6.2708 7.14 0.28
279.7440 32.2293 7.12 1.56
279.7586 -23.1821 6.71 0.65
279.7605 -15.0393 7.48 1.94
279.7697 72.9595 7.35 1.04
279.7895 -70.8032 7.13 1.25
279.8056 -1.9522 7.13 1.42
279.8095 -47.9098 5.84 0.23
279.8207 -59.1218 7.15 1.06
279.8245 -34.1663 6.65 0.01
279.8307 59.5280 6.92 1.43
279.8876 40.9351 6.25 -0.05
279.8965 -43.1859 5.42 1.65
279.9037 5.2643 6.36 0.80
279.9153 8.7328 7.01 1.07
279.9255 37.9931 7.50 0.53
279.9492 -58.8692 6.75 1.18
279.9558 15.0893 7.47 0.25
279.9650 7.3586 6.26 0.96
279.9701 52.1961 6.00 -0.07
279.9738 -20.0713 6.67 0.26
279.9852 -11.1072 7.31 0.68
280.0016 -7.7908 5.82 1.54
280.0080 30.8495 6.43 0.90
280.0508 38.3672 6.45 0.22
280.0782 12.0542 7.01 0.27
280.0876 33.6845 7.28 0.46
280.0876 -58.7799 7.00 0.97
280.0907 26.1309 6.85 0.02
280.0942 8.8685 6.93 0.22
280.1021 -52.2008 7.34 0.16
280.1238 31.6435 7.40 0.34
280.1495 -33.8568 7.05 1.35
280.1766 -44.1723 7.39 0.56
280.1829 -47.0272 6.80 0.08
280.1921 8.7929 7.21 0.35
280.2122 -56.0898 7.36 1.09
280.2350 62.7495 6.10 0.98
280.2645 44.2711 7.31 0.31
280.3047 -42.1666 7.10 0.13
280.3172 30.2908 6.91 0.54
280.3182 30.2946 6.79 0.82
280.3348 4.5582 7.06 0.51
280.3376 -50.4727 6.54 0.88
280.3612 0.5644 7.47 1.45
280.3688 12.2365 6.83 1.00
280.3779 -48.0947 6.47 1.22
280.3936 -3.1185 6.69 1.17
280.4176 34.0987 7.43 -0.15
280.4192 61.5464 7.25 1.47
280.4205 40.7178 6.64 0.33
280.4221 31.6176 6.41 -0.05
280.4269 -14.5642 6.40 0.76
280.4569 12.2556 7.33 0.11
280.4651 -23.8334 6.22 0.23
280.5337 34.7463 6.49 -0.12
280.5424 -17.0111 7.14 1.68
280.5599 -81.8081 6.27 -0.10
280.5684 -9.0525 4.70 0.36
280.5746 -7.3373 6.91 1.70
280.5833 36.5518 7.40 -0.06
280.5937 -47.7610 6.60 0.47
280.5943 -64.6430 6.35 0.15
280.6060 -20.3119 7.10 0.15
280.6250 -70.3032 7.25 -0.02
280.6505 -7.0737 6.13 1.01
280.6540 15.1994 6.91 0.07
280.6581 55.5395 5.03 -0.07
280.6659 -15.5220 6.95 0.92
280.6863 14.8423 7.23 0.00
280.7109 47.5752 6.95 0.30
280.7214 -39.2857 7.01 -0.06
280.7296 -19.2842 6.32 1.59
280.7309 44.9253 7.17 0.89
280.7346 55.4513 7.45 1.03
280.7589 -71.4281 4.01 1.13
280.7632 -78.0663 6.77 0.46
280.7931 70.7928 6.28 1.23
280.8104 19.4665 7.28 0.01
280.8191 39.3001 6.45 1.59
280.8281 17.4897 7.43 0.07
280.8709 53.8718 6.18 0.09
280.8802 -8.2752 4.88 1.11
280.8818 -11.3370 6.95 1.81
280.8865 -20.9189 7.36 1.12
280.8924 -8.3683 7.06 1.32
280.9004 36.5566 6.04 1.04
280.9055 -64.5514 5.76 0.97
280.9057 -1.5590 7.20 1.89
280.9456 -38.3234 5.11 0.07
280.9635 -6.8181 6.30 0.48
280.9635 8.6251 7.13 0.52
280.9646 10.9011 6.56 1.67
280.9650 31.9266 5.68 0.36
280.9652 -16.9416 7.42 0.28
280.9766 47.6162 6.68 1.37
280.9836 12.1687 7.32 1.19
281.0214 38.5331 6.54 1.61
281.0331 -36.7183 6.31 0.98
281.0365 -19.3179 6.74 0.43
281.0761 61.0481 6.02 0.97
281.0807 -35.6420 4.86 -0.17
281.0848 39.6701 4.67 0.17
281.0883 61.9387 7.44 0.46
281.0894 28.1014 7.16 0.26
281.0949 39.6127 4.59 0.18
281.1256 60.3490 7.12 1.51
281.1272 -53.8018 7.21 -0.00
281.1472 64.8101 7.28 1.02
281.1592 -20.9712 7.34 1.56
281.1645 -41.4354 7.43 0.43
281.1679 23.5899 6.30 0.44
281.1702 -6.5361 6.71 1.87
281.1931 37.6051 4.34 0.19
281.2008 37.5946 5.73 0.28
281.2067 -25.0109 5.82 0.03
281.2081 2.0600 5.02 -0.06
281.2254 33.1875 7.35 1.57
281.2308 54.8972 6.26 0.84
281.2330 -0.3734 6.89 -0.02
281.2364 22.5622 7.49 0.98
281.2382 -39.6862 5.40 0.85
281.2468 -39.7501 6.75 0.52
281.2656 35.0084 7.18 -0.03
281.2681 -11.4550 7.10 0.18
281.2980 -61.0952 6.04 1.48
281.3229 -20.6474 7.45 0.77
281.3266 17.7274 7.40 0.26
281.3277 -21.0016 6.35 0.46
281.3280 -35.8568 6.57 1.18
281.3404 36.5673 7.03 -0.02
281.3496 -56.8820 6.22 1.39
281.3620 -64.8713 4.78 0.20
281.3682 5.5001 5.82 0.04
281.3800 19.9699 6.58 1.02
281.3912 -48.4595 7.17 1.33
281.3984 21.9847 6.53 0.02
281.4044 -17.5448 7.14 0.18
281.4048 -48.2640 6.81 0.21
281.4086 79.9427 6.40 0.30
281.4141 -26.9908 3.17 -0.11
281.4155 20.5463 4.19 0.48
281.4229 15.7254 6.69 0.20
281.4320 11.4970 7.11 0.04
281.4448 74.0856 5.25 0.95
281.4576 34.5184 7.09 0.21
281.4639 -10.4928 6.95 0.53
281.4718 -18.3641 7.42 0.08
281.4833 -50.8727 6.24 -0.08
281.5046 9.8184 7.32 0.47
281.5048 -19.6064 6.34 1.58
281.5071 59.6869 7.19 0.95
281.5148 -42.5664 6.93 0.42
281.5161 -27.4990 6.61 0.94
281.5187 26.6621 4.83 1.20
281.5188 18.4878 6.96 0.06
281.5374 -44.2231 6.77 1.51
281.5542 41.4418 6.06 -0.12
281.5657 -72.8136 6.84 0.49
281.5760 -41.9180 7.09 1.06
281.5859 -22.3922 5.37 1.59
281.5927 75.4340 5.37 0.05
281.6171 43.5608 7.19 1.51
281.6191 -0.9617 5.89 0.13
281.6529 -8.1197 6.99 0.18
281.6643 -39.7309 6.88 1.61
281.6723 18.7059 6.18 1.59
281.6795 52.9880 5.91 -0.10
281.6801 63.2658 7.26 0.89
281.6805 -10.1250 5.69 0.58
281.6910 67.7715 7.14 -0.03
281.6931 -14.4654 7.28 0.46
281.6969 -29.6316 6.83 1.52
281.6984 -43.7888 7.39 0.29
281.7178 -65.2496 7.03 1.72
281.7279 -7.5791 7.22 0.22
281.7461 46.3149 6.52 0.07
281.7463 -50.0946 6.54 0.29
281.7553 18.1815 4.34 0.15
281.7747 74.7254 7.18 0.76
281.7827 35.8757 7.46 0.10
281.7845 -5.8986 7.05 0.09
281.7936 -4.7479 4.22 1.09
281.8045 31.4056 7.22 0.89
281.8293 -37.5487 7.08 -0.04
281.8331 16.9085 6.80 0.12
281.8454 -60.3751 7.48 0.01
281.8514 -49.6305 6.92 -0.07
281.8706 -5.7051 5.38 1.28
281.8720 15.5127 7.33 0.03
281.8732 49.4320 7.19 0.44
281.9048 -28.2797 7.42 0.08
281.9172 49.0749 6.67 0.06
281.9240 13.4423 7.09 0.09
281.9359 -40.4062 5.20 0.78
281.9371 -12.3297 7.50 2.01
281.9550 -77.8682 6.39 0.59
281.9680 -20.2745 6.92 0.12
281.9729 11.1635 7.50 -0.03
281.9891 31.7568 6.06 -0.14
281.9934 -18.2287 7.29 0.90
281.9966 -16.7764 6.94 1.69
282.0111 4.2414 6.20 1.51
282.0121 37.0739 7.32 -0.10
282.0330 -43.5730 7.18 1.50
282.0492 -14.7084 6.86 0.50
282.0558 -19.1989 6.87 1.66
282.0615 -33.9082 6.94 0.18
282.0670 48.7676 6.12 0.23
282.0683 23.5147 6.19 0.49
282.0837 -11.3921 7.12 1.18
282.0907 -37.0135 6.94 1.41
282.0944 15.3941 6.94 0.03
282.1153 32.7797 7.43 1.45
282.1512 45.2618 6.97 0.35
282.1581 -65.0777 5.71 0.27
282.1646 -6.0043 6.49 0.24
282.1892 -18.6012 6.46 0.90
282.2038 -18.6322 7.22 0.18
282.2104 -43.6800 5.46 0.13
282.2224 19.3287 5.89 0.02
282.2318 24.0559 6.55 -0.07
282.2410 21.1670 7.13 0.01
282.2629 -32.7104 6.69 1.04
282.2645 -63.2695 7.39 0.18
282.2843 83.9051 6.86 0.12
282.2960 14.6581 7.12 0.01
282.3057 27.7202 6.98 1.17
282.3095 25.0466 6.74 0.09
282.3215 -34.7492 6.59 1.08
282.3325 -8.3126 7.07 1.21
282.3361 43.7344 6.54 0.81
282.3499 33.7009 7.00 0.12
282.3639 -45.8101 5.80 0.89
282.3835 -10.3800 7.47 1.29
282.3958 -43.4341 5.60 -0.08
282.3973 -19.1423 6.77 0.19
282.4050 0.8362 6.24 0.04
282.4171 -20.3247 5.22 1.40
282.4206 -5.9129 5.99 1.57
282.4270 15.9345 6.68 -0.03
282.4320 -72.9957 6.04 0.03
282.4337 31.6295 6.64 -0.01
282.4413 32.8128 5.93 -0.15
282.4705 32.5511 5.22 0.10
282.4824 26.4252 7.10 0.20
282.4886 -52.1220 7.10 0.23
282.5200 33.3627 3.52 0.00
282.5369 -3.6227 6.93 1.51
282.5500 -22.8482 7.20 1.22
282.5623 11.5227 7.11 0.70
282.5754 60.8376 6.69 1.23
282.5835 -7.9076 6.82 3.00
282.5904 54.3010 7.45 -0.13
282.6022 24.1067 6.85 1.70
282.6069 7.4582 6.88 1.32
282.6293 42.9121 7.31 1.26
282.6299 -13.5723 6.48 1.66
282.6563 -26.7705 7.22 0.18
282.6668 39.3402 7.28 0.71
282.6724 -47.7797 7.07 -0.14
282.6800 43.9574 7.05 1.33
282.6898 10.9764 6.37 1.44
282.6951 -34.3051 7.36 0.01
282.7104 -22.1622 6.29 0.39
282.7438 -9.7741 5.82 0.59
282.7444 -41.0627 6.50 -0.07
282.7495 -20.2952 6.84 0.85
282.7551 34.3939 7.15 0.21
282.7725 -3.2611 6.89 0.28
282.7765 -20.3001 7.50 0.11
282.7864 -39.1749 6.98 1.43
282.8002 59.3884 4.63 1.19
282.8328 -17.1543 6.87 0.26
282.8423 -3.3179 6.08 0.30
282.8497 -51.5202 7.42 0.94
282.8547 38.6266 7.15 0.59
282.8600 -27.1642 7.21 1.21
282.8618 39.3206 7.28 -0.02
282.8731 45.1337 7.23 -0.09
282.8951 -60.8958 7.45 0.33
282.8957 52.9751 5.51 0.84
282.8996 28.7837 6.22 1.18
282.9022 36.5391 6.10 -0.10
282.9416 -52.3952 7.36 1.18
282.9528 41.4651 7.36 0.96
282.9918 -83.3164 7.17 1.27
283.0063 37.5165 7.33 -0.08
283.0080 13.9656 6.19 -0.01
283.0092 59.6670 6.96 -0.05
283.0302 41.3832 6.28 -0.08
283.0349 -21.9215 6.58 0.14
283.0367 -44.5364 7.00 1.27
283.0497 -41.7092 6.47 1.43
283.0543 -62.1876 4.22 -0.15
283.0622 26.0264 7.15 0.48
283.0684 21.4251 5.43 -0.07
283.0688 43.7099 7.44 0.49
283.0776 14.5355 6.55 1.05
283.1071 -3.7256 7.08 1.91
283.1134 -46.5951 5.51 1.64
283.1180 -26.6508 6.28 0.94
283.1544 -29.3797 6.12 1.34
283.1651 -52.1074 5.18 0.96
283.1737 -30.7341 6.64 -0.03
283.1785 35.4795 7.48 1.53
283.2489 43.7135 7.21 1.27
283.2496 -46.5863 6.17 0.05
283.2519 -16.3815 7.01 0.17
283.2537 71.7872 6.97 0.16
283.2575 -9.5755 6.27 0.20
283.2598 -48.3609 6.17 0.12
283.2688 74.0883 7.40 1.00
283.2772 -18.6368 6.77 1.28
283.2972 -4.7321 7.42 0.39
283.3000 -51.9314 6.30 -0.09
283.3064 50.7082 4.92 0.90
283.3066 -73.6297 6.93 -0.08
283.3271 40.9952 6.60 1.41
283.3688 42.9026 6.61 1.60
283.3746 9.6586 7.40 1.78
283.3883 75.7874 6.33 0.02
283.4207 -31.9920 6.80 1.59
283.4280 -74.9583 7.41 -0.04
283.4315 36.9717 5.58 -0.14
283.4362 60.0179 7.05 -0.13
283.4429 57.4866 6.24 1.24
283.4525 -19.7971 6.98 1.45
283.4685 35.7727 7.39 1.56
283.4742 82.3700 6.89 0.01
283.4831 -9.3703 7.04 0.38
283.5004 -21.3598 5.68 1.21
283.5067 -47.2744 6.89 0.51
283.5318 15.0063 7.24 0.45
283.5381 -47.2632 7.31 0.04
283.5424 -22.7448 4.86 1.41
283.5552 27.9095 5.64 1.36
283.5598 41.2258 7.32 0.51
283.5910 13.3898 7.22 0.07
283.5914 10.8083 6.54 1.31
283.5949 -24.7690 7.31 0.11
283.5992 71.2972 4.82 1.15
283.6175 20.3599 7.18 1.08
283.6207 10.6325 7.31 1.57
283.6213 -45.4863 6.65 -0.08
283.6262 36.8986 4.22 1.57
283.6275 1.8975 7.44 0.40
283.6352 -49.8791 6.58 0.09
283.6369 20.6153 6.85 0.12
283.6496 9.6857 7.38 1.06
283.6518 1.8875 7.40 1.07
283.6796 -15.6030 5.08 0.14
283.6870 22.6451 4.57 0.78
283.6914 -48.9477 7.22 0.02
283.6964 48.8594 5.84 0.45
283.6984 -87.6058 5.29 1.30
283.7011 15.3427 7.08 0.00
283.7174 41.6027 5.46 1.03
283.7182 31.1472 7.28 1.58
283.7188 33.9686 5.99 0.92
283.7265 1.1216 7.39 0.36
283.7278 -10.5163 7.05 0.08
283.7797 -22.6713 5.00 1.35
283.8137 -14.6911 7.26 0.41
283.8163 -26.2967 2.05 -0.13
283.8337 43.9461 4.08 1.40
283.8482 -37.3866 6.48 1.12
283.8569 40.1772 6.83 0.10
283.8580 -29.2131 6.74 0.98
283.8644 6.6153 5.58 1.04
283.8682 13.2225 7.03 0.06
283.8767 14.3850 6.62 0.35
283.8792 -16.3766 5.56 0.45
283.8889 47.4408 7.01 1.16
283.8918 4.4354 7.44 1.05
283.8988 42.0603 6.55 1.29
283.9365 -16.3492 7.16 0.47
283.9381 7.1756 6.70 0.86
283.9404 -56.4234 6.77 1.61
283.9445 0.2652 7.38 0.11
283.9526 3.4498 7.07 0.15
283.9644 -0.7395 7.39 1.20
283.9707 -5.7452 7.46 0.75
283.9730 35.8106 6.67 1.20
283.9881 44.2284 6.92 0.20
284.0000 -80.7279 6.57 0.04
284.0017 -25.0457 7.37 0.57
284.0020 7.1263 7.35 0.30
284.0028 -23.1738 5.91 -0.02
284.0158 17.9953 6.64 -0.07
284.0255 18.1054 5.69 1.09
284.0360 -29.4767 7.28 0.20
284.0549 4.2036 4.62 0.16
284.0599 -18.7095 6.63 0.98
284.0610 4.2021 4.98 0.20
284.0707 -42.7107 5.35 1.00
284.0944 -1.7999 6.20 -0.05
284.0966 -61.8192 7.06 0.41
284.0966 -11.3233 7.10 1.61
284.1067 2.4712 6.14 0.96
284.1072 65.2581 5.62 0.94
284.1135 -31.6890 6.45 1.22
284.1335 -48.9923 6.65 0.84
284.1339 46.7663 7.09 0.12
284.1549 4.2651 6.71 0.58
284.1582 28.1989 6.96 1.11
284.1687 -37.3432 5.36 -0.15
284.1694 -65.4762 7.43 1.23
284.1853 -17.4441 7.09 1.50
284.1878 57.8149 5.67 1.16
284.1921 -14.8577 7.15 0.18
284.2279 -62.8019 6.47 1.53
284.2300 56.7494 7.11 0.39
284.2355 -33.3295 7.16 -0.03
284.2377 -67.2335 4.40 0.53
284.2566 32.9013 5.20 0.59
284.2627 45.8560 7.39 0.09
284.2653 -5.8463 4.83 1.06
284.2678 -38.9144 7.15 1.24
284.2713 32.0008 7.28 0.26
284.2765 38.7985 7.32 1.60
284.2826 26.0959 7.32 0.17
284.2940 36.4699 6.70 1.36
284.2982 14.8330 7.12 0.72
284.3023 13.3725 7.20 0.32
284.3096 -43.9170 6.27 -0.07
284.3191 2.5353 5.56 0.00
284.3222 62.3968 6.50 0.93
284.3353 -20.6563 5.02 0.14
284.3557 42.1035 7.25 0.43
284.3686 58.2250 6.47 0.07
284.3884 32.9896 6.91 0.33
284.3933 -39.8232 6.29 0.21
284.3988 -19.1531 7.02 -0.10
284.4325 -21.1067 3.52 1.15
284.4886 77.0508 6.56 0.42
284.5079 38.2662 5.89 -0.09
284.5197 28.1610 7.44 1.10
284.5272 -30.8250 7.33 0.54
284.5418 -83.4222 6.35 -0.03
284.5449 -20.4238 6.93 -0.13
284.5614 17.3609 5.33 0.73
284.5719 -32.1756 7.37 1.09
284.5835 39.6418 7.47 0.05
284.5854 -24.8769 6.62 0.06
284.5887 -31.0360 6.09 1.35
284.5988 6.2399 6.22 0.48
284.6035 -22.5295 6.14 0.09
284.6071 1.1981 7.07 0.20
284.6157 -52.9386 4.85 -0.05
284.6159 -34.2147 7.19 0.04
284.6165 23.8023 7.24 1.01
284.6183 -64.0015 6.94 1.30
284.6412 60.6673 6.91 -0.04
284.6522 -60.2005 5.14 1.35
284.6566 74.1329 7.03 0.32
284.6725 20.6232 6.74 0.04
284.6808 -37.1074 4.83 0.40
284.6877 19.7944 6.52 -0.05
284.6941 40.6792 6.20 -0.15
284.6955 13.9066 5.91 0.25
284.6971 -5.6348 7.25 0.16
284.7125 30.1806 6.80 0.61
284.7193 69.5313 6.52 -0.17
284.7208 -48.5059 6.63 1.32
284.7213 -4.7267 7.49 0.44
284.7359 32.6896 3.25 -0.05
284.7475 50.8091 6.32 0.98
284.7538 49.3194 7.46 0.09
284.7555 -12.5878 7.02 0.09
284.7611 33.1172 6.98 0.13
284.7739 13.6222 5.27 0.57
284.7740 43.7210 6.86 -0.00
284.7957 -39.5347 6.49 -0.04
284.8012 39.2173 6.43 -0.17
284.8014 15.1299 7.36 0.18
284.8117 31.6815 7.45 0.28
284.8222 10.1410 6.75 0.21
284.8492 -12.8405 5.51 -0.04
284.8492 -19.2794 6.52 1.58
284.8616 -18.5664 6.37 0.96
284.8617 -75.3901 6.70 1.28
284.8720 -70.4687 6.49 0.30
284.9057 15.0683 4.02 1.08
284.9064 -2.8354 7.41 0.14
284.9272 16.2526 7.06 0.51
284.9395 26.2304 5.26 1.23
284.9649 6.1573 7.23 0.93
284.9887 43.2537 7.09 0.30
284.9921 22.8145 6.28 1.67
284.9936 -71.9326 6.80 -0.04
284.9948 12.8900 7.26 1.63
284.9956 4.6108 7.43 0.08
284.9958 26.9657 6.80 -0.07
285.0034 32.1455 4.94 1.47
285.0148 -66.6536 5.98 0.98
285.0489 -60.2037 6.88 0.65
285.0570 50.5335 5.39 -0.18
285.0740 -55.0156 7.14 1.02
285.0794 40.6840 6.53 1.46
285.1019 33.7418 6.80 1.12
285.1034 -24.9422 6.35 1.25
285.1503 -19.6583 7.22 1.54
285.1593 -48.2844 7.12 1.03
285.1811 55.6583 5.51 0.86
285.1892 -0.4551 7.20 0.86
285.2090 42.2525 6.82 0.53
285.2300 33.8022 6.04 0.98
285.2503 -33.2317 7.29 0.35
285.2635 -37.0609 6.73 0.00
285.2679 -37.0616 6.44 0.02
285.2707 -62.8653 6.78 1.58
285.2726 19.3096 6.47 1.11
285.2773 48.0356 7.04 0.99
285.2868 20.1575 7.34 0.06
285.2896 -4.4390 6.89 1.68
285.2976 2.4823 7.07 1.03
285.3053 2.0332 6.92 0.98
285.3223 26.2914 5.69 -0.09
285.3240 21.5139 7.05 0.07
285.3249 28.4120 7.04 -0.10
285.3305 29.5189 6.82 0.05
285.3440 20.8328 6.78 0.00
285.3599 46.9348 5.00 0.19
285.3748 32.3923 7.25 -0.14
285.3896 2.5885 7.09 1.70
285.3897 -15.2826 6.31 0.96
285.3954 25.0259 6.74 1.46
285.3998 -45.1234 7.38 1.05
285.4072 -22.6954 6.25 1.65
285.4122 -36.8907 7.22 0.12
285.4154 41.4901 7.20 0.57
285.4201 -5.7391 4.02 1.08
285.4515 33.6213 6.39 -0.12
285.4525 12.5409 6.83 0.06
285.4560 22.2644 6.44 0.13
285.4902 19.1249 6.94 1.02
285.5072 -40.6628 7.12 -0.04
285.5204 14.4299 7.37 0.10
285.5208 60.1285 6.87 1.58
285.5293 52.2611 6.35 0.98
285.5355 -41.9105 6.21 0.00
285.5425 47.2873 7.47 0.31
285.5601 -83.9398 7.50 -0.02
285.5899 8.3735 6.25 1.65
285.6073 9.6331 7.40 1.15
285.6153 -24.8468 5.63 1.23
285.6294 62.7055 6.86 1.01
285.6423 -10.7218 6.64 0.20
285.6530 -29.8801 2.60 0.06
285.6586 14.5670 6.88 0.63
285.6790 68.3252 7.10 0.07
285.7192 19.6610 6.11 1.32
285.7271 -3.6990 5.40 -0.01
285.7621 -62.9000 7.40 0.87
285.7659 -19.2457 5.96 1.16
285.7786 -42.0951 4.74 -0.03
285.7792 -19.1030 6.37 0.48
285.7938 -47.0513 6.86 0.96
285.8009 -56.9967 7.07 0.89
285.8037 -11.1897 7.20 0.16
285.8234 -5.5591 6.91 1.06
285.8237 -38.2531 5.73 0.33
285.8245 25.8261 6.97 -0.03
285.8306 0.5762 6.70 1.42
285.8401 -57.9241 7.20 1.05
285.8640 -50.3166 7.19 1.48
285.8664 65.5870 7.22 0.94
285.8699 62.0945 7.05 0.66
285.8736 -68.7555 5.89 0.55
285.8826 8.2938 7.49 0.92
285.8844 1.8188 5.82 0.18
285.8930 17.2808 7.08 1.47
285.8978 2.5457 6.91 1.08
285.9270 21.2684 6.61 0.32
285.9817 34.1512 7.31 -0.10
285.9898 -51.0186 5.93 1.24
286.0042 -57.9600 6.30 0.86
286.0080 16.4633 6.94 1.30
286.0255 -63.7847 6.96 -0.04
286.0346 15.1009 7.38 1.10
286.0406 17.5561 6.93 0.47
286.0446 3.3306 6.72 0.14
286.0591 -22.8965 6.73 0.21
286.0655 43.8804 6.99 -0.02
286.0716 34.0870 7.17 1.28
286.0845 -21.5315 7.18 0.55
286.0888 27.3207 7.12 -0.03
286.1006 -5.6848 6.48 2.30
286.1044 -31.0471 5.49 0.03
286.1376 45.9217 7.16 0.03
286.1604 23.3293 7.24 0.09
286.1664 -48.4039 6.66 1.02
286.1707 -21.7415 3.76 1.01
286.1911 -25.2311 7.08 0.09
286.2079 -8.6511 7.25 1.11
286.2192 19.1443 6.57 1.43
286.2213 15.7360 7.00 0.07
286.2267 -8.1225 7.43 1.03
286.2299 53.3967 5.40 -0.01
286.2328 19.2689 7.27 1.59
286.2349 -4.0409 7.00 1.48
286.2403 -4.0314 5.40 1.12
286.2411 31.7441 5.63 1.55
286.2429 30.7334 6.07 1.57
286.2856 9.6421 6.88 0.16
286.2910 49.9232 6.45 1.35
286.2977 -26.1389 7.37 1.55
286.3274 -1.5122 6.51 0.36
286.3366 25.9207 7.18 1.09
286.3525 13.8635 2.99 0.01
286.3558 42.1777 7.23 1.62
286.4216 -15.6604 5.93 -0.01
286.4291 4.2785 7.34 0.23
286.4454 -29.0811 7.09 -0.01
286.4464 29.9217 6.32 1.67
286.4488 6.5468 6.75 0.51
286.4508 12.2076 7.44 1.94
286.4826 60.0995 7.40 1.08
286.4909 -63.7448 7.48 0.01
286.5448 -9.6322 6.63 1.03
286.5623 -4.8826 3.43 -0.10
286.5710 41.4138 6.51 -0.15
286.5802 -27.2871 7.39 0.02
286.5825 15.8613 7.32 0.39
286.5831 -52.3409 5.17 0.53
286.5960 7.1556 6.71 0.38
286.6046 -37.0634 4.23 0.52
286.6055 -11.8974 7.25 0.57
286.6178 37.3884 7.23 1.10
286.6345 -23.2534 7.45 1.12
286.6400 6.8905 7.28 0.19
286.6463 -1.3461 6.84 0.19
286.6494 80.7299 7.36 0.93
286.6572 28.6286 5.53 0.30
286.6588 -51.4176 7.19 0.52
286.6600 24.2508 5.78 0.10
286.6830 -42.8148 7.01 0.96
286.7146 48.9255 7.23 1.40
286.7172 -16.2293 6.00 -0.03
286.7187 -37.8107 6.15 0.70
286.7208 22.1725 7.24 0.41
286.7284 -50.3231 6.29 -0.06
286.7317 -48.2991 5.95 -0.02
286.7351 -27.6704 3.32 1.17
286.7429 -22.4976 6.87 1.03
286.7442 11.0712 5.07 -0.06
286.7765 72.0741 7.03 0.64
286.7834 22.5844 7.43 0.22
286.7847 -18.7382 6.28 -0.04
286.7876 0.6410 6.55 0.04
286.8255 36.1002 5.25 -0.11
286.8256 3.4430 7.43 0.52
286.8299 41.0541 7.14 -0.02
286.8333 43.3153 7.36 0.39
286.8435 -47.5325 7.50 0.29
286.8492 20.4252 7.40 1.06
286.8565 32.5017 5.20 0.37
286.8605 6.1626 7.11 0.14
286.8785 -28.6368 6.05 1.58
286.8883 18.5625 7.32 0.20
286.8909 34.3931 7.15 0.35
286.9128 6.9835 7.21 0.27
286.9452 49.4854 7.38 0.47
286.9476 -68.8838 7.13 0.12
286.9778 -25.7022 7.44 1.06
286.9888 16.8534 6.08 0.70
287.0040 -7.8479 6.86 1.05
287.0073 26.0120 7.21 1.22
287.0082 24.7260 6.59 -0.02
287.0147 21.6989 6.22 0.43
287.0337 -26.8347 7.16 0.99
287.0353 21.7796 7.47 1.09
287.0482 9.5812 7.44 0.42
287.0549 39.1549 7.32 1.43
287.0573 1.2987 7.09 1.27
287.0607 -24.6574 6.30 0.01
287.0687 25.3747 7.47 0.52
287.0696 -19.2903 5.56 -0.09
287.0842 55.3306 7.32 0.17
287.0873 -40.4967 4.57 1.07
287.1019 13.0980 7.26 0.01
287.1076 52.4257 5.88 1.09
287.1093 -12.9561 7.35 1.40
287.1390 50.3639 6.92 -0.05
287.1476 14.4352 6.64 -0.03
287.1571 24.1793 6.70 1.97
287.1675 16.8513 6.65 0.46
287.1842 -18.9528 6.57 1.58
287.1852 -23.1903 6.66 0.91
287.1883 34.7603 7.04 -0.13
287.1953 -25.0793 6.86 0.00
287.2165 30.3010 6.78 1.27
287.2177 -2.2872 6.58 1.28
287.2179 -55.7204 6.44 1.10
287.2378 -18.6827 6.96 0.36
287.2417 11.2935 6.65 1.16
287.2487 14.7805 6.74 1.10
287.2496 6.0732 5.23 0.35
287.2682 34.6005 6.70 0.64
287.2907 76.5605 5.11 0.31
287.3267 11.6268 7.26 0.91
287.3417 10.2412 7.18 1.85
287.3464 30.5663 6.92 -0.07
287.3511 -13.4567 7.07 1.31
287.3680 -37.9045 4.11 0.04
287.3919 11.1151 7.29 0.50
287.4015 -36.1648 6.54 0.00
287.4156 -39.8272 6.44 1.06
287.4262 58.4683 7.16 1.52
287.4324 -27.1144 6.85 1.07
287.4408 65.9785 6.26 0.01
287.4410 -21.0236 2.88 0.38
287.4420 37.7942 6.83 0.36
287.4506 -19.8037 6.11 1.16
287.4650 -0.4281 6.34 -0.04
287.4696 -68.4244 5.31 0.90
287.4848 35.6610 6.55 1.31
287.4902 -41.8923 5.86 -0.08
287.5073 -39.3408 4.10 1.16
287.5124 -7.2778 7.34 1.17
287.5344 -71.5485 6.64 0.98
287.5498 44.5600 7.33 0.22
287.6145 48.4444 7.20 0.09
287.6151 -30.0071 6.52 0.46
287.6415 42.0222 7.10 0.04
287.6590 -60.0458 7.41 -0.06
287.6864 -76.4047 6.94 1.00
287.6900 31.6349 7.17 0.34
287.7072 10.3458 7.09 1.31
287.7148 -15.0778 7.35 1.48
287.7372 8.1215 7.44 0.35
287.7428 -6.6219 6.84 0.13
287.7493 -24.1849 7.38 1.04
287.7552 -7.4275 6.74 0.81
287.7579 -39.0047 6.34 0.01
287.7724 5.1798 7.12 1.67
287.7768 5.2747 7.08 0.06
287.7936 23.4799 7.02 0.10
287.7969 15.7877 7.40 0.09
287.8140 4.1911 7.48 0.72
287.8284 -29.5023 6.28 -0.03
287.8414 -56.3067 7.40 1.61
287.8465 40.4291 6.20 0.09
287.8522 -65.8768 7.23 0.09
287.8791 26.7359 6.35 0.44
287.8809 29.8902 7.48 1.22
287.9190 56.8592 5.13 1.01
287.9417 31.2835 5.93 -0.06
287.9791 -14.5845 7.04 1.43
288.0013 39.4208 7.50 0.07
288.0136 2.6226 6.94 0.10
288.0212 49.8558 5.85 0.67
288.0408 -37.5831 6.55 1.02
288.0469 57.6720 7.04 0.80
288.0468 -83.4837 7.26 0.44
288.0617 32.2528 7.37 0.05
288.0655 47.3750 6.54 1.02
288.0725 41.2377 7.08 1.57
288.0942 73.8924 7.26 1.65
288.1005 -51.8056 7.06 1.48
288.1015 36.1822 6.95 -0.03
288.1168 -21.6584 6.39 1.13
288.1186 18.0019 7.45 0.40
288.1384 67.6615 3.07 0.99
288.1436 16.8464 6.73 -0.01
288.1439 -37.5240 7.15 0.09
288.1531 21.5546 6.02 0.07
288.1542 6.0395 7.46 0.64
288.1696 -7.9395 5.35 0.09
288.1839 -33.8462 7.26 0.36
288.1922 -50.4864 6.12 0.95
288.2336 29.2316 7.13 0.01
288.2881 -77.8641 7.03 1.86
288.3015 -40.7414 7.29 1.18
288.3069 -25.9068 5.79 1.39
288.3141 15.0356 6.70 1.39
288.3147 -12.2826 5.51 1.44
288.3240 14.9427 7.27 1.52
288.3509 11.3449 7.07 0.77
288.3893 -62.9226 6.59 1.28
288.4279 2.2937 5.14 -0.07
288.4334 5.5156 6.47 0.10
288.4395 39.1460 4.43 -0.15
288.4691 36.4243 7.12 -0.01
288.4725 25.7588 6.98 0.03
288.4731 48.3493 7.34 1.31
288.4733 9.0332 7.06 1.23
288.4798 57.7051 5.00 1.16
288.4848 -26.8763 7.09 0.40
288.5002 -14.0391 7.02 1.48
288.5163 67.1156 6.86 0.07
288.5365 -22.0606 6.98 0.09
288.5418 7.7641 7.23 0.17
288.5474 -67.4540 7.19 0.12
288.5667 -8.7191 6.54 0.98
288.5755 -1.1410 7.49 1.31
288.5761 11.7128 6.77 1.53
288.5802 25.0132 7.19 -0.02
288.5854 55.9404 6.74 1.05
288.6099 48.7192 7.41 0.03
288.6216 34.5643 7.26 0.44
288.6517 -29.8312 6.88 1.62
288.6648 -45.1935 5.91 0.90
288.6660 -29.2432 7.40 0.30
288.6810 65.2728 7.47 0.01
288.6863 6.0485 6.92 0.82
288.6979 -58.0073 7.23 0.63
288.7092 31.8604 6.61 1.00
288.7421 10.4094 7.38 -0.00
288.7452 27.9611 6.91 -0.07
288.7532 -48.9626 6.84 1.27
288.7612 20.2031 6.03 0.90
288.7830 83.4627 6.50 0.11
288.7867 16.1972 7.42 0.08
288.8068 10.2124 7.12 1.14
288.8081 -47.8759 7.42 0.89
288.8223 21.2321 5.65 0.12
288.8299 50.0711 6.27 0.93
288.8337 15.0837 5.58 1.07
288.8429 -6.0498 6.63 0.35
288.8536 30.5264 5.88 1.67
288.8588 -16.0992 7.43 1.26
288.8591 45.3357 7.49 0.03
288.8658 19.4200 7.21 1.07
288.8851 -25.2567 4.86 0.57
288.8884 -24.1794 6.25 0.55
288.8884 73.3555 4.45 1.26
288.8890 18.5164 6.46 1.74
288.8975 -36.9494 6.96 0.14
288.9321 40.3599 6.97 1.30
288.9836 31.0355 6.79 1.22
288.9873 27.4559 6.54 -0.03
288.9902 31.2408 6.82 -0.08
288.9979 27.9263 6.18 0.63
289.0077 16.1610 7.16 0.33
289.0362 26.8686 7.30 0.53
289.0473 -25.6668 7.14 1.14
289.0543 21.3904 4.76 -0.06
289.0563 -30.4596 7.25 0.19
289.0694 -8.6901 7.24 1.01
289.0906 -45.4660 5.38 1.35
289.0921 38.1337 4.35 1.26
289.0932 49.4245 7.23 1.05
289.0933 -75.8001 6.61 0.17
289.1116 14.5446 5.65 -0.02
289.1143 -11.5685 7.49 1.74
289.1192 -69.1908 6.25 0.19
289.1293 4.8348 5.59 0.10
289.1298 48.3567 7.44 0.99
289.1365 -33.5223 6.58 0.69
289.1445 6.5967 6.68 0.11
289.1528 -52.4378 6.76 1.02
289.1812 33.1276 7.22 -0.12
289.2024 18.9763 7.02 0.59
289.2141 46.9991 6.02 0.48
289.2176 -10.9718 6.93 0.57
289.2213 63.2074 6.93 0.51
289.2422 -67.1667 6.90 0.96
289.2522 -65.2277 6.42 -0.05
289.2756 53.3685 3.80 0.95
289.2874 41.2648 7.10 0.91
289.2879 39.0286 6.93 1.55
289.2879 -61.8143 7.34 0.35
289.3009 -66.6610 5.52 0.17
289.3270 49.8502 7.26 0.40
289.3332 39.1211 6.57 1.12
289.3429 71.3470 7.07 0.73
289.3828 21.8138 6.89 0.18
289.3862 47.9524 7.26 1.07
289.3883 51.3465 7.49 1.47
289.4087 -18.9529 4.88 1.01
289.4165 -15.9671 6.62 0.24
289.4166 22.4412 6.82 0.07
289.4318 23.0255 5.46 0.02
289.4508 2.0317 6.19 0.02
289.4542 11.5954 5.28 0.20
289.4884 -0.9436 7.34 0.29
289.4966 -47.0746 7.27 -0.09
289.5036 31.0219 6.69 0.10
289.5296 -5.4234 7.40 1.28
289.5407 -53.3871 6.36 0.51
289.5456 -18.8638 7.00 -0.03
289.5486 60.9600 7.14 -0.08
289.5491 24.4156 7.21 1.08
289.5948 14.4743 7.49 1.08
289.5971 5.1310 7.15 0.49
289.6194 33.9456 7.41 0.87
289.6244 -18.6968 7.48 0.33
289.6304 0.4235 6.72 0.40
289.6307 16.6977 7.48 0.23
289.6354 1.0851 5.10 1.14
289.6578 49.5695 6.32 1.12
289.6732 -56.1447 6.81 -0.17
289.6803 -39.5478 7.43 0.48
289.6882 16.4884 7.01 0.54
289.7017 19.6105 6.50 -0.01
289.7123 0.3390 6.40 1.05
289.7186 76.7925 7.23 1.20
289.7198 9.6181 6.31 1.06
289.7333 73.5509 6.95 0.27
289.7421 40.3605 6.88 0.04
289.7461 -33.2783 6.94 0.58
289.7504 -15.5366 6.09 1.42
289.7548 37.4453 6.25 0.01
289.7656 33.3888 6.60 -0.19
289.7736 27.2613 6.77 1.86
289.7900 -15.9083 6.86 2.48
289.7947 26.9320 7.37 0.14
289.8406 -36.8945 6.91 1.05
289.8654 31.9663 6.83 -0.09
289.8792 -36.6585 7.25 0.51
289.8829 22.5707 6.95 1.53
289.9018 54.3760 6.23 0.03
289.9059 -51.5726 6.57 0.07
289.9077 40.2672 7.32 1.57
289.9125 37.3305 6.29 0.68
289.9140 12.3747 5.53 0.27
289.9166 -35.4215 5.59 -0.12
289.9415 36.7643 7.48 0.36
289.9422 64.3908 6.52 -0.10
289.9711 11.5350 6.03 0.09
289.9794 45.0321 7.19 1.00
289.9970 -19.3663 7.47 1.04
290.0109 -9.4116 7.41 0.34
290.0117 -6.6280 6.76 1.68
290.0311 26.6449 7.36 0.45
290.0312 26.6622 7.35 1.53
290.0667 57.6451 5.91 1.63
290.0812 4.7779 7.04 0.14
290.1029 -10.5604 6.97 1.44
290.1064 32.0989 6.84 -0.10
290.1091 -31.8176 6.56 1.68
290.1128 -1.3098 6.57 0.44
290.1129 39.9262 6.81 0.80
290.1311 50.3402 7.32 1.48
290.1371 -5.4158 4.98 0.94
290.1377 35.1860 6.30 -0.09
290.1475 -39.9889 7.38 0.12
290.1487 -0.8922 5.46 -0.04
290.1590 -22.4025 5.59 0.28
290.1670 65.7145 4.60 0.03
290.1712 -24.2104 6.82 0.97
290.1933 72.1018 7.29 0.99
290.1971 -38.7463 7.30 1.52
290.2013 -4.5025 6.89 2.07
290.2153 -11.3009 7.25 1.33
290.2246 13.5766 6.91 1.10
290.2263 22.1988 6.56 -0.06
290.2495 19.1455 6.82 0.46
290.2617 42.6870 7.05 1.23
290.2641 5.1115 7.06 1.59
290.2785 -1.1765 6.95 1.33
290.3222 20.9628 7.42 0.00
290.3558 57.7668 6.59 1.31
290.3621 32.6778 7.32 1.13
290.3662 25.6040 7.43 -0.03
290.3739 -34.9835 6.48 0.63
290.3981 76.5596 6.22 2.67
290.4004 52.3764 6.94 0.29
290.4046 -19.2344 6.25 -0.09
290.4129 25.5748 7.30 0.07
290.4140 -29.6055 7.10 0.57
290.4177 79.6028 6.06 0.07
290.4182 -17.8472 3.92 0.23
290.4215 29.9055 7.46 0.12
290.4231 -54.1859 7.47 1.23
290.4235 -17.2454 7.38 0.48
290.4318 -15.9550 4.52 0.08
290.4341 -26.1664 7.29 1.44
290.4621 -18.3084 5.84 1.06
290.4715 10.9206 7.39 1.39
290.4886 22.5064 7.43 -0.01
290.5160 -29.5231 7.09 0.57
290.5162 17.7534 7.07 0.04
290.5397 -42.0160 6.33 1.13
290.5867 -8.2011 6.66 -0.04
290.5898 -0.2523 5.81 1.09
290.6070 -31.9366 6.94 1.72
290.6390 33.5182 6.09 1.05
290.6416 -3.7182 7.07 0.13
290.6572 -51.2313 6.42 0.33
290.6595 -44.4590 3.96 -0.09
290.6679 -20.6429 6.72 1.03
290.6704 37.5812 6.60 1.11
290.6942 30.2711 7.30 0.99
290.7015 9.9131 6.34 0.46
290.7120 26.2624 5.22 -0.12
290.7133 -54.4239 5.03 0.02
290.7404 55.0683 7.32 1.12
290.7456 -54.5380 7.04 0.48
290.7515 56.2257 7.40 0.36
290.7516 42.9742 7.01 0.02
290.7685 -7.4006 6.31 1.46
290.7843 14.9210 6.65 0.30
290.7920 -10.7032 6.99 1.02
290.8009 20.2779 7.11 1.14
290.8046 -44.7998 4.27 0.35
290.8463 -65.5788 7.27 -0.04
290.8491 50.2713 6.51 -0.07
290.8917 33.2220 6.37 0.80
290.8924 69.0147 6.96 1.69
290.9038 -53.9461 6.62 0.97
290.9045 -15.8123 7.41 0.02
290.9113 8.6600 7.05 1.29
290.9151 -55.9355 7.35 0.47
290.9455 20.2644 6.40 0.01
290.9491 39.5904 7.00 1.15
290.9539 -17.1958 7.05 0.01
290.9590 -34.9670 7.11 1.26
290.9715 -40.6159 3.96 -0.10
290.9854 43.3882 5.85 0.92
290.9916 32.7237 6.76 1.23
291.0140 44.9335 7.01 0.81
291.0140 -6.9773 7.44 0.34
291.0157 11.4411 7.42 1.06
291.0229 -68.3711 6.33 1.24
291.0252 36.4521 6.44 1.07
291.0316 29.6213 4.99 -0.12
291.0414 39.2117 7.47 1.38
291.0530 -62.9982 6.58 0.46
291.0750 31.0473 7.39 -0.08
291.0895 -43.7221 6.13 1.60
291.0920 16.9377 6.27 0.07
291.0939 28.0876 6.53 -0.08
291.0970 -9.3384 7.24 1.59
291.1096 -55.8883 7.49 -0.05
291.1146 12.2829 7.02 1.43
291.1257 -27.8659 6.03 -0.12
291.1731 -12.6156 7.23 1.34
291.1848 19.9394 7.16 0.16
291.1892 16.9570 6.84 0.15
291.2105 -18.6168 7.47 1.58
291.2334 -44.1948 6.88 1.09
291.2425 11.9444 5.17 0.76
291.2564 -4.8845 6.50 0.34
291.2668 -29.3094 5.91 1.28
291.2797 -18.5628 7.02 0.69
291.2915 -51.1006 6.88 1.55
291.3187 -24.5086 5.02 0.23
291.3256 37.2452 6.80 1.13
291.3400 -13.8971 5.72 1.37
291.3431 -24.4121 7.27 -0.00
291.3433 20.2717 6.31 -0.01
291.3574 24.9128 6.19 0.53
291.3692 19.7984 5.14 1.00
291.3736 -23.9625 5.45 1.44
291.3746 3.1148 3.36 0.32
291.3783 34.1944 7.24 0.73
291.4126 26.1040 7.37 0.08
291.4306 -22.4517 6.79 1.30
291.4449 58.0273 6.60 -0.14
291.4500 28.7594 7.41 0.08
291.4565 50.8517 7.36 1.63
291.4845 -49.8429 6.66 0.95
291.4860 44.9308 6.68 1.02
291.4931 36.1865 7.48 1.62
291.5051 45.0131 7.08 -0.15
291.5380 36.3179 5.17 -0.12
291.5460 -15.0533 5.71 0.01
291.5552 20.0977 5.60 -0.01
291.5770 -55.3744 7.50 1.40
291.5798 -21.7767 5.57 1.23
291.6006 13.0238 5.76 0.46
291.6024 -14.5512 6.70 0.05
291.6103 62.5571 6.38 1.41
291.6152 -21.2459 7.01 1.52
291.6195 19.8915 5.84 1.56
291.6275 20.2590 6.64 0.01
291.6295 0.3386 4.64 0.58
291.6331 11.8511 6.91 0.44
291.6407 27.3227 7.46 0.57
291.6732 -46.5789 6.65 1.66
291.6843 39.9615 7.42 -0.03
291.6861 21.6531 7.43 0.05
291.6997 50.1455 7.38 0.51
291.7016 21.1628 7.36 0.03
291.7353 -29.7432 5.66 -0.01
291.7365 12.0621 7.06 0.13
291.7453 21.1064 7.14 0.16
291.8582 52.3204 5.73 -0.00
291.8607 18.2959 6.84 1.01
291.8913 14.2825 6.31 -0.07
291.9017 37.9412 6.30 -0.12
291.9170 -18.3508 7.19 0.48
291.9212 4.7097 6.73 0.37
291.9257 12.4878 7.39 1.47
291.9304 -40.0972 7.15 0.57
291.9505 -54.3253 5.70 1.41
291.9659 2.1743 7.24 1.55
291.9672 -4.8178 7.38 1.32
291.9713 33.3740 7.36 0.29
291.9753 20.2474 6.88 -0.03
292.0219 -18.3593 6.73 1.58
292.0263 17.8467 6.89 0.32
292.0270 -69.6319 6.72 0.51
292.0413 54.7798 7.44 0.98
292.0459 -73.0906 7.05 0.24
292.0578 29.4503 6.57 1.08
292.0867 2.9300 5.84 -0.00
292.1091 24.9954 7.14 1.52
292.1472 -15.1023 6.77 -0.03
292.1496 8.8636 7.45 0.40
292.1605 39.9408 6.90 0.88
292.1682 3.6940 7.33 0.02
292.1764 24.6649 4.44 1.50
292.1933 11.0270 7.45 0.62
292.1953 -36.0003 7.46 0.13
292.1959 67.6267 7.46 0.95
292.2378 24.7687 5.82 1.02
292.2500 12.8582 7.45 -0.07
292.2541 1.9504 5.79 0.09
292.3143 30.5492 7.40 1.23
292.3251 0.2461 6.25 1.32
292.3371 20.2797 6.34 -0.10
292.3390 -7.0441 6.37 0.87
292.3394 31.6087 6.95 0.72
292.3423 14.5960 5.57 1.05
292.3493 -43.4452 5.70 0.21
292.3753 36.2875 6.66 0.35
292.3909 -15.3587 7.12 0.12
292.4077 -12.6467 6.89 0.47
292.4190 -30.7978 7.13 0.60
292.4265 51.7298 3.76 0.15
292.4674 -26.9856 5.46 1.12
292.4692 -55.4418 6.14 0.97
292.4698 22.7066 7.35 1.81
292.4955 46.9465 6.88 -0.02
292.5196 -0.4450 7.34 0.21
292.5439 2.9041 6.08 1.82
292.5510 55.4227 6.88 0.96
292.5525 56.6444 6.92 0.05
292.5535 46.1478 6.99 1.39
292.5621 -32.0914 6.60 0.39
292.5722 33.7285 6.55 1.13
292.5928 16.7111 7.29 0.11
292.6053 17.6953 7.25 0.17
292.6321 12.8169 6.91 0.92
292.6380 3.4444 6.09 -0.02
292.6437 56.1362 6.68 0.01
292.6441 -55.1101 6.29 0.45
292.6556 25.1208 7.35 1.21
292.6660 -2.7889 5.03 1.77
292.6711 -18.3235 7.32 1.08
292.6748 -8.1865 7.47 0.09
292.6754 68.7469 7.35 1.15
292.6803 27.9597 3.05 1.09
292.6891 27.9653 5.12 -0.10
292.6947 -16.1668 7.43 -0.01
292.6951 36.2285 6.26 -0.01
292.7070 18.2507 7.47 1.27
292.7197 -6.5144 7.27 0.64
292.7252 -21.3122 6.11 0.12
292.7418 -11.4847 7.07 0.49
292.7425 -14.5632 6.93 1.28
292.7512 70.9893 6.06 1.42
292.7542 -73.9852 7.40 -0.05
292.7545 46.3318 7.17 -0.03
292.7717 2.0117 6.52 1.45
292.7732 48.5821 7.22 -0.11
292.7769 -29.4950 7.45 1.51
292.7844 58.5860 6.60 0.86
292.7956 -68.4339 5.98 1.64
292.8065 55.7318 6.37 1.12
292.8158 -2.1102 7.09 -0.14
292.8174 33.4708 6.70 0.10
292.8182 47.4812 6.87 0.28
292.8190 -25.7371 7.28 1.25
292.8256 42.9870 7.18 1.03
292.8306 50.3067 5.55 1.27
292.8401 26.6172 5.89 0.92
292.8424 -46.2730 6.84 0.99
292.8525 -21.0401 7.28 1.47
292.8562 11.6279 7.31 1.31
292.8683 55.2648 6.84 1.11
292.9016 26.9866 7.29 0.12
292.9099 5.0212 7.45 0.05
292.9274 -19.3865 7.19 1.58
292.9303 5.7691 6.95 0.48
292.9430 34.4530 4.74 -0.15
292.9497 -42.4296 7.50 0.53
292.9833 30.1879 7.50 1.35
292.9881 -54.1652 6.82 1.47
293.0028 7.4878 6.80 1.42
293.0076 20.9294 7.00 -0.02
293.0227 25.5963 6.87 0.46
293.0496 -60.2697 7.07 0.14
293.0529 9.3343 7.04 0.20
293.0585 -44.5464 6.48 0.53
293.0659 -21.5169 7.19 0.24
293.0872 69.6612 4.67 0.79
293.1188 -30.8695 6.58 1.55
293.1680 -28.0198 7.14 0.68
293.2201 -46.7772 7.11 0.70
293.2242 -53.1856 5.76 0.30
293.2287 31.2361 6.70 0.45
293.2632 -30.3628 6.76 1.60
293.2824 5.0294 6.61 1.85
293.2919 60.1587 6.30 1.58
293.3211 20.4141 7.31 0.29
293.3401 -45.2717 5.59 -0.02
293.3565 21.8403 6.89 0.74
293.3631 33.2019 6.62 0.59
293.3741 36.0220 7.35 0.33
293.4018 38.7620 6.61 0.11
293.4038 3.7613 6.98 0.01
293.4234 49.2623 6.00 1.54
293.4259 -34.1977 6.94 0.04
293.4418 5.4657 6.35 1.47
293.4440 7.9181 7.44 -0.10
293.4476 -63.0583 7.41 0.18
293.4740 56.4599 6.87 0.95
293.5031 26.0626 7.06 0.27
293.5094 25.8059 7.38 1.31
293.5223 7.3789 4.45 1.18
293.5247 -56.1001 7.00 1.40
293.5354 -40.0346 5.89 0.10
293.5464 7.7858 6.89 -0.02
293.5587 25.3525 7.07 1.78
293.5758 41.9272 6.68 -0.01
293.5779 16.2650 7.01 -0.03
293.5791 -16.3742 7.05 2.98
293.5800 41.4290 7.16 -0.05
293.5824 51.2366 5.71 0.47
293.6047 71.6054 6.70 0.43
293.6414 -23.8588 6.51 1.68
293.6454 19.7734 5.00 -0.09
293.6560 18.1281 7.31 0.87
293.6603 10.9527 7.06 0.97
293.6661 48.1645 6.79 0.26
293.6719 42.4125 5.34 0.06
293.6830 43.9459 6.64 -0.03
293.6887 16.6417 7.35 1.14
293.6897 46.4676 7.23 1.06
293.6931 63.4342 6.47 1.33
293.7122 29.4630 5.39 0.58
293.7338 33.7955 6.64 1.57
293.7457 27.2253 6.74 0.29
293.7489 -81.7529 6.63 1.04
293.7551 52.5020 6.39 1.12
293.7802 -10.5604 5.12 1.12
293.7811 34.1998 7.48 0.12
293.7817 19.0050 6.82 1.65
293.7831 22.1586 7.41 0.08
293.7926 74.3775 6.97 1.05
293.8041 -48.0992 4.88 1.10
293.8410 34.6880 7.14 -0.10
293.8507 69.8055 7.03 1.37
293.8547 2.9136 6.37 0.41
293.8634 15.6106 6.55 1.13
293.8742 -7.4603 6.32 1.12
293.8825 53.5458 7.38 0.28
293.8828 -41.1211 7.24 1.07
293.8834 31.2766 7.46 -0.16
293.8894 -12.2531 6.27 1.09
293.8991 -20.7821 6.74 0.56
293.9513 36.9445 6.03 -0.08
293.9614 -2.4557 6.99 0.50
293.9817 56.9839 6.73 0.64
293.9831 50.2386 6.47 1.03
293.9884 -53.0081 6.71 1.40
294.0041 0.2497 7.16 0.30
294.0069 -24.7191 5.64 0.18
294.0229 33.7461 7.45 1.18
294.0311 35.2137 6.75 1.52
294.0335 11.1502 6.70 0.08
294.0348 22.5858 6.33 -0.06
294.0362 -46.1514 7.18 1.54
294.0486 12.1616 6.72 1.42
294.0526 6.0074 6.62 1.08
294.0654 14.3911 6.37 1.04
294.0704 33.4614 7.32 -0.09
294.0959 15.8923 7.12 0.53
294.1086 -18.8529 6.13 0.27
294.1106 50.2211 4.49 0.40
294.1345 41.0097 7.45 0.09
294.1351 43.7061 6.60 1.48
294.1503 -32.6909 6.90 -0.06
294.1565 48.5163 7.00 1.45
294.1572 20.3329 7.01 1.20
294.1583 44.6949 5.17 0.93
294.1768 -24.8836 4.59 -0.07
294.1803 -1.2866 4.36 -0.08
294.2114 -10.1575 6.77 1.55
294.2185 11.2732 5.98 0.88
294.2227 -7.0275 4.93 -0.05
294.2360 38.3838 6.51 -0.13
294.2593 -13.1730 7.05 0.07
294.2639 -18.2311 5.66 1.24
294.2775 22.0059 6.92 0.20
294.2901 29.3337 6.43 -0.09
294.2960 -14.4313 7.08 1.49
294.2989 28.4999 6.67 0.61
294.3225 16.4628 5.67 1.01
294.3233 38.5942 6.93 0.29
294.3407 26.3591 7.46 0.90
294.3477 18.9765 6.67 1.51
294.3746 29.6151 7.44 0.13
294.3841 54.9578 7.29 1.60
294.3893 -0.1293 7.31 0.32
294.3934 -14.3018 5.46 0.50
294.4201 35.0225 6.44 1.56
294.4322 -5.0618 7.47 0.35
294.4471 -4.6476 5.45 0.43
294.4525 -13.9564 6.86 1.02
294.4726 1.4993 7.31 0.18
294.4835 18.5925 7.14 0.26
294.4863 49.2844 6.47 0.99
294.5019 -32.9128 6.86 0.98
294.5061 35.2590 6.55 0.93
294.5404 17.2432 6.93 0.01
294.5445 -63.9155 7.45 1.66
294.5482 51.2359 7.21 1.06
294.5741 20.7834 6.50 1.04
294.5904 0.3455 7.22 0.28
294.6081 -57.9833 6.19 0.97
294.6145 17.2572 7.45 0.14
294.6217 -65.9142 6.79 0.06
294.6596 23.0423 7.29 0.01
294.6640 32.4061 7.21 0.07
294.6715 54.9738 5.89 0.48
294.6807 -10.1567 6.61 0.34
294.6918 23.1143 7.45 1.05
294.7041 3.3815 6.36 0.00
294.7342 -28.6072 6.72 -0.07
294.7931 68.6526 6.78 0.86
294.7985 5.3978 5.18 -0.00
294.8017 -16.9094 7.45 0.45
294.8041 -16.9079 7.32 0.32
294.8090 18.6838 7.50 0.15
294.8300 -45.4283 7.48 0.39
294.8301 44.4362 7.01 1.09
294.8442 30.1533 4.68 0.97
294.8504 -69.3379 6.95 1.33
294.8556 16.5711 6.37 1.92
294.8596 22.2565 7.39 0.42
294.8603 42.8183 5.41 -0.06
294.8740 30.4083 7.17 -0.08
294.8881 -58.2318 7.13 0.36
294.8939 45.9574 6.25 0.93
294.8947 -69.6025 6.95 0.95
294.9008 -64.5356 7.18 1.08
294.9222 -39.7464 7.50 0.86
294.9241 -45.2786 6.24 0.29
294.9372 33.9789 6.10 0.09
294.9561 -23.4277 6.33 0.03
294.9605 -58.1531 7.32 0.88
294.9639 24.5370 7.14 1.36
294.9673 -66.6855 6.37 0.04
294.9679 -15.1674 6.73 -0.05
294.9813 -39.4329 6.60 0.25
294.9820 -22.0628 7.39 0.16
294.9969 7.5672 7.27 0.98
295.0110 -49.9493 7.24 1.26
295.0211 -14.0447 7.17 0.03
295.0230 55.9075 7.30 1.04
295.0241 18.0139 4.39 0.78
295.0299 -23.4291 5.97 1.04
295.0457 17.8992 7.33 1.32
295.0486 23.8850 7.50 0.99
295.0550 60.5071 6.49 0.21
295.0562 26.9953 7.32 -0.06
295.0671 55.7940 7.35 0.23
295.0779 -54.4178 6.24 1.00
295.0887 -5.4475 6.59 1.13
295.0939 16.3334 7.42 0.04
295.0990 23.4801 7.09 0.22
295.1180 20.4771 6.52 0.32
295.1451 62.6648 7.36 0.51
295.1613 44.7892 7.18 1.10
295.1649 23.7180 6.64 -0.01
295.1710 31.4065 6.99 1.06
295.1715 43.0778 6.17 1.56
295.1752 -54.2104 6.90 0.14
295.1805 -0.6212 5.64 0.12
295.1808 -16.2933 5.30 1.11
295.1880 -7.5123 6.97 0.53
295.2090 45.5249 5.06 0.43
295.2203 -58.2696 7.08 1.27
295.2622 17.4760 4.39 1.04
295.2730 13.8157 5.98 -0.08
295.2838 13.1705 7.27 0.49
295.2999 -2.3134 7.22 0.03
295.3110 22.4528 6.43 1.48
295.3145 30.7213 7.09 0.69
295.3647 47.3281 7.23 1.67
295.4052 -65.8544 6.08 1.56
295.4090 -55.2662 7.36 1.53
295.4121 33.0830 7.04 0.22
295.4159 40.0223 6.91 0.15
295.4191 30.8086 6.85 1.61
295.4542 50.5251 5.99 0.64
295.4559 -36.8876 7.38 0.10
295.4667 50.5175 6.25 0.66
295.4692 27.3821 6.67 -0.04
295.4889 36.2257 7.48 0.44
295.4901 40.2541 6.22 0.18
295.5122 -9.1937 6.31 1.34
295.5173 55.4632 6.42 1.45
295.5534 12.1933 6.33 -0.08
295.5543 -36.6334 6.86 0.46
295.5661 -52.9493 7.38 0.24
295.5805 18.4656 6.92 0.07
295.5944 -24.8593 6.70 0.20
295.6297 -16.1240 5.06 0.32
295.6386 -59.0099 7.48 0.71
295.6395 -50.6676 6.90 1.25
295.6417 11.8266 5.28 0.57
295.6858 32.4267 5.93 0.12
295.6911 8.3828 6.89 0.50
295.6982 47.2089 7.25 1.02
295.7018 22.8516 6.54 1.06
295.7046 29.3318 6.54 0.34
295.7344 40.7218 6.71 -0.02
295.7464 27.4085 7.21 1.15
295.7637 -8.3074 7.07 0.41
295.7687 39.9971 6.95 0.31
295.7793 24.5979 6.87 0.57
295.7900 30.6779 6.08 0.00
295.7949 38.6717 6.37 1.22
295.8098 58.0166 6.29 0.59
295.8129 30.2324 7.21 0.07
295.8543 22.4950 6.82 -0.09
295.8897 -15.4701 5.49 0.46
295.9067 -37.5388 6.14 0.02
295.9146 57.0427 6.28 0.89
295.9286 -44.1337 7.28 1.23
295.9289 25.7719 5.50 0.94
295.9379 41.7731 5.86 1.60
295.9462 38.3224 7.18 -0.11
295.9644 34.1627 6.04 -0.07
295.9832 27.1354 6.27 1.01
295.9859 49.7834 7.46 1.38
296.0075 9.5176 6.57 1.26
296.0691 37.3544 4.89 0.95
296.0767 69.3371 5.90 0.07
296.1155 -41.6091 6.83 1.29
296.1315 18.5886 6.78 1.68
296.1360 -22.8558 7.47 0.45
296.1425 13.3028 6.25 -0.04
296.1492 13.2303 6.84 1.66
296.1591 34.4142 6.39 1.52
296.1691 -23.2642 7.35 1.53
296.1721 8.7265 6.43 0.94
296.1729 10.9125 7.22 0.15
296.2031 29.2647 6.97 0.65
296.2044 40.7168 6.36 1.56
296.2262 -10.5729 6.63 1.68
296.2366 10.7752 7.48 0.55
296.2436 45.1308 2.86 -0.00
296.2901 -12.7263 7.38 1.22
296.2902 -3.0355 7.29 1.25
296.3215 31.4241 7.42 -0.06
296.3445 -1.4990 7.18 1.36
296.3514 -30.9030 6.81 0.12
296.3515 23.9429 7.03 0.91
296.3682 -7.0195 7.48 0.55
296.4082 44.9637 7.50 -0.13
296.4125 -70.6267 7.12 0.95
296.4152 36.0910 6.38 -0.05
296.4164 7.6132 5.89 0.18
296.4194 36.0886 7.16 0.02
296.4220 -0.6966 7.34 1.00
296.4640 35.0128 6.14 1.07
296.4649 46.4855 6.94 1.41
296.4676 -2.8835 6.47 0.02
296.4889 4.2485 7.02 0.61
296.5051 -31.9086 5.51 0.02
296.5649 10.6133 2.72 1.51
296.5663 32.1162 7.49 0.03
296.5729 45.7362 7.42 1.20
296.5741 79.4602 7.29 1.27
296.5906 -19.7611 4.87 1.06
296.6029 54.4056 6.75 0.94
296.6067 33.7276 5.00 0.48
296.6365 50.0103 6.68 1.13
296.6459 32.8886 6.18 1.17
296.6462 -1.3769 7.38 0.22
296.6498 39.5112 7.46 0.13
296.6648 25.1338 6.66 0.29
296.6720 44.3485 7.07 0.59
296.6861 68.4380 6.34 0.31
296.7742 -62.4537 6.71 1.61
296.7876 -17.0781 6.87 1.75
296.8272 21.7715 7.07 1.61
296.8469 18.5343 3.68 1.31
296.8480 42.4830 7.50 0.22
296.8546 -43.3451 7.12 0.56
296.8618 47.9076 6.14 1.64
296.8657 38.4076 5.83 -0.09
296.8766 56.9110 7.04 1.01
296.8888 1.0889 6.77 0.61
296.9170 -17.0710 7.22 0.46
296.9423 5.7820 6.70 1.06
296.9510 -28.4912 6.89 1.01
296.9522 25.3841 6.00 0.99
296.9985 31.5063 6.79 0.12
296.9999 -20.9576 6.66 0.89
297.0037 27.8695 6.87 0.66
297.0048 -56.3626 5.33 0.20
297.0126 -13.7036 6.11 0.19
297.0359 13.4544 6.95 0.45
297.0376 61.4113 7.07 1.54
297.0428 70.2679 3.84 0.89
297.0493 22.7629 7.02 2.02
297.0643 59.4229 6.64 0.59
297.0711 -57.7254 7.44 0.17
297.0900 25.0096 7.17 1.60
297.1271 10.6941 6.44 0.93
297.1281 -40.9733 7.43 1.01
297.1429 24.9622 7.42 0.04
297.1480 56.5008 7.47 1.21
297.1625 -1.8265 7.34 0.12
297.1745 29.4023 7.01 0.14
297.1752 11.8159 5.75 0.55
297.1818 18.8670 7.09 0.86
297.1825 35.3115 6.66 0.44
297.1844 19.6611 7.39 0.11
297.2091 -12.3194 6.47 1.68
297.2108 33.4373 6.42 0.13
297.2222 11.6851 6.53 0.91
297.2295 -52.8881 6.27 1.13
297.2444 19.1420 5.01 0.10
297.2537 44.3792 7.16 -0.05
297.2592 -10.8708 6.00 1.23
297.2668 53.7675 7.09 -0.10
297.2803 -61.8150 7.28 0.51
297.2857 27.7317 6.97 0.61
297.2921 -76.9086 7.16 0.02
297.2983 -28.7890 6.04 0.40
297.3300 28.5791 7.40 0.15
297.3465 -73.5231 7.35 0.14
297.3554 -72.5034 5.39 0.23
297.3577 63.2039 6.69 1.45
297.3646 38.7101 6.12 0.91
297.3654 -45.7479 7.26 1.08
297.3681 -65.9791 7.39 1.49
297.3915 -37.7805 7.22 0.57
297.4447 -11.4088 7.26 0.46
297.4545 -64.9062 7.47 0.55
297.4726 -66.8131 6.44 1.48
297.4780 28.4397 6.45 -0.10
297.4826 27.0852 6.46 0.94
297.5105 -69.3392 7.26 1.21
297.5138 -59.2640 7.04 0.20
297.5407 -10.0071 6.75 0.90
297.5452 -45.3795 6.96 1.08
297.5586 -47.5574 5.91 1.68
297.5631 17.7100 6.81 1.14
297.5728 7.9024 6.49 -0.09
297.5825 36.0982 7.08 -0.07
297.5906 -61.0611 6.21 -0.14
297.5912 61.2091 6.70 0.51
297.5916 -26.7158 7.46 1.06
297.6063 43.6612 7.15 0.95
297.6110 -13.9239 7.38 0.02
297.6110 30.7662 7.36 0.00
297.6416 38.7224 5.18 1.67
297.6555 40.5998 5.68 -0.06
297.6572 52.9880 5.03 1.29
297.6731 22.1129 7.33 0.82
297.6866 -59.1937 5.41 0.08
297.6878 20.2114 6.71 0.16
297.6958 8.8683 0.76 0.22
297.6949 -10.7635 5.38 0.40
297.6953 37.8263 6.13 1.63
297.7027 -4.6941 6.75 0.33
297.7208 20.0395 7.18 0.21
297.7211 -46.3606 7.50 0.42
297.7288 24.6270 7.45 -0.03
297.7304 49.7003 7.26 1.01
297.7455 16.8577 7.27 -0.06
297.7548 -65.6051 6.04 0.32
297.7568 10.4157 5.12 0.56
297.7671 22.6100 4.90 -0.15
297.7926 -27.4720 7.33 -0.04
297.7962 -2.4610 6.12 1.57
297.8089 -72.7952 7.31 0.46
297.8239 9.6299 6.25 0.10
297.8307 47.3772 6.22 0.40
297.8618 4.0886 6.47 1.34
297.8788 27.4602 7.34 1.50
297.8969 -12.6211 7.24 1.19
297.9050 26.2256 7.48 -0.06
297.9224 31.1413 7.08 0.30
297.9243 -14.7769 6.88 0.28
297.9280 -10.9492 7.19 0.42
297.9281 -50.9788 6.89 0.50
297.9378 -13.0327 6.84 1.56
297.9425 -37.3363 6.65 1.19
297.9456 8.0717 7.37 0.18
297.9608 -39.8744 5.32 -0.04
297.9961 47.0273 5.60 -0.08
298.0066 24.9922 5.54 0.68
298.0078 -10.3539 7.26 0.40
298.0143 11.6283 6.16 0.64
298.0165 -2.1532 7.38 1.41
298.0250 -56.7198 7.22 1.10
298.0299 47.9318 5.91 -0.17
298.0309 -10.8927 6.67 1.15
298.0336 52.2813 7.39 0.02
298.0391 7.4600 7.14 0.65
298.0500 -19.0450 5.88 0.98
298.0649 10.3516 6.52 -0.03
298.0655 28.2520 6.82 1.35
298.0684 36.4323 6.13 1.43
298.0907 18.6719 6.24 -0.03
298.1079 -10.9562 7.37 1.48
298.1182 1.0057 3.87 0.63
298.1571 -54.9710 5.76 0.92
298.1630 -54.9764 6.50 0.10
298.1847 -31.9768 7.10 0.19
298.1986 64.1761 6.76 1.10
298.2095 28.9926 7.36 -0.09
298.2552 47.8077 6.30 -0.13
298.2766 -14.6032 6.47 0.15
298.2938 -53.0926 6.99 1.04
298.2987 58.1648 7.40 1.57
298.3072 -5.5403 7.42 0.55
298.3165 28.0996 6.98 1.07
298.3224 57.5235 5.14 -0.12
298.3281 -3.1145 5.63 0.23
298.3442 4.4004 6.52 0.01
298.3444 20.3372 7.16 0.14
298.3512 20.3274 7.32 0.31
298.3654 24.0796 4.57 -0.05
298.3975 59.7087 6.06 0.03
298.4104 41.3558 6.99 -0.15
298.4471 34.5838 7.02 -0.11
298.4695 26.5934 6.84 0.10
298.5082 15.2921 7.02 0.58
298.5345 -8.5742 5.76 1.66
298.5404 33.7810 6.73 1.10
298.5620 8.4615 4.71 1.02
298.5740 -23.9411 6.22 1.02
298.6200 33.1314 7.46 1.62
298.6295 24.3194 5.56 -0.02
298.6470 9.7674 7.27 1.20
298.6472 41.4644 7.39 0.92
298.6569 -8.2273 5.70 -0.08
298.6586 -8.2370 6.49 -0.04
298.6675 7.1404 6.14 0.04
298.6685 -61.1708 6.21 0.16
298.6831 60.8236 7.20 1.64
298.6849 22.4292 6.73 1.51
298.6867 0.2736 5.60 0.10
298.7010 36.9957 5.79 0.77
298.7059 64.7212 6.91 1.16
298.7086 60.6150 6.94 1.64
298.7130 24.8885 7.04 1.02
298.7433 41.8715 7.41 0.80
298.7506 34.9006 7.22 1.14
298.7549 66.7483 7.16 1.01
298.7603 -36.2018 7.16 0.20
298.7713 -33.0463 6.47 1.49
298.7715 30.6876 7.00 1.00
298.7716 47.5410 6.72 1.06
298.7771 30.1949 6.58 -0.08
298.8049 -7.8067 7.41 1.57
298.8154 -41.8683 4.12 1.06
298.8283 6.4068 3.71 0.85
298.8312 -6.7348 6.49 0.39
298.8419 58.2502 6.10 1.02
298.8501 -19.2929 6.87 0.38
298.8697 -53.9472 7.17 1.60
298.9075 52.4389 4.91 0.12
298.9192 40.1729 6.59 1.44
298.9365 40.3917 7.37 -0.06
298.9598 -26.2995 4.70 0.75
298.9657 38.4867 4.95 -0.09
298.9753 47.0901 6.88 0.16
298.9808 58.8460 4.98 1.58
298.9886 10.2072 6.81 0.90
298.9998 15.0470 7.08 1.49
299.0053 16.6348 5.71 0.90
299.0068 -81.3498 6.39 1.40
299.0218 -44.0122 7.17 -0.07
299.0324 33.0746 7.29 -0.07
299.0441 -38.3265 6.62 1.71
299.0594 11.4237 5.28 0.01
299.0766 35.0834 3.89 1.02
299.0793 56.6870 6.16 0.09
299.1401 8.2559 7.48 -0.06
299.1574 23.8886 6.97 1.44
299.1737 30.9472 6.80 0.65
299.1839 36.2506 6.03 -0.14
299.1882 50.9025 6.46 0.00
299.2046 -30.5702 6.55 0.18
299.2074 23.7768 6.79 0.33
299.2270 8.4475 7.28 1.66
299.2368 -27.1699 4.54 1.46
299.2404 -57.9256 6.55 1.53
299.2439 75.7138 7.28 1.44
299.2518 20.9983 6.62 0.07
299.2762 -58.9014 5.24 0.01
299.2846 30.7775 6.96 -0.03
299.3052 0.3521 6.97 0.07
299.3055 35.0314 7.26 0.47
299.3078 40.3678 5.46 -0.09
299.3164 62.8768 7.50 0.36
299.3324 24.0882 7.19 0.64
299.3487 28.6939 6.78 0.92
299.3530 -6.6979 6.56 1.02
299.3709 38.4583 6.68 0.03
299.4048 -37.7451 7.34 0.63
299.4220 -38.0589 6.55 0.42
299.4394 16.7892 5.54 -0.05
299.4652 38.1211 7.29 1.54
299.4769 28.8742 7.29 0.16
299.4838 42.2608 6.44 0.10
299.4868 60.8555 7.26 1.04
299.4876 -15.4915 5.01 0.06
299.4971 36.3278 7.45 -0.04
299.5099 40.9268 7.32 0.87
299.5556 -36.6869 6.95 0.37
299.5595 16.4937 6.86 -0.02
299.5950 -2.2318 7.08 0.49
299.6197 63.5341 6.15 0.04
299.6356 -3.5537 6.79 1.93
299.6359 7.9207 6.77 0.90
299.6362 33.2776 7.24 0.42
299.6431 38.1057 6.33 -0.09
299.6582 30.9837 5.51 -0.06
299.6717 -69.1640 5.74 0.22
299.6742 70.3669 6.32 0.87
299.6826 1.6665 6.75 1.22
299.6893 19.4921 3.51 1.57
299.7135 11.5646 7.40 0.27
299.7152 35.4978 6.99 0.03
299.7206 -68.7626 6.38 0.16
299.7351 -30.5384 6.27 1.05
299.7383 -26.1958 4.84 0.88
299.7438 -46.0880 7.47 0.48
299.7567 57.8095 7.32 -0.16
299.7796 50.6631 7.12 1.20
299.7878 27.5126 6.85 1.28
299.7939 23.1013 5.68 0.34
299.8002 11.3056 6.52 1.08
299.8139 52.0557 6.14 -0.18
299.8337 84.6686 6.80 0.17
299.8351 45.7725 5.92 0.18
299.8443 1.3777 6.17 1.13
299.8919 -22.2113 6.77 0.25
299.9028 76.4814 6.20 1.61
299.9130 31.8265 6.64 0.00
299.9222 69.4090 7.45 0.08
299.9230 -1.9704 6.71 0.07
299.9341 -35.2763 4.37 -0.15
299.9473 -9.9582 5.87 0.60
299.9639 -34.6978 5.30 0.17
299.9741 52.1498 7.12 1.41
299.9800 37.0429 5.15 -0.13
300.0138 17.5165 5.33 1.58
300.0294 32.7897 7.29 -0.05
300.0341 7.7606 7.24 0.51
300.0345 17.6108 6.98 1.52
300.0348 -50.2167 6.67 0.40
300.0477 36.4141 7.01 1.09
300.0640 26.1879 6.49 1.13
300.0645 42.2179 7.12 1.30
300.0648 29.9206 7.42 0.04
300.0664 -37.7017 5.95 0.99
300.0818 13.1008 7.49 0.40
300.0843 -33.7035 5.65 0.50
300.0886 3.3319 6.70 1.28
300.0919 1.6982 7.43 1.09
300.0963 -66.9494 5.75 1.03
300.1056 -49.3509 6.18 1.06
300.1103 -43.0433 6.11 1.63
300.1245 -15.8869 7.20 0.44
300.1374 39.2074 7.21 0.02
300.1477 -72.9105 3.97 -0.03
300.1496 -28.5864 7.00 0.94
300.1615 -32.1757 7.43 0.19
300.1673 -49.6087 6.75 1.39
300.1809 23.7989 7.48 -0.13
300.1867 36.5897 6.72 -0.08
300.2014 -45.1129 5.80 0.29
300.2162 13.3797 7.22 -0.04
300.2332 -74.0126 6.58 1.04
300.2448 31.2305 6.93 -0.11
300.2457 8.5577 5.90 1.53
300.2529 -64.8079 6.83 0.41
300.2560 -58.3876 7.49 1.10
300.2707 -76.2322 7.42 1.37
300.2752 27.7536 4.66 0.18
300.2765 -13.9411 7.09 1.44
300.2839 14.5232 7.15 0.10
300.2868 14.8016 7.48 1.24
300.3126 27.1896 7.23 1.25
300.3138 37.0990 6.23 1.31
300.3162 5.6482 7.46 0.44
300.3398 50.1047 5.06 1.12
300.3494 -22.7373 6.01 0.98
300.3551 -47.3973 6.96 0.36
300.3613 10.7486 6.97 0.44
300.3616 -40.8143 6.31 0.11
300.3689 64.8210 5.22 1.60
300.3867 -16.8690 7.34 0.65
300.4132 -0.1990 7.22 0.17
300.4342 41.8164 7.39 0.05
300.4363 24.8004 5.88 -0.13
300.4364 -59.3759 4.95 1.36
300.4384 44.1190 6.95 1.62
300.4644 40.8588 7.34 -0.02
300.4685 -66.9440 5.32 1.22
300.4814 31.1176 6.61 -0.08
300.4942 -13.6372 5.69 0.08
300.5059 24.9380 5.23 0.37
300.5076 35.3325 7.42 -0.07
300.5430 10.7389 7.00 -0.09
300.5440 -4.9898 6.70 0.16
300.5828 13.9094 6.66 1.26
300.5841 64.6344 6.27 0.93
300.5921 22.1515 6.50 0.13
300.6105 79.6810 6.70 0.91
300.6423 15.5921 7.15 0.71
300.6509 -45.1960 6.56 1.23
300.6645 -27.7098 4.43 1.64
300.6720 12.3587 6.73 1.50
300.6918 14.5827 6.67 0.99
300.6942 37.8128 6.92 0.26
300.6960 3.3262 7.46 1.13
300.6971 28.5148 6.93 -0.01
300.7034 31.9588 6.39 1.21
300.7044 67.8736 4.51 1.31
300.7174 10.9117 6.92 0.14
300.7532 28.3069 7.30 0.79
300.7608 18.2955 6.84 0.62
300.7879 41.4745 7.00 0.35
300.8025 4.7303 6.56 1.54
300.8037 50.3090 7.18 1.43
300.8183 18.5010 5.99 1.42
300.8725 36.0251 6.62 0.15
300.8751 16.0313 5.73 -0.10
300.8818 -36.5964 7.03 0.07
300.8891 -15.4134 7.24 0.49
300.8894 -37.9407 4.77 1.42
300.8967 -38.8525 6.91 0.25
300.9000 -37.5285 6.85 1.03
300.9056 29.8968 5.73 0.75
300.9117 22.9411 6.45 1.03
300.9146 38.3273 7.15 1.75
300.9260 21.4965 6.62 1.65
300.9264 -36.0597 7.09 1.23
300.9312 29.9895 6.80 1.17
300.9346 -22.5956 6.44 0.50
300.9567 14.9830 6.83 0.87
300.9660 21.0504 7.16 1.24
300.9674 23.3407 7.28 0.81
300.9975 17.1230 6.91 0.11
301.0050 -7.4695 6.68 0.35
301.0111 -37.8765 6.91 0.61
301.0260 17.0702 5.80 0.60
301.0346 7.2780 5.51 1.06
301.0541 31.2432 6.88 0.27
301.0588 17.7349 6.87 0.51
301.0614 51.2879 7.01 1.12
301.0816 -32.0563 4.99 1.21
301.0965 -0.7093 5.67 1.30
301.0982 33.5505 7.47 0.87
301.1065 -27.7476 7.49 1.51
301.1114 73.9095 6.91 0.91
301.1200 48.2297 6.16 0.04
301.1507 32.2186 5.62 0.76
301.1855 63.8902 6.24 0.10
301.1952 15.9031 7.33 0.54
301.2225 68.0272 6.32 1.65
301.2418 -21.3141 7.11 1.04
301.2441 23.2104 6.54 0.17
301.2726 -11.5994 6.38 0.54
301.2731 13.7641 7.19 1.09
301.2781 51.8394 6.14 1.60
301.2829 -46.0970 6.96 1.48
301.2867 -63.0616 7.28 0.00
301.2896 19.9911 5.09 1.06
301.2906 38.4785 6.18 0.65
301.2922 2.1188 6.77 0.48
301.2931 40.8138 7.22 0.32
301.3000 -26.8133 7.24 0.09
301.3315 -29.0796 7.48 0.47
301.3347 0.4545 6.93 0.05
301.3396 56.3414 6.19 0.44
301.3578 -34.6669 6.99 0.01
301.3597 -12.6652 6.53 0.05
301.3606 15.5004 6.37 1.61
301.3832 -67.3209 6.07 0.65
301.3835 -32.9998 6.53 -0.07
301.3867 61.9954 5.40 1.19
301.4186 48.5668 7.44 0.66
301.4346 22.7972 6.91 0.04
301.4834 4.7755 6.96 0.10
301.4840 35.6721 7.29 0.20
301.4889 35.7884 6.77 0.13
301.4946 35.7972 7.36 0.19
301.5082 9.0934 7.40 1.58
301.5509 -4.0782 6.47 1.16
301.5573 53.1657 5.81 0.45
301.5908 35.9725 5.38 0.85
301.6042 39.0987 6.86 1.55
301.6208 36.2266 7.01 1.15
301.6411 12.6816 7.34 1.42
301.6510 -4.4174 7.12 0.15
301.6615 7.5761 7.12 0.11
301.7225 23.6144 5.08 -0.16
301.7500 66.3080 6.97 0.07
301.7577 13.3243 7.14 1.69
301.7758 36.8267 6.96 0.17
301.7977 50.2296 6.53 0.13
301.8076 -69.5555 7.45 0.09
301.8166 82.2165 7.46 0.54
301.8245 11.0538 7.12 0.36
301.8465 -52.8808 4.93 1.59
301.8487 35.7183 7.26 0.10
301.8492 -29.7208 6.69 1.31
301.8606 36.5678 7.28 1.78
301.8806 16.6473 7.17 1.04
301.8934 45.1534 7.42 0.94
301.8962 -55.0160 6.26 0.53
301.9227 34.4229 6.12 0.12
301.9329 2.4430 7.16 0.28
301.9396 57.7999 7.18 0.01
301.9599 9.3998 6.43 0.46
301.9950 77.8244 6.99 0.49
302.0048 42.3850 6.98 0.70
302.0076 -0.6782 5.97 1.02
302.0271 16.6644 6.39 1.72
302.0316 -6.7613 7.05 -0.04
302.0398 -52.5778 6.47 0.68
302.0542 -18.8039 7.03 -0.02
302.0853 -66.3547 6.45 1.59
302.0876 20.2199 7.33 0.41
302.1217 -15.0320 6.52 1.17
302.1247 -10.3131 7.05 1.10
302.1265 -74.7574 7.24 1.07
302.1303 -10.0626 6.18 0.03
302.1377 10.0539 7.44 0.95
302.1489 -14.2540 7.48 1.14
302.1500 36.6720 7.43 0.06
302.1515 85.1242 7.13 0.57
302.1595 10.7259 6.34 -0.14
302.1774 -66.1821 3.55 0.75
302.1787 50.5863 7.40 0.57
302.1790 22.1534 7.03 0.96
302.2021 39.7983 7.22 -0.11
302.2070 12.2284 7.18 -0.05
302.2222 77.7114 4.38 -0.05
302.2367 62.0766 6.74 0.03
302.2660 -47.0679 6.46 1.46
302.2717 -26.2240 7.18 0.48
302.2839 16.9070 6.91 1.27
302.3058 19.0731 6.95 0.85
302.3097 35.4839 7.38 0.13
302.3266 -28.4402 7.12 1.04
302.3357 68.5996 6.97 1.28
302.3432 56.0268 6.49 0.94
302.3539 -33.8743 7.27 -0.03
302.3567 36.8396 4.93 -0.14
302.3874 33.6816 7.26 1.52
302.3894 -20.5936 7.45 0.38
302.4600 39.1369 7.12 0.31
302.4860 20.9150 6.51 0.39
302.5099 28.2691 7.50 -0.03
302.5245 -43.8942 6.93 1.02
302.5281 -25.2840 7.45 0.43
302.5325 8.4434 6.57 0.52
302.5422 -63.6230 7.01 0.16
302.5555 43.9456 7.41 0.67
302.5645 -79.1105 7.26 1.00
302.6061 -19.3835 7.28 0.58
302.6169 25.0490 7.10 0.13
302.6202 44.6168 7.48 1.40
302.6326 28.4343 7.19 -0.01
302.6369 52.3851 7.43 1.58
302.6397 26.9042 5.51 0.09
302.6404 48.2312 6.61 1.18
302.6629 -46.7351 6.81 1.17
302.6845 41.2470 6.97 0.22
302.6881 20.4868 7.45 -0.08
302.7266 30.7897 6.96 -0.10
302.7318 84.5445 7.16 0.39
302.7372 68.2722 6.84 0.13
302.7648 21.1346 6.24 0.89
302.7711 32.2869 7.29 0.02
302.7748 -6.0877 6.87 0.03
302.7753 16.1880 7.34 0.83
302.7809 -57.5242 6.36 0.06
302.7901 6.3486 7.49 1.62
302.7920 -8.8423 6.39 -0.14
302.7995 -36.1012 5.32 0.87
302.8158 -43.6623 6.54 0.86
302.8262 -0.8215 3.24 -0.07
302.8286 -0.1265 7.10 0.45
302.8358 8.7171 7.01 1.65
302.8376 21.8749 6.24 -0.05
302.8578 29.1669 7.20 1.64
302.8611 6.0718 7.41 1.48
302.8615 -28.6949 7.49 1.35
302.8951 62.0785 5.70 0.53
302.9474 40.3300 7.11 -0.08
302.9499 26.8090 5.51 1.40
302.9611 26.8959 7.29 -0.09
302.9912 -12.3924 6.34 1.21
302.9960 59.6916 7.09 0.45
303.0029 26.4788 5.91 -0.11
303.0080 34.4789 7.24 0.27
303.0083 7.6845 7.18 1.56
303.0156 47.7370 6.92 -0.11
303.0273 38.3549 7.50 0.01
303.0639 -8.0923 7.32 0.43
303.0768 16.2171 7.29 0.81
303.0994 -42.7801 6.20 1.23
303.1078 -12.6175 5.84 0.48
303.1322 51.4636 6.01 1.14
303.1386 25.6534 7.44 0.42
303.1464 0.8671 6.25 0.04
303.1609 -6.3661 6.92 0.06
303.1971 -2.9960 6.91 0.24
303.2631 11.8509 6.51 1.19
303.2684 -0.3308 6.47 1.53
303.3078 -1.0093 5.44 1.43
303.3234 25.2416 7.45 1.56
303.3252 46.8157 4.80 0.10
303.3305 79.6515 6.78 1.54
303.3351 35.5999 7.09 1.14
303.3366 72.8971 7.17 0.33
303.3437 38.7654 7.08 0.50
303.3493 56.5677 4.28 0.11
303.3576 14.4103 7.44 0.98
303.3641 55.1313 6.66 0.96
303.3650 60.6406 5.81 1.48
303.3849 -47.7132 6.47 1.25
303.3875 36.3284 7.10 -0.09
303.3911 -38.4481 6.90 0.46
303.3949 16.2652 6.85 1.71
303.4014 53.6593 7.33 0.01
303.4079 46.7413 3.80 1.27
303.4133 46.7119 7.01 -0.13
303.4190 24.2390 6.58 0.30
303.4197 53.1251 7.02 0.50
303.4234 -34.1185 6.66 0.79
303.4272 -61.5500 7.08 -0.07
303.4284 43.3790 6.13 1.49
303.4811 39.1590 7.09 0.18
303.5019 -9.6180 7.35 0.10
303.5189 22.2227 7.25 0.04
303.5203 36.6049 6.47 -0.01
303.5275 -62.4895 7.13 1.11
303.5443 64.7653 7.26 0.84
303.5605 28.6948 5.19 0.19
303.5671 31.9978 7.29 0.11
303.5692 15.1976 4.94 0.07
303.5774 30.1773 7.12 -0.13
303.5793 -52.4458 5.65 1.50
303.5897 42.1043 6.67 -0.04
303.6015 -6.0474 7.43 0.39
303.6075 -62.2792 6.74 1.74
303.6087 80.5318 6.80 0.01
303.6122 -63.4158 6.09 0.31
303.6268 37.3538 7.12 0.28
303.6272 24.8448 7.47 -0.06
303.6334 36.8063 4.93 0.15
303.6455 -64.4298 6.92 0.16
303.6651 36.7521 6.57 1.31
303.6663 58.9392 7.11 1.36
303.6899 47.4406 7.28 -0.09
303.6948 21.9754 7.13 1.39
303.7020 -10.8902 7.40 1.26
303.7155 10.4724 7.03 -0.00
303.7227 3.4069 7.00 0.95
303.7257 32.8687 6.87 0.02
303.7340 -56.9765 7.24 0.49
303.7350 72.6055 7.14 1.61
303.7788 -13.3839 6.91 1.40
303.7943 -3.5036 6.93 0.37
303.7957 55.6565 6.56 1.04
303.8067 54.1466 7.26 1.57
303.8162 25.5920 4.79 -0.18
303.8221 -27.0330 5.73 0.88
303.8217 45.7410 7.11 -0.09
303.8376 -64.8194 7.43 0.94
303.8478 -5.5367 7.05 0.18
303.8489 44.0006 7.16 0.40
303.8491 33.7291 5.70 0.93
303.8507 10.1535 7.32 0.46
303.8621 44.1388 7.22 1.61
303.8680 47.7142 3.96 1.45
303.8683 -7.5314 6.85 0.22
303.8750 23.7420 7.18 0.97
303.8760 23.5089 5.18 1.02
303.8856 2.8466 6.82 0.45
303.9047 7.8090 7.29 0.40
303.9302 50.2329 6.36 0.10
303.9302 78.0229 7.46 0.89
303.9405 15.3171 6.86 0.26
303.9422 27.8142 4.50 1.26
303.9556 52.5023 7.40 1.57
303.9609 -30.0053 6.30 1.51
304.0026 45.5795 5.87 0.45
304.0116 -16.2957 7.34 0.23
304.0143 38.8980 6.28 0.01
304.0250 4.5808 6.44 0.87
304.0619 -41.4785 6.99 1.43
304.0665 51.9988 7.47 -0.03
304.0824 21.5987 6.11 1.04
304.0863 22.2872 6.83 1.22
304.0933 26.4904 7.20 1.00
304.0950 -12.3371 6.30 0.01
304.0984 -36.4536 6.30 1.47
304.1068 22.3965 7.17 0.33
304.1083 -1.4998 7.22 1.43
304.1102 -35.1985 6.55 0.38
304.1133 27.7761 6.65 -0.07
304.1173 37.0564 6.47 -0.10
304.1439 21.4047 7.09 0.07
304.1499 45.3391 7.11 1.50
304.1644 28.5229 7.19 -0.04
304.1656 35.4685 7.12 -0.01
304.1962 24.6711 5.30 0.95
304.2008 32.3798 7.18 0.07
304.2043 56.0403 6.65 1.20
304.2094 -3.4917 6.93 0.53
304.2101 -40.9056 7.03 0.44
304.2291 31.5052 6.92 -0.00
304.2304 40.3651 5.27 1.65
304.2355 16.7661 7.29 1.17
304.2513 7.0717 7.37 1.57
304.2513 -18.4314 7.42 0.21
304.2519 8.9632 6.51 0.31
304.2772 -21.3179 6.97 2.45
304.2897 -67.4553 6.72 0.23
304.2907 15.8727 7.48 -0.09
304.3022 40.5914 7.14 -0.02
304.3448 38.2357 6.99 0.44
304.3549 39.5935 6.57 -0.07
304.3617 -15.8278 7.43 0.22
304.3711 42.7221 6.32 1.63
304.3788 66.8537 5.91 0.60
304.3814 29.1476 6.24 1.01
304.4119 -12.5082 4.30 0.93
304.4327 -51.9169 6.68 0.47
304.4467 38.0329 4.77 0.38
304.4570 -40.1848 6.72 0.52
304.4592 54.3225 6.73 0.45
304.4771 34.0903 7.23 1.32
304.4861 -8.0661 7.28 1.07
304.5058 -21.8100 5.86 1.00
304.5136 -12.5449 3.58 0.88
304.5291 40.7321 5.83 0.07
304.5417 -4.7287 7.27 0.57
304.5440 70.7865 7.25 0.33
304.5711 25.6483 6.98 -0.14
304.5826 3.6806 7.34 1.21
304.6010 32.1104 7.24 0.27
304.6031 55.3971 5.76 0.12
304.6123 -72.9793 6.57 1.41
304.6194 36.9998 5.58 0.06
304.6252 -72.8081 6.93 1.03
304.6461 17.3622 6.86 1.36
304.6501 21.5207 7.50 0.31
304.6563 0.6411 6.92 0.20
304.6628 34.9828 5.14 0.66
304.6631 -42.6204 7.46 0.58
304.6818 -61.9067 6.60 0.01
304.7070 46.3222 6.46 -0.12
304.7111 26.9912 6.61 1.65
304.7154 38.2796 7.26 0.33
304.7168 21.2101 7.11 -0.01
304.7332 -47.7108 6.28 1.66
304.7355 -6.6387 7.46 1.13
304.7397 39.0042 6.35 1.87
304.7529 2.2334 7.35 0.29
304.7596 -14.2910 7.45 1.05
304.7625 -63.2307 6.27 1.04
304.7854 39.2734 7.42 0.39
304.7882 14.3842 7.20 0.92
304.7937 29.4991 7.22 0.64
304.8241 -47.5803 6.13 0.47
304.8382 14.3707 6.74 0.36
304.8483 -19.1185 5.28 1.39
304.8575 -20.9508 6.84 0.33
304.8721 13.2168 6.20 1.65
304.8797 32.0472 7.32 0.39
304.9029 62.2575 5.71 -0.04
304.9062 -31.7295 7.35 0.42
304.9303 -1.0785 6.05 1.09
304.9383 -25.2286 7.20 0.59
304.9477 -0.9071 7.48 0.12
304.9513 37.1325 6.60 -0.00
304.9549 38.3427 7.40 0.31
304.9570 45.3638 6.98 0.46
304.9576 29.7269 6.78 -0.14
304.9698 -0.6456 7.38 1.33
304.9835 46.8373 6.49 -0.08
304.9923 -32.6165 7.24 0.26
305.0008 13.5481 5.96 0.30
305.0250 68.8803 5.59 1.47
305.0414 11.4694 6.63 1.39
305.0604 -34.5853 6.62 0.59
305.0634 39.4032 6.22 0.06
305.0641 15.5429 6.77 0.57
305.0855 14.5693 6.17 0.93
305.0892 17.7929 5.82 1.50
305.1070 7.6148 7.25 1.29
305.1089 -6.3617 6.63 1.55
305.1162 -29.1972 6.56 0.18
305.1166 43.8545 6.78 0.46
305.1186 -19.6472 6.93 1.26
305.1277 53.5957 6.23 1.55
305.1346 -55.0509 6.27 1.62
305.1594 -58.7295 7.21 0.18
305.1659 -12.7591 4.77 -0.05
305.1755 22.2768 7.07 -0.07
305.1820 82.3680 7.03 0.46
305.1939 -14.7849 6.09 -0.02
305.2162 -35.6737 6.46 1.31
305.2250 -45.5455 7.32 0.52
305.2528 -14.7814 3.05 0.79
305.2547 -10.9827 6.83 1.39
305.2551 -18.3239 7.27 1.47
305.2592 -50.0172 7.30 0.13
305.2980 63.9801 5.69 1.56
305.3145 15.1043 6.59 0.03
305.3395 63.4317 6.94 1.72
305.3682 -66.7497 6.49 0.51
305.3732 30.5903 6.77 0.26
305.3736 -10.1442 7.30 0.03
305.3835 22.8489 6.55 1.52
305.3982 -67.3128 6.91 0.56
305.4016 1.6709 7.50 0.10
305.4180 44.8142 7.47 0.73
305.4215 -49.9994 6.26 0.55
305.4295 -36.6101 7.49 0.59
305.4502 -40.7556 7.04 1.62
305.4829 13.5925 7.49 -0.05
305.4879 7.1717 7.43 0.95
305.5127 41.1321 6.38 1.02
305.5143 24.4461 5.50 -0.09
305.5223 45.7950 5.58 1.08
305.5525 50.5411 7.01 0.15
305.5571 69.5125 7.27 0.17
305.5571 40.2567 2.23 0.67
305.6111 16.9167 7.36 1.41
305.6146 -42.0495 5.60 0.00
305.6284 54.9322 7.47 0.10
305.6342 34.9907 6.86 0.06
305.6358 26.2980 7.03 1.21
305.6555 31.2650 6.09 1.36
305.6715 -78.9609 6.64 0.02
305.6871 12.4434 6.74 1.22
305.6876 19.8500 7.13 0.73
305.6887 41.0260 5.95 1.63
305.6962 31.5496 7.21 0.86
305.7182 14.5511 6.16 0.50
305.7313 42.9835 6.20 0.96
305.7402 39.2110 6.74 -0.10
305.7514 -35.3774 7.01 0.37
305.7533 -9.6547 6.29 0.91
305.7556 54.6729 6.67 0.23
305.7946 5.3430 5.30 0.98
305.8002 24.0368 7.39 1.59
305.8257 40.7591 7.03 0.86
305.8301 -0.4523 7.00 1.60
305.8306 15.3621 7.25 0.01
305.8594 -14.2564 6.76 -0.10
305.8626 10.3632 6.70 1.04
305.8892 -26.7350 7.45 1.10
305.9097 -5.2662 6.75 0.43
305.9349 37.4764 5.87 -0.17
305.9502 37.0261 6.81 0.12
305.9651 32.1902 4.43 1.33
305.9716 -42.4229 5.64 0.20
305.9771 16.0469 6.78 -0.01
306.0234 44.7011 7.45 1.08
306.0376 29.0022 7.27 0.25
306.0579 -14.1140 6.97 1.14
306.1075 24.2776 6.95 0.71
306.1348 53.5519 6.49 -0.03
306.1385 5.5095 7.24 -0.08
306.1488 16.1437 7.03 1.61
306.1547 -25.8338 7.04 1.29
306.1562 1.0684 6.14 -0.04
306.1596 8.5975 6.77 0.03
306.1614 55.4430 7.30 0.08
306.1740 1.3686 6.41 1.60
306.1779 -29.0778 6.97 1.28
306.1854 -8.7694 7.10 0.29
306.1924 55.0114 7.50 1.11
306.1945 25.1795 7.46 -0.04
306.2005 26.1271 7.14 1.17
306.2033 40.1536 6.73 1.26
306.2284 -83.3106 6.15 0.20
306.2618 13.3862 7.43 0.10
306.2648 83.1828 6.73 0.94
306.2684 -19.4337 6.83 1.01
306.2709 59.6001 6.44 0.09
306.2836 -11.7046 7.42 0.28
306.2950 21.4886 7.07 -0.11
306.3193 60.0119 7.47 0.18
306.3371 -29.9846 7.45 1.51
306.3560 6.6418 6.75 -0.01
306.3571 42.6051 6.89 0.46
306.3598 41.9104 7.11 0.24
306.3618 -28.6633 5.86 1.10
306.3867 54.6842 7.27 -0.02
306.4119 -56.7351 1.94 -0.12
306.4189 21.4096 5.68 0.92
306.4272 -2.8004 6.10 1.19
306.4283 60.1776 7.48 0.40
306.4338 10.0560 6.32 1.57
306.4498 -40.7962 6.08 1.36
306.4976 14.9431 7.39 1.45
306.5049 19.8655 6.45 1.04
306.5067 13.9116 6.35 1.45
306.5093 -3.8647 7.48 0.48
306.5161 40.4017 6.65 -0.10
306.5186 -14.9802 7.32 1.51
306.5198 -46.6600 6.74 0.27
306.5353 69.3267 7.33 0.87
306.5639 2.9572 6.64 0.92
306.5898 41.3793 7.47 0.85
306.5965 17.3156 6.23 1.00
306.5978 56.6387 6.38 0.02
306.6080 -32.3289 7.40 1.06
306.6319 -17.3777 7.33 0.58
306.6364 -29.0739 7.16 1.12
306.6824 39.4959 7.09 -0.06
306.7017 81.4341 6.55 0.98
306.7208 -37.4029 6.24 0.96
306.7421 30.3696 7.38 0.00
306.7594 49.3834 5.73 0.34
306.7824 34.3291 6.39 0.48
306.8091 20.4765 6.44 1.03
306.8300 -18.2117 5.08 -0.05
306.8337 68.7674 7.15 0.89
306.8370 23.7905 6.88 0.20
306.8548 -1.5587 7.11 0.68
306.8622 -2.1195 7.49 0.52
306.8647 -2.1031 6.71 0.52
306.8928 38.4403 5.63 0.07
306.9032 42.0354 7.31 -0.01
306.9343 -30.8678 6.61 0.72
306.9422 -5.6542 6.98 1.47
306.9480 26.1467 7.49 0.23
306.9658 65.7558 6.56 0.15
307.0053 -25.6065 6.78 0.38
307.0127 -13.9971 7.44 0.18
307.0162 33.8879 7.00 -0.03
307.0247 -29.3740 7.34 1.13
307.0314 8.4374 6.23 1.07
307.0492 22.1290 7.09 0.64
307.0603 81.4227 5.38 1.01
307.0700 2.9372 6.20 0.90
307.0776 18.7695 6.87 0.66
307.0869 20.1129 6.88 0.03
307.1038 -3.3578 6.12 -0.05
307.1074 39.3290 6.98 0.95
307.1109 -9.3704 6.82 1.17
307.1221 -24.1632 7.08 0.87
307.1279 48.9189 6.65 1.65
307.1366 -34.4097 6.74 1.27
307.1382 -11.7962 7.15 1.58
307.1451 8.2565 7.40 1.24
307.1498 0.8835 7.43 -0.09
307.1724 -67.7582 7.23 0.40
307.1816 -15.7415 6.41 1.00
307.1842 -23.9838 6.84 1.24
307.1947 -35.5959 6.09 -0.09
307.2002 -11.7266 7.33 0.45
307.2030 45.7188 7.40 -0.02
307.2082 -1.7346 6.82 0.55
307.2151 -17.8137 4.77 0.39
307.2458 -17.4348 6.71 0.69
307.2514 -20.9015 7.08 0.14
307.2529 -17.8754 6.55 1.08
307.2618 83.6254 6.19 0.16
307.2635 16.2543 7.39 0.20
307.2745 35.8312 7.31 1.45
307.2788 28.3610 7.39 0.37
307.2865 12.6811 6.94 0.01
307.2988 4.4566 7.08 0.51
307.3350 36.4547 5.90 0.41
307.3381 20.0877 6.58 0.23
307.3489 30.3686 4.01 0.40
307.3598 9.8978 7.21 1.51
307.3629 56.0682 5.89 -0.05
307.3640 81.0913 5.96 0.94
307.3751 -12.5914 7.39 1.10
307.3806 -22.3916 6.13 1.54
307.3952 62.9941 4.21 0.20
307.4125 -2.8855 4.91 1.16
307.4369 2.9962 7.09 -0.01
307.4691 -18.5864 6.74 0.22
307.4746 -18.5832 5.94 0.06
307.4804 10.3021 6.76 1.06
307.4997 45.9286 6.43 1.14
307.5030 72.5317 6.23 1.35
307.5147 48.9516 4.94 -0.09
307.5199 19.6676 6.88 -0.15
307.5304 19.4301 7.31 -0.12
307.5602 19.4210 6.85 0.50
307.5726 -69.0692 7.09 0.10
307.5748 10.8959 6.03 -0.02
307.5780 54.6810 7.45 0.53
307.5833 49.7802 6.57 1.03
307.6052 27.8328 7.05 0.64
307.6117 52.2939 7.46 0.11
307.6406 -64.1902 7.12 0.47
307.6457 44.3152 7.10 0.85
307.6710 -20.7097 7.05 1.26
307.6923 -15.7714 7.17 0.10
307.7197 49.2132 6.65 0.05
307.7324 -10.0354 7.33 0.87
307.7360 26.6855 7.37 0.96
307.7367 -29.1127 6.35 0.23
307.7423 20.6061 6.21 0.14
307.7468 36.9358 6.21 0.97
307.7595 17.0761 7.50 1.64
307.7679 -15.0562 6.10 0.80
307.7755 15.8076 6.85 0.14
307.7787 40.8580 7.44 1.01
307.7997 11.2593 7.28 0.29
307.8045 11.2606 7.08 -0.01
307.8284 49.2203 5.44 1.57
307.8381 52.3095 6.20 1.02
307.8746 33.0983 7.17 0.91
307.8767 74.9546 5.18 0.10
307.8835 21.8951 6.86 0.26
307.9011 34.3304 6.47 0.42
307.9318 30.2609 7.16 1.45
307.9319 4.4157 7.22 0.37
307.9438 49.5424 7.50 0.01
307.9438 56.7799 6.14 1.43
307.9677 16.9917 7.24 -0.03
307.9770 -0.1544 7.48 1.11
307.9925 25.8050 6.37 0.28
308.0038 -65.8152 7.47 0.52
308.0186 60.4224 7.17 0.32
308.0213 -5.2424 6.62 1.20
308.0333 18.6276 7.12 1.62
308.0377 22.8243 6.51 0.86
308.0564 65.3992 6.57 1.10
308.0611 20.8596 7.43 -0.12
308.0614 -71.8642 7.38 0.04
308.0711 54.1563 7.44 -0.09
308.0739 2.2201 7.39 1.46
308.0789 -24.8705 7.33 1.51
308.0851 2.1328 6.47 1.51
308.0987 -9.8534 5.66 0.69
308.1049 70.5321 6.76 -0.02
308.1066 48.2165 6.98 -0.07
308.1317 -16.6096 7.16 0.32
308.1767 -28.5954 7.32 0.06
308.1823 16.7672 6.96 -0.06
308.2132 27.2122 6.89 1.08
308.2153 41.8985 7.08 0.80
308.2180 43.1916 6.61 -0.11
308.2182 -24.9438 6.35 0.00
308.2460 49.8412 6.63 0.55
308.2774 54.4570 6.82 1.75
308.3032 11.3033 4.03 -0.12
308.3234 -80.9649 5.76 1.12
308.3443 29.5239 7.46 1.43
308.3454 -41.5248 6.80 0.67
308.3476 54.8020 7.01 0.36
308.3564 -6.2194 6.96 1.63
308.3766 32.9077 7.34 -0.15
308.3790 -22.2319 7.47 0.55
308.4151 45.1756 6.71 0.03
308.4423 52.8265 7.37 -0.05
308.4452 -40.5572 7.40 0.05
308.4523 41.7727 6.50 0.99
308.4557 -29.2926 7.00 0.26
308.4738 10.0597 6.54 0.10
308.4758 35.2509 4.61 1.59
308.4785 46.6939 5.78 -0.14
308.4795 -44.5160 5.12 1.00
308.4841 61.7434 7.04 0.06
308.4877 13.0273 5.39 0.09
308.4979 52.5978 7.41 1.09
308.4997 4.8987 6.42 1.02
308.5053 18.1855 7.03 1.62
308.5076 -12.3437 6.97 0.16
308.5082 34.6790 6.67 -0.12
308.5416 20.9852 6.49 -0.14
308.5487 -13.7211 6.11 0.54
308.5671 43.3610 7.28 0.39
308.5681 19.5306 7.29 1.57
308.5688 -43.4479 6.73 1.27
308.5688 49.7732 7.21 1.52
308.5944 -66.7309 7.41 0.03
308.6325 6.8781 6.97 -0.12
308.6500 41.0984 6.67 1.49
308.6700 49.1774 7.25 0.03
308.6840 -63.3117 7.34 0.10
308.6858 32.5059 6.89 1.14
308.6917 82.0113 7.01 1.30
308.6975 -30.4735 6.42 -0.07
308.7048 13.4647 7.50 -0.07
308.7100 51.8542 6.19 0.32
308.7274 -41.9870 7.28 0.16
308.7311 -38.0899 6.45 0.26
308.7545 32.0346 7.48 1.44
308.7649 -9.5806 7.38 0.06
308.7763 -71.1888 6.41 1.30
308.8103 44.4091 7.31 0.28
308.8251 41.8902 6.63 0.93
308.8272 14.6742 4.64 0.12
308.8705 69.6798 6.71 0.91
308.8735 6.9471 6.53 -0.06
308.8844 -16.5259 6.19 0.22
308.8950 -60.5817 4.75 0.29
308.9286 3.3029 7.42 0.49
308.9463 -0.0012 7.09 0.51
308.9492 -44.3376 6.36 0.96
308.9654 -69.6106 6.09 1.29
308.9770 -26.7734 7.20 0.42
309.0029 79.4304 6.95 -0.14
309.0347 25.8826 6.40 0.16
309.0662 16.8147 6.59 1.40
309.0685 -12.3812 6.81 1.27
309.1103 -20.5855 7.19 1.33
309.1271 -45.5579 7.28 0.30
309.1498 -71.0714 6.84 -0.01
309.1597 -63.1210 6.34 0.41
309.1781 2.4958 7.44 1.25
309.1818 -2.5500 4.91 1.61
309.2044 -69.4507 7.00 1.07
309.2104 49.9096 7.09 1.03
309.2295 -37.3869 7.44 1.24
309.2447 32.3513 7.15 0.17
309.2663 8.9778 7.48 0.26
309.2695 26.4619 5.59 -0.05
309.2830 61.3646 7.03 0.40
309.2832 36.5840 7.50 0.07
309.2951 -1.3110 7.09 0.96
309.2960 -65.0333 6.69 -0.07
309.3028 52.9731 6.64 1.10
309.3266 0.0970 6.21 -0.08
309.3375 75.6004 7.46 0.86
309.3383 -15.1473 6.76 1.26
309.3444 38.0985 7.09 1.59
309.3458 42.9912 7.28 -0.10
309.3483 38.3287 6.21 1.01
309.3824 31.5725 6.32 -0.09
309.3863 31.5219 6.51 0.37
309.3872 14.5951 3.64 0.42
309.3908 6.5009 7.14 0.13
309.3917 -47.2915 3.11 1.00
309.3970 -61.5299 4.86 0.45
309.4310 -22.4429 7.42 0.47
309.4329 -41.2276 6.62 0.43
309.4347 33.3665 6.97 1.11
309.4505 60.7560 7.08 0.84
309.4538 -17.1225 7.09 -0.04
309.4547 11.3777 5.42 0.05
309.4659 -60.6345 7.50 0.67
309.4676 -25.1092 6.38 0.33
309.4780 18.2686 6.22 1.16
309.4827 -11.0331 7.19 -0.04
309.4954 42.8456 7.03 0.49
309.5204 -24.2289 6.89 0.20
309.5210 76.8332 7.07 0.40
309.5360 -4.3818 6.93 1.18
309.5388 -30.9780 7.28 1.60
309.5656 44.3327 6.68 -0.13
309.5706 48.0701 6.61 0.93
309.5775 -81.2891 5.89 1.69
309.5845 -1.1051 4.31 0.95
309.5987 -44.5248 7.30 0.95
309.6061 -20.9941 7.25 0.94
309.6306 21.2012 4.81 -0.03
309.6330 24.1160 5.06 -0.13
309.6458 23.6805 5.91 0.95
309.6673 38.6351 6.76 0.61
309.6816 24.7780 7.42 -0.08
309.6833 13.3151 5.69 1.51
309.7343 -71.0944 7.08 1.65
309.7480 30.3343 5.68 1.09
309.7508 56.0048 6.45 0.40
309.7607 -49.3314 7.33 0.63
309.7679 -16.5595 7.18 0.48
309.7707 15.8382 5.99 -0.14
309.7744 -4.9295 6.46 1.02
309.7824 10.0862 5.07 0.70
309.7944 21.8174 6.08 -0.04
309.8052 -2.4130 6.23 -0.09
309.8180 -14.9548 5.24 -0.13
309.8241 -6.1909 7.47 1.53
309.8347 26.0676 6.98 1.29
309.8400 -61.5356 7.17 -0.04
309.8464 45.6669 6.61 -0.07
309.8537 0.4864 5.15 1.06
309.8804 26.6976 7.14 0.35
309.8874 42.2486 6.81 0.51
309.8888 40.5797 6.07 -0.13
309.9013 30.8141 7.36 1.22
309.9095 15.9121 3.77 -0.06
309.9656 -62.9078 6.22 1.10
309.9662 11.2496 6.39 0.56
309.9677 13.4197 7.13 1.48
309.9685 -36.0336 7.22 0.37
309.9809 35.3907 6.89 0.94
309.9993 8.4470 6.85 1.06
310.0102 -60.5489 5.11 0.54
310.0123 -18.1387 5.15 1.65
310.0132 43.4589 5.97 1.19
310.0489 -23.7739 6.36 0.72
310.0522 -2.6551 6.61 1.05
310.0736 3.4413 6.94 1.14
310.0745 60.5053 6.02 0.44
310.0795 -35.7989 7.47 0.34
310.0826 -33.4318 5.47 1.12
310.0930 -24.1180 7.21 0.61
310.0944 -46.8266 7.47 1.29
310.1355 -16.1242 5.79 1.00
310.1370 55.1070 7.34 -0.01
310.1471 15.6432 6.76 0.46
310.1491 21.9270 7.36 -0.05
310.1496 -26.6451 6.51 0.59
310.1511 29.8056 6.02 0.16
310.1761 26.0792 6.74 0.06
310.1881 19.9355 6.43 0.61
310.2084 35.0400 7.23 0.46
310.2183 -28.5493 6.69 1.27
310.2220 41.2025 7.01 -0.07
310.2251 17.5710 6.81 -0.06
310.2318 -42.3967 6.25 0.93
310.2515 39.0823 6.51 -0.10
310.2606 32.3073 5.53 0.87
310.2752 -55.6054 7.50 1.02
310.3038 -13.5003 7.30 1.15
310.3175 14.5829 6.01 1.24
310.3262 31.2502 7.38 1.18
310.3298 -17.3785 6.95 1.25
310.3411 72.9744 7.27 1.13
310.3485 -31.5983 5.75 1.55
310.3511 -25.9999 6.29 1.22
310.3523 -5.9980 7.35 1.01
310.3527 -42.1338 6.28 1.58
310.3580 45.2803 1.25 0.09
310.3838 35.9110 7.47 1.32
310.4069 13.8088 6.81 0.17
310.4229 11.5662 7.49 1.49
310.4242 24.1825 6.92 -0.05
310.4326 -75.3508 6.51 0.62
310.4385 -75.3464 7.18 0.64
310.4654 20.7140 7.40 0.33
310.4854 41.7169 5.68 -0.11
310.4878 -66.7607 5.14 -0.06
310.4923 17.5215 6.24 0.94
310.5097 31.3119 7.01 0.02
310.5110 -76.1806 5.99 0.45
310.5169 -46.4002 7.44 1.63
310.5245 6.5076 7.08 -0.10
310.5526 50.3400 5.41 -0.11
310.5655 -44.8852 6.99 0.09
310.5700 57.3854 6.99 0.30
310.5930 35.4562 6.70 -0.16
310.6142 -2.3269 7.31 0.13
310.6399 -84.4071 6.94 0.22
310.6463 82.5312 5.75 0.00
310.6653 63.2131 7.44 0.15
310.6654 60.6013 6.17 0.03
310.6657 -18.1097 7.33 0.35
310.7019 66.3267 7.01 0.03
310.7206 -39.5588 6.30 1.07
310.7310 49.0528 7.31 0.34
310.7958 66.6574 5.59 0.22
310.8070 57.1140 6.34 0.28
310.8167 -29.4239 6.95 0.67
310.8333 25.8248 7.03 0.34
310.8485 33.8687 7.27 -0.11
310.8508 35.5878 6.48 1.25
310.8558 25.6023 7.14 1.61
310.8602 -22.4539 7.20 0.96
310.8647 15.0746 4.43 0.30
310.8724 55.2918 6.96 -0.07
310.8949 -11.6415 6.81 0.99
310.9125 6.5782 7.21 1.06
310.9172 5.3902 6.69 0.11
310.9340 46.3181 7.05 1.04
310.9486 23.7911 6.93 -0.05
310.9733 42.2202 7.01 0.30
310.9793 -19.3443 7.44 1.13
310.9873 -5.5902 7.19 0.35
311.0002 21.4007 7.18 0.13
311.0095 -51.9210 4.51 0.28
311.0171 -31.9284 7.39 1.29
311.0526 -3.9154 7.04 1.16
311.0919 56.4884 5.91 1.64
311.1378 69.7518 6.50 0.97
311.1386 -14.1858 6.87 1.57
311.1473 -28.2046 7.24 0.28
311.1519 47.2969 6.57 1.35
311.1706 -35.8276 6.95 0.93
311.1950 20.4897 6.97 0.27
311.2188 25.2706 4.92 1.18
311.2275 12.3127 6.71 0.17
311.2397 -66.2032 3.42 0.16
311.2399 -50.4879 7.27 -0.01
311.2861 -50.5065 7.42 1.07
311.2989 -35.1664 6.80 0.63
311.3047 -27.2473 6.50 0.95
311.3124 -15.7983 6.98 0.36
311.3222 61.8388 3.41 0.91
311.3374 46.3548 6.71 -0.03
311.3382 57.5797 4.52 0.54
311.3460 -15.0347 7.38 1.02
311.3494 -30.4782 6.78 0.33
311.3669 5.8812 7.43 1.00
311.3676 18.0900 6.74 1.42
311.4156 30.7197 4.22 1.05
311.4295 50.6739 7.19 0.54
311.4875 7.3791 6.98 0.07
311.5050 -0.3404 6.76 0.95
311.5239 -25.2709 4.13 0.43
311.5416 -21.5140 5.91 0.07
311.5527 33.9703 2.48 1.02
311.5554 15.9073 7.09 0.79
311.5775 -36.1202 6.49 0.43
311.5836 -39.1993 5.48 -0.08
311.5885 52.9953 6.34 1.13
311.6085 16.9035 7.12 1.51
311.6128 -50.8055 6.54 1.16
311.6141 -26.8687 7.01 0.41
311.6256 -22.1640 7.35 1.31
311.6608 46.5317 6.30 0.06
311.6619 16.1241 5.15 0.49
311.6646 16.1243 4.27 1.04
311.6857 24.4625 7.38 0.21
311.6929 -64.9094 6.70 1.07
311.6978 32.4199 7.03 -0.04
311.7544 58.4168 6.68 1.26
311.7648 -2.4869 6.28 1.56
311.7853 32.1723 7.42 0.06
311.7913 42.4098 7.22 -0.05
311.7948 34.3741 4.93 1.29
311.8163 -47.1728 7.36 0.30
311.8337 -26.4152 7.13 0.55
311.8365 45.5799 6.41 1.61
311.8486 -45.8545 6.83 1.28
311.8522 36.4907 4.53 -0.08
311.8897 80.5523 5.36 1.14
311.8941 1.8319 7.22 1.47
311.9078 12.9862 7.43 0.59
311.9112 6.9760 7.28 0.46
311.9190 -9.4958 3.78 0.00
311.9343 -5.0277 4.43 1.64
311.9385 10.4653 7.43 0.26
311.9490 26.1780 7.07 -0.07
311.9495 3.3065 6.38 -0.01
311.9514 6.0082 5.57 -0.01
311.9554 47.8319 5.60 1.47
311.9687 27.5954 7.03 0.26
311.9706 52.4072 6.29 0.88
311.9983 39.2877 7.00 0.67
312.0343 -9.7488 7.25 1.37
312.0406 2.7155 6.94 1.05
312.0538 -16.5213 6.99 0.46
312.0570 -19.2603 6.81 0.42
312.0648 -4.6403 6.96 1.17
312.0767 -44.1968 6.47 1.16
312.0895 7.5942 7.11 1.00
312.0908 -22.7407 7.31 0.53
312.0979 21.2333 7.14 0.95
312.1023 3.6490 6.78 -0.09
312.1065 68.0329 6.98 0.38
312.1082 -18.2017 7.14 0.94
312.1158 1.7227 7.25 1.02
312.1213 -43.9885 5.11 0.36
312.1234 69.6579 7.43 0.14
312.1335 23.0118 7.47 -0.03
312.1507 -43.0075 7.09 1.28
312.1565 30.7928 7.26 1.45
312.1781 51.9103 6.26 -0.07
312.1787 41.7629 7.42 0.92
312.2346 46.1141 4.81 0.57
312.2353 -68.7913 7.00 0.28
312.2535 -72.5327 7.22 -0.00
312.2809 42.9549 7.33 -0.01
312.2844 54.2338 7.16 1.08
312.3003 35.5636 6.60 1.62
312.3111 14.6058 7.11 -0.05
312.3114 -48.2245 6.96 1.04
312.3206 -30.1922 7.26 1.50
312.3218 -0.5633 6.24 1.40
312.3225 64.0423 6.45 0.03
312.3234 -25.7812 5.86 -0.07
312.3260 -68.7765 5.41 1.12
312.3292 58.7487 6.88 -0.05
312.3356 -18.0359 6.20 1.40
312.3423 83.9418 7.18 0.41
312.3706 -46.2268 4.90 1.49
312.3879 50.7832 7.22 1.62
312.4030 51.3143 6.65 0.37
312.4070 50.1271 6.50 1.62
312.4074 12.5451 6.01 0.42
312.4127 13.9629 7.12 0.46
312.4423 11.4949 7.41 0.96
312.4511 7.8642 6.32 0.02
312.4584 -0.3243 7.18 1.20
312.4777 46.6613 6.33 -0.07
312.4920 -33.7797 4.89 1.00
312.4947 2.4338 7.03 1.51
312.4962 5.5446 6.20 0.99
312.5204 44.0593 5.06 0.20
312.5211 -27.3677 7.16 1.05
312.5228 27.3777 7.18 -0.05
312.5395 13.2983 7.22 1.05
312.5760 56.7984 7.12 -0.07
312.6256 -24.9828 6.84 0.49
312.6502 30.9127 6.80 0.27
312.6544 18.0513 6.63 0.04
312.6652 42.3820 7.32 -0.10
312.6741 -12.5449 5.87 1.07
312.6965 -32.0546 6.42 1.51
312.7256 -21.3123 7.14 0.45
312.7333 34.7540 6.64 1.02
312.7375 48.0305 6.98 1.47
312.7532 -37.9133 5.52 1.38
312.7671 52.3957 7.08 0.85
312.7726 51.4172 6.91 0.30
312.8573 -5.6266 5.99 0.46
312.8677 28.2505 5.66 0.62
312.8752 -51.6082 5.06 1.12
312.8779 47.7077 7.36 1.11
312.8789 37.9895 7.29 0.04
312.8900 -27.2448 6.74 0.51
312.8922 49.6543 6.99 1.21
312.9010 -27.9953 6.84 0.26
312.9102 -62.4293 5.67 0.20
312.9117 -29.4420 7.12 0.49
312.9471 -10.3173 7.49 0.71
312.9554 -26.9191 4.12 1.63
312.9577 23.3314 7.15 1.61
312.9592 74.6391 7.26 0.17
312.9832 8.7727 6.83 1.52
312.9948 -33.1780 6.06 0.03
313.0016 32.8489 6.42 -0.14
313.0031 -11.4395 7.09 1.06
313.0149 34.6576 7.31 -0.09
313.0320 27.0970 4.56 0.83
313.0362 -5.5071 5.55 -0.08
313.0593 39.5013 7.39 0.09
313.0671 -19.6436 7.29 -0.06
313.0874 55.0512 6.77 0.08
313.0899 -21.2309 7.36 1.05
313.1218 58.6551 7.39 0.92
313.1246 18.0273 6.55 0.98
313.1294 -13.2029 6.85 1.43
313.1635 -8.9833 4.73 0.33
313.1797 -39.1086 6.89 0.97
313.1802 56.5850 7.50 -0.12
313.2233 24.9146 6.63 1.66
313.2548 -23.7832 6.32 0.88
313.2733 -11.5737 6.38 0.66
313.2807 29.6491 6.36 1.08
313.2960 -31.5151 7.32 0.92
313.3098 -36.5139 7.31 1.04
313.3115 44.3873 4.80 -0.13
313.3263 54.5181 7.15 0.96
313.3274 45.1817 5.48 1.09
313.3540 -30.7190 6.35 1.10
313.3563 48.2675 7.38 0.24
313.3567 -64.1973 7.26 0.22
313.3599 42.4102 6.67 -0.02
313.3841 -19.1137 6.82 1.02
313.3889 31.6262 6.85 0.31
313.4161 -36.1960 7.13 1.44
313.4174 -39.8099 5.34 1.32
313.4217 61.7760 7.31 0.27
313.4222 59.3076 6.96 0.40
313.4683 49.5334 7.03 0.41
313.4735 44.3864 7.23 0.79
313.4746 33.4379 5.47 1.52
313.4933 -6.8895 6.44 0.36
313.5046 -24.2806 7.28 0.95
313.5129 -10.9243 7.04 1.46
313.5202 -4.5422 6.78 0.26
313.5238 -18.9968 7.46 0.57
313.5247 45.1101 7.36 -0.03
313.5274 -27.9252 6.41 1.63
313.5439 19.7541 7.22 0.96
313.5836 -62.8355 7.24 1.14
313.5927 40.7030 6.69 -0.08
313.5933 28.5220 6.55 -0.15
313.6402 28.0576 5.03 1.48
313.6463 -50.7273 6.23 -0.10
313.6664 46.2312 6.67 0.07
313.6750 37.0737 7.15 0.02
313.6846 75.9256 5.99 0.95
313.6931 -8.8833 7.02 1.09
313.6956 -18.7928 6.66 0.30
313.6992 -17.9229 5.78 1.12
313.7025 -58.4542 3.67 1.25
313.7049 -46.6006 7.41 0.52
313.7078 32.7064 7.46 0.59
313.7405 33.7640 6.93 1.75
313.7843 -52.1199 7.02 0.61
313.7845 -1.3730 6.55 0.29
313.7852 1.8132 6.70 0.38
313.7880 46.3502 7.00 1.00
313.8234 9.7212 7.45 0.44
313.8248 42.5135 7.03 -0.07
313.8463 40.3000 7.14 0.16
313.8491 32.6891 7.05 1.27
313.8604 43.3672 6.73 1.45
313.8717 65.6873 7.41 -0.07
313.8880 20.4011 7.27 1.33
313.9029 13.7215 5.19 1.12
313.9107 12.5686 5.54 0.13
313.9195 4.5327 6.04 0.82
313.9409 -44.5758 7.29 1.62
313.9461 7.6663 7.37 0.89
313.9486 -17.1142 7.27 0.54
313.9575 47.4177 5.68 0.41
313.9959 44.3739 6.83 -0.05
314.0091 27.5755 6.66 1.11
314.0225 9.2604 6.74 1.55
314.0454 -55.2226 7.34 1.14
314.0483 43.4243 6.87 -0.11
314.0501 75.7198 6.76 1.11
314.0533 51.0750 6.61 -0.10
314.0709 56.8875 6.23 -0.17
314.0761 -3.5617 6.57 -0.08
314.0783 42.7687 6.68 1.12
314.1019 43.9006 7.04 1.16
314.1052 14.8163 7.28 0.92
314.1061 50.7286 5.83 0.34
314.1079 49.1958 5.92 1.05
314.1284 14.6833 7.15 1.57
314.1449 44.9247 5.96 0.02
314.1861 -3.6746 7.24 1.07
314.1972 -26.2964 5.70 0.51
314.1977 1.7152 6.89 1.00
314.1999 42.8957 7.21 0.96
314.2175 -33.9985 7.36 0.49
314.2198 -22.0057 7.47 1.35
314.2251 -9.6975 5.49 1.47
314.2557 17.0975 7.15 0.17
314.2934 41.1671 3.94 0.03
314.2941 0.4638 6.06 1.22
314.2968 16.2514 7.47 1.42
314.3033 69.0576 6.82 1.26
314.3046 35.3117 6.62 1.48
314.3424 87.0327 7.42 0.10
314.3542 41.6896 7.34 0.14
314.3983 39.6627 7.48 -0.09
314.4152 26.4051 6.93 0.58
314.4174 -44.1294 6.52 0.59
314.4194 -16.0315 5.89 0.18
314.4446 -68.4247 7.02 0.17
314.4525 55.4877 7.26 0.34
314.4536 4.1955 6.84 1.39
314.4716 44.7881 7.36 1.65
314.4988 8.0623 6.95 0.95
314.5080 -11.9549 7.41 1.00
314.5486 -69.1462 6.85 -0.06
314.5638 47.6177 7.50 -0.10
314.5649 30.3959 6.54 1.03
314.5681 22.3259 5.30 1.42
314.5780 23.0463 6.57 0.88
314.5810 44.4717 5.55 0.97
314.6041 46.6041 7.45 0.47
314.6081 10.8393 5.51 0.93
314.6136 41.3577 7.11 1.52
314.6251 50.4618 5.59 -0.14
314.6290 41.9399 6.17 -0.08
314.6671 -70.4222 7.19 0.45
314.6743 -14.4831 5.95 0.24
314.6812 44.4146 7.44 1.24
314.6821 31.6475 7.18 -0.04
314.6880 -3.8415 6.95 0.19
314.7277 46.2525 7.05 0.19
314.7318 44.0604 6.65 1.07
314.7648 22.3505 6.78 1.66
314.7687 4.2935 5.30 0.46
314.7713 4.2946 5.24 0.46
314.7993 44.7905 7.13 0.83
314.8526 42.3245 6.47 -0.08
314.8553 -30.5109 7.36 0.93
314.8557 59.4386 5.54 1.41
314.8677 40.9602 7.00 1.05
314.8714 -33.6166 7.35 0.84
314.8713 55.9401 6.66 1.28
314.9006 -19.0353 6.26 -0.11
314.9209 -62.8773 6.88 1.43
314.9288 38.8229 6.76 0.79
314.9565 47.5210 4.74 -0.08
314.9568 55.2180 6.80 1.37
314.9619 16.8243 6.62 0.38
314.9637 44.9965 6.64 1.00
314.9784 -13.0516 6.61 0.18
314.9801 40.2588 6.58 0.58
314.9929 18.6189 7.12 1.05
314.9950 32.4956 6.85 1.64
314.9987 -36.1296 6.10 0.40
315.0166 7.5162 5.98 0.28
315.0221 -69.5794 6.86 0.63
315.0275 48.6794 7.30 0.01
315.0362 -10.6282 7.49 0.44
315.0448 19.9614 7.28 0.42
315.0896 -51.2653 5.76 0.48
315.1154 19.3296 5.69 1.59
315.1351 -83.1466 7.24 1.40
315.1361 -5.4774 6.53 0.06
315.1410 -4.7303 6.21 0.64
315.1684 -35.2919 6.70 0.98
315.1809 -53.7391 6.26 1.56
315.2077 46.5786 7.24 -0.11
315.2157 -17.5309 6.07 1.27
315.2215 -36.0540 6.64 1.06
315.2637 -29.7287 7.09 0.15
315.2669 1.0349 7.28 1.57
315.2847 -13.5300 6.55 0.85
315.2955 46.1558 5.38 -0.21
315.3036 36.0260 6.01 0.99
315.3228 -32.2578 4.67 0.89
315.3424 1.0697 7.16 1.52
315.3579 -32.8956 6.86 0.16
315.3588 40.6180 7.14 0.50
315.3668 -68.2096 6.36 0.10
315.4038 68.1633 7.34 0.31
315.4186 -4.1315 7.24 1.44
315.4387 -26.8810 6.04 0.07
315.4477 44.1869 6.76 0.32
315.4586 39.2606 7.46 0.40
315.4610 -36.5742 7.12 1.39
315.4787 57.7653 7.19 -0.07
315.4792 57.0719 6.70 -0.11
315.4993 -11.6963 7.02 0.45
315.5375 56.6696 5.83 -0.06
315.5521 7.1798 6.72 0.50
315.5530 -43.0022 6.64 0.66
315.5738 -42.9974 6.90 0.96
315.5873 39.5090 6.50 1.51
315.5907 23.3243 7.42 0.02
315.6008 44.7910 6.18 1.69
315.6079 27.8073 7.33 0.61
315.6083 -12.4471 7.13 1.51
315.6131 -38.5310 5.93 1.11
315.6463 48.0307 6.86 1.68
315.6468 -9.9956 6.55 1.52
315.6679 11.6571 7.24 0.18
315.6718 26.5081 7.19 1.70
315.6790 3.3502 6.62 1.08
315.6882 -19.2488 6.96 1.28
315.6966 15.9671 6.88 1.72
315.7026 45.8489 6.50 -0.12
315.7294 32.3499 6.92 1.41
315.7354 -29.1103 7.01 0.10
315.7415 -38.6314 5.32 0.42
315.7484 -0.9247 6.50 -0.09
315.7575 14.7300 6.33 1.68
315.7626 1.5321 6.24 0.48
315.7673 1.6941 7.16 1.27
315.7701 38.6574 6.10 1.01
315.7817 -1.3086 7.34 0.40
315.7925 -27.7316 6.25 0.94
315.8330 27.3315 7.07 1.80
315.8336 -17.4687 7.44 1.15
315.8586 50.3519 6.37 0.99
315.8729 -1.5797 6.91 0.42
315.8729 -2.3222 6.99 0.97
315.8730 29.0925 6.96 0.98
315.8741 23.9963 7.16 1.39
315.8813 -52.8891 7.46 1.58
315.9001 81.1609 6.94 0.28
315.9312 46.8631 6.32 0.26
315.9484 53.2859 5.93 1.00
315.9672 41.6282 6.34 0.39
315.9702 55.2303 7.14 0.55
316.0065 -18.1122 7.47 0.45
316.0197 -5.8231 5.53 0.68
316.0267 63.3796 7.34 0.39
316.0308 2.9945 7.31 0.55
316.0338 -47.9609 6.98 1.18
316.0587 -50.4354 6.59 1.39
316.0950 -43.0855 7.33 1.36
316.1013 -19.8550 4.82 0.17
316.1331 -46.2556 7.06 0.58
316.1426 -58.9332 7.35 0.19
316.1444 5.5029 5.63 1.65
316.1494 60.2566 7.29 0.46
316.1587 -51.2740 7.25 1.13
316.1642 -64.0476 7.45 1.65
316.1735 2.9423 6.41 1.05
316.1793 -77.0238 5.13 0.49
316.1891 2.2698 6.34 0.96
316.2328 43.9279 3.72 1.61
316.2406 35.4295 7.35 0.25
316.2748 18.6560 7.39 0.11
316.2857 -37.2314 7.01 1.10
316.3093 -54.7270 5.17 1.20
316.3613 5.9582 5.94 0.54
316.3717 78.1264 5.91 -0.07
316.3833 -4.3621 7.15 1.54
316.3841 -43.5220 7.20 0.94
316.4207 -44.9491 6.94 1.09
316.4333 47.8047 7.43 -0.05
316.4522 15.3272 6.64 0.48
316.4813 20.9467 6.83 0.05
316.4868 -17.2329 4.08 -0.01
316.5021 62.9218 6.88 1.45
316.5048 -30.1251 5.69 1.05
316.5714 -48.5263 7.26 0.62
316.5974 71.4318 5.88 0.39
316.5978 26.9244 6.13 1.03
316.5997 -34.6288 6.81 1.08
316.6028 -32.3416 5.20 1.10
316.6063 -41.3860 5.55 1.35
316.6260 31.1847 5.77 0.55
316.6271 -54.9564 7.41 0.39
316.6392 -0.1050 6.92 1.51
316.6504 47.6484 4.56 1.57
316.6660 3.8031 6.48 0.88
316.6728 -20.1803 6.54 1.28
316.6826 -80.6981 7.12 0.35
316.6949 34.1323 7.44 0.28
316.7081 81.0204 7.12 1.40
316.7219 38.7494 5.20 1.07
316.7274 38.7421 6.05 1.31
316.7181 -0.9634 7.27 0.39
316.7187 45.6755 7.23 0.59
316.7654 -23.1488 7.09 0.42
316.7820 -25.0059 4.49 1.60
316.7932 -13.9229 7.12 0.90
316.8057 47.7343 7.33 0.05
316.8122 44.6741 7.38 -0.05
316.8411 -0.7651 6.58 1.08
316.8447 -27.2916 7.29 0.20
316.8487 47.2775 7.27 -0.05
316.8529 -59.9920 6.77 0.64
316.8595 -8.2349 7.02 0.23
316.8636 9.2959 7.49 0.99
316.8746 -19.0883 6.69 0.92
316.8805 -38.6914 7.49 0.41
316.8870 -0.1639 6.61 1.55
316.8902 15.6587 6.27 1.01
316.9013 51.5840 7.37 -0.01
316.9202 68.2541 6.88 0.10
316.9269 -2.0522 6.86 0.21
316.9355 -45.3795 6.45 0.24
316.9362 -17.4559 6.18 -0.04
316.9373 -31.0568 7.24 0.46
316.9551 1.1538 6.71 1.50
316.9634 -54.2165 6.69 0.25
316.9744 -48.9401 6.70 -0.01
316.9892 14.6737 7.03 -0.13
317.0027 -62.9463 7.47 1.10
317.0028 5.1516 6.73 0.13
317.0044 9.3626 7.38 0.41
317.0045 -46.4931 7.06 -0.03
317.0392 -0.9897 6.88 0.26
317.0752 53.2263 7.48 0.10
317.1173 6.9894 6.14 1.67
317.1363 -63.9283 5.75 1.18
317.1401 -21.1937 5.30 0.00
317.1620 30.2056 5.60 -0.05
317.1720 -37.2427 6.87 -0.07
317.1918 -88.9565 5.45 0.28
317.1986 -76.2125 6.57 1.23
317.2146 1.7875 7.05 -0.06
317.2392 -5.5819 6.58 1.17
317.2411 47.2710 6.97 0.40
317.2434 -28.4777 6.98 0.93
317.2545 7.5890 7.43 0.23
317.2817 78.6632 7.49 0.11
317.2847 38.7292 7.50 1.27
317.3005 -23.6268 7.08 1.09
317.3143 -20.1932 6.73 1.00
317.3167 -0.2349 6.65 0.17
317.3194 -57.8656 7.47 0.36
317.3258 -37.9331 6.86 0.96
317.3324 -82.0273 6.98 0.62
317.3408 -73.1730 5.67 0.59
317.3430 -36.7059 6.47 0.52
317.3545 -16.6158 6.72 1.53
317.3700 63.2957 6.53 -0.11
317.3826 68.4909 7.37 1.10
317.3875 -20.5567 6.25 0.39
317.3969 75.2278 6.89 0.57
317.3985 -11.3717 4.50 0.93
317.4336 -44.2098 6.53 1.15
317.4412 19.2108 6.96 0.51
317.4698 44.2005 7.45 1.08
317.4928 2.9437 6.44 0.38
317.4943 45.5026 6.60 -0.14
317.5088 32.2058 7.24 1.02
317.5248 -29.7211 6.66 1.58
317.5310 -64.0255 6.92 0.27
317.5417 -43.3827 6.56 -0.08
317.5648 53.5631 5.75 -0.11
317.5854 10.1316 4.70 0.26
317.5871 -32.8502 7.25 0.98
317.6021 -59.4077 6.96 0.21
317.6054 -54.5738 7.07 0.69
317.6277 -22.4774 7.42 0.92
317.6290 47.6922 6.46 0.01
317.6305 10.0489 6.07 0.02
317.6336 22.4546 6.71 0.03
317.6530 66.1582 7.14 1.23
317.6956 -9.3541 6.27 1.16
317.7125 66.7095 7.34 0.99
317.7472 9.5494 7.44 -0.30
317.7657 36.2996 6.53 -0.13
317.8148 45.6742 6.69 0.35
317.8159 33.1335 7.48 0.95
317.8370 -72.5444 6.18 1.09
317.8414 41.1852 7.41 -0.12
317.8450 -52.3392 6.98 0.57
317.8656 78.9754 7.13 0.04
317.8929 -56.5172 6.93 1.11
317.9020 -3.1202 7.47 1.20
317.9147 53.7462 7.09 0.02
317.9183 70.4411 6.89 1.21
317.9222 -14.4724 6.47 0.32
317.9510 59.9866 5.64 0.11
317.9522 29.7117 6.85 -0.14
317.9784 23.0805 7.33 1.13
317.9869 30.6191 6.54 0.95
317.9960 17.7277 7.37 0.53
318.0161 76.3102 7.10 -0.10
318.0308 -30.5893 7.17 0.44
318.0511 11.7815 6.96 1.63
318.0571 -40.2694 5.83 0.45
318.0942 -15.0001 7.44 0.65
318.1212 33.2393 7.28 1.50
318.1230 38.5665 7.35 -0.12
318.1887 84.2587 6.90 1.21
318.1889 2.6427 6.98 0.18
318.1951 -35.7628 7.48 1.01
318.1969 60.0980 6.91 2.31
318.1978 -51.5136 7.41 0.44
318.2217 7.6924 7.41 0.43
318.2224 35.7977 6.75 0.16
318.2341 30.2269 3.21 0.99
318.2402 30.8095 7.32 0.67
318.2627 -39.4249 5.25 0.46
318.2836 -1.1295 7.50 1.54
318.3139 33.6931 7.27 -0.09
318.3191 16.9190 7.31 1.37
318.3222 -27.6193 5.41 1.43
318.3285 -24.8460 7.35 1.33
318.3290 -36.4235 5.97 0.97
318.3353 -70.1263 5.06 1.58
318.3400 81.2310 6.12 0.09
318.3601 36.6333 6.07 0.22
318.3636 7.2180 7.24 0.32
318.3699 15.9824 6.27 0.24
318.3706 7.1674 7.15 0.33
318.3727 -47.5507 6.87 1.63
318.3755 -5.9115 7.31 0.95
318.3859 -54.9887 7.21 1.41
318.4004 45.1688 7.33 0.89
318.4056 -6.4659 7.29 1.41
318.4270 64.4040 6.38 0.62
318.4464 70.0276 6.67 0.88
318.4520 -43.1299 7.14 1.32
318.5038 52.7119 7.08 1.18
318.5074 -29.6635 7.38 0.69
318.5074 -22.2121 7.00 0.01
318.5204 58.2972 7.11 0.16
318.5228 37.7816 7.36 -0.18
318.5428 29.9010 6.18 1.10
318.5694 -45.7828 6.89 1.01
318.5697 -10.6054 6.77 -0.07
318.5786 41.1468 7.08 0.80
318.5824 34.2943 7.37 -0.10
318.5981 39.2433 7.25 1.23
318.6201 10.0070 4.47 0.53
318.6291 4.6897 7.47 1.59
318.6515 56.8834 6.87 1.69
318.6544 0.0923 6.38 1.57
318.6713 -0.8319 7.43 0.09
318.6923 16.4792 6.95 0.29
318.6940 64.7503 6.98 0.94
318.6978 38.0453 3.74 0.39
318.7271 -7.0875 7.38 0.50
318.7426 -8.3527 7.38 0.43
318.7588 -49.0976 6.84 1.30
318.7592 -30.9832 7.40 1.18
318.7632 -21.8153 7.23 1.04
318.7659 -5.5519 6.98 1.46
318.7661 -2.5719 7.08 0.16
318.7776 -17.3451 6.05 0.98
318.7954 51.2819 6.99 0.98
318.8099 -40.5061 6.20 1.14
318.8220 -58.9296 6.93 0.95
318.8634 42.0264 6.60 0.90
318.8981 44.9545 7.46 -0.07
318.8986 78.5982 7.42 0.04
318.9049 47.9740 6.45 -0.13
318.9079 -20.6517 5.17 1.16
318.9213 -57.6314 6.54 0.31
318.9258 16.7276 6.96 1.08
318.9267 77.0123 5.92 1.53
318.9368 -15.1715 5.31 1.64
318.9411 -53.2631 5.73 0.19
318.9449 -36.2107 6.13 1.38
318.9541 -9.1209 7.29 1.01
318.9560 5.2478 3.92 0.55
318.9667 19.7142 7.32 0.24
318.9670 11.4787 7.40 1.01
318.9882 25.4338 6.99 0.89
318.9984 -13.2027 6.62 1.09
319.0074 10.6856 7.33 1.40
319.0413 4.4053 7.46 0.91
319.0709 26.3503 7.19 0.46
319.0714 44.2382 6.36 0.98
319.0741 -9.2147 6.45 1.61
319.1117 48.7925 7.50 0.14
319.1234 42.2518 6.23 1.25
319.1244 -9.1579 7.44 0.03
319.1436 -0.6217 7.31 1.04
319.1645 -1.6078 6.48 0.98
319.1654 36.3212 7.37 0.27
319.1669 7.5147 7.42 0.39
319.2427 -10.1350 7.04 0.07
319.2585 53.9977 6.12 0.05
319.2843 -80.3449 7.47 0.04
319.3064 -13.2790 6.41 0.04
319.3093 55.7980 6.00 1.45
319.3159 -38.8674 6.69 1.40
319.3283 58.6115 6.42 0.19
319.3435 -54.0174 7.43 1.07
319.3448 34.4215 7.06 1.51
319.3466 42.6836 6.17 -0.09
319.3540 39.3947 4.22 0.10
319.3554 8.2341 6.99 1.32
319.3568 -30.7457 6.85 1.17
319.3856 22.5416 7.21 0.48
319.4015 39.2099 6.98 0.35
319.4088 -5.7823 7.44 0.43
319.4232 20.0061 7.45 1.03
319.4690 -48.7183 6.54 1.17
319.4795 34.8969 4.41 -0.10
319.4845 -32.1725 4.71 0.07
319.4887 -17.9851 5.40 -0.12
319.4930 82.0189 7.43 1.08
319.5005 -85.2012 7.01 1.09
319.5020 -64.6816 6.32 -0.06
319.5121 46.8573 7.04 -0.09
319.5195 -2.1419 7.47 1.22
319.5443 22.1142 7.21 0.25
319.5461 -4.5195 5.83 -0.13
319.5652 -17.4623 7.07 0.34
319.5676 -75.3468 6.61 0.03
319.5702 10.2491 7.16 1.00
319.6053 17.7208 7.46 1.11
319.6059 -73.0265 7.36 1.32
319.6065 -45.2902 7.43 0.18
319.6089 -20.3355 6.62 1.04
319.6122 54.1738 7.46 1.37
319.6134 -43.3346 6.75 0.64
319.6133 -47.0023 6.96 1.39
319.6133 43.9459 5.04 -0.06
319.6283 80.3535 7.35 0.51
319.6332 17.9879 7.34 0.44
319.6351 61.1844 6.43 1.54
319.6445 62.5856 2.45 0.26
319.6453 11.5688 7.01 0.60
319.6549 8.9597 7.27 0.49
319.6647 24.6595 6.61 0.97
319.6833 -61.3528 6.60 0.69
319.6893 50.0693 6.96 1.81
319.7137 65.9893 7.39 0.96
319.7168 11.2034 5.97 1.61
319.7258 -28.7658 6.40 0.97
319.7305 41.0405 6.15 0.26
319.7425 32.1808 7.11 1.38
319.7502 39.7493 6.68 -0.03
319.7574 29.7431 7.30 -0.03
319.7630 -32.3561 6.96 1.44
319.7807 61.8585 6.66 0.30
319.7967 17.8222 6.70 0.37
319.8123 -16.1795 6.91 0.95
319.8154 58.6235 5.51 1.11
319.8257 -39.3481 7.49 1.54
319.8326 38.8066 6.99 0.51
319.8354 -13.0479 6.88 0.21
319.8356 -47.0546 6.66 1.07
319.8424 38.2375 5.89 0.51
319.8426 64.8719 5.19 -0.04
319.8520 52.3244 7.32 -0.02
319.8545 58.3266 6.99 1.32
319.8698 49.5103 5.75 -0.12
319.9140 9.5253 6.99 0.19
319.9199 53.0581 6.82 1.02
319.9282 55.4501 7.19 1.47
319.9403 -26.3529 6.56 0.74
319.9527 -14.0175 7.03 0.04
319.9643 -27.2091 7.07 0.00
319.9664 -53.4494 4.39 0.19
320.0170 12.9628 7.20 1.65
320.0382 -13.5023 7.22 -0.08
320.0395 -45.0219 6.15 2.39
320.0584 60.6309 7.37 1.60
320.0586 22.0262 6.29 -0.11
320.0856 33.4854 6.93 0.03
320.1059 60.6872 6.73 0.50
320.1395 60.7564 6.11 1.00
320.1590 26.2501 7.34 1.52
320.1901 -40.8095 4.80 0.03
320.2085 32.4522 6.45 0.80
320.2086 -9.1517 7.45 1.59
320.2120 -45.8109 7.46 0.61
320.2559 40.3451 6.39 0.53
320.2631 -20.8212 7.21 0.39
320.2683 23.8560 5.58 1.06
320.2680 -4.5601 5.87 0.91
320.2701 7.3545 5.81 1.66
320.3192 -49.9382 6.40 1.33
320.3352 46.7298 6.73 0.18
320.3376 -84.3099 7.50 0.39
320.3399 10.3323 6.72 0.54
320.3414 32.6127 6.05 0.06
320.3424 2.9742 7.09 0.97
320.3453 22.8893 7.34 0.23
320.3487 2.8874 7.41 1.09
320.3485 -51.7526 6.75 0.65
320.3715 48.1674 7.18 1.52
320.4313 64.3646 7.36 1.36
320.4483 2.0273 7.47 0.46
320.4546 -29.1661 6.53 1.37
320.4597 1.3616 6.79 0.37
320.4628 -16.2739 7.45 0.61
320.4930 72.0592 7.09 0.11
320.4944 -9.3280 6.81 1.19
320.5017 49.3888 5.68 1.10
320.5072 4.3456 6.69 1.10
320.5183 -51.8755 7.17 0.18
320.5217 19.8045 4.08 1.11
320.5523 -83.2097 7.19 0.34
320.5616 -16.8345 4.28 0.89
320.5677 -71.5713 7.10 1.62
320.5888 77.0903 6.56 0.09
320.6114 -3.1301 6.67 0.38
320.6207 49.4914 6.85 0.03
320.6492 -55.7837 7.45 0.46
320.6497 2.9185 6.53 0.65
320.6542 -5.6333 6.93 1.58
320.6747 76.5551 6.85 0.64
320.6752 30.3099 6.07 1.08
320.6887 -48.4574 6.95 1.22
320.6951 38.6343 6.63 0.03
320.7025 40.9326 7.12 1.19
320.7234 6.8111 5.16 0.06
320.7279 38.7085 7.29 1.05
320.7344 -9.3193 5.99 1.52
320.7520 -22.6690 5.63 1.64
320.7783 -85.6387 7.22 1.71
320.8230 39.3497 7.34 -0.02
320.8371 44.5183 7.17 0.18
320.8459 37.4065 6.55 0.51
320.8489 2.7663 7.27 0.21
320.8552 65.0340 7.32 -0.04
320.8684 31.1162 7.35 1.64
320.8974 14.0502 6.76 -0.11
320.8980 40.0186 7.20 0.15
320.9163 -55.5430 7.47 0.55
320.9190 -39.7788 7.47 0.41
320.9375 69.5344 6.93 0.01
320.9447 1.6811 7.28 1.04
320.9516 37.3515 6.46 1.47
320.9591 47.1646 7.08 0.42
320.9829 -25.2025 6.47 1.12
320.9916 51.6572 7.10 -0.09
320.9951 24.2741 5.70 0.31
321.0152 -40.0301 7.36 0.41
321.0310 25.3124 6.20 0.03
321.0330 -22.7471 6.38 1.03
321.0400 -20.8519 5.38 1.18
321.0420 48.8193 7.41 0.12
321.0479 -12.8781 5.48 0.30
321.0484 50.4361 7.46 1.46
321.0689 62.9935 7.44 0.04
321.0697 -69.7339 6.28 2.61
321.0865 -24.4225 6.73 0.36
321.0868 -46.6147 6.30 0.23
321.0945 30.9366 6.73 0.19
321.0964 24.5284 6.35 1.06
321.1021 75.9716 7.22 1.07
321.1023 10.1743 6.33 0.47
321.1034 -41.0067 5.76 -0.04
321.1264 55.3667 7.50 0.49
321.1417 26.1746 5.67 0.32
321.1498 -6.7153 7.14 0.34
321.1658 -34.9675 7.07 1.14
321.1688 -68.2278 6.98 0.72
321.1784 -5.5813 7.21 1.12
321.1910 -57.2572 7.18 0.24
321.2004 25.8805 7.07 0.05
321.2059 80.5248 5.97 0.95
321.2153 -3.3984 6.38 0.33
321.2310 49.3231 6.57 0.00
321.2490 27.4180 6.99 -0.08
321.2736 9.3841 7.43 0.00
321.3043 -9.7486 5.71 0.21
321.3156 -34.8567 6.92 0.51
321.3198 70.4775 7.26 0.62
321.3207 -3.5567 5.48 1.45
321.3251 -71.7991 6.09 1.26
321.3312 46.7143 5.59 0.34
321.3333 29.4617 7.27 0.50
321.3478 -45.1619 6.83 0.11
321.3513 -72.5954 7.32 0.91
321.3538 -14.2773 6.85 0.04
321.4432 15.6177 6.80 1.55
321.4459 36.6674 5.93 0.03
321.4523 -23.8221 6.51 1.02
321.4649 0.5343 6.45 0.16
321.5303 -24.4842 7.22 1.00
321.5309 18.0651 6.83 -0.01
321.5643 -54.6605 6.10 0.37
321.5917 -20.9991 7.22 1.14
321.5952 -37.8294 5.64 1.19
321.6045 -12.0955 6.70 1.02
321.6106 -65.3662 4.21 0.49
321.6111 19.3756 6.08 0.23
321.6169 1.1034 6.12 0.48
321.6550 -46.0673 7.21 0.54
321.6668 -22.4113 3.77 1.00
321.6714 13.6883 7.12 0.16
321.6873 52.8985 6.01 -0.11
321.6940 43.8123 7.47 0.01
321.7150 48.8352 5.29 0.11
321.7281 10.6678 6.97 0.38
321.7553 -44.8086 7.49 0.88
321.7568 -42.5479 5.50 0.39
321.7776 16.1242 6.72 0.53
321.7940 6.9113 7.28 1.18
321.8118 -21.1962 5.78 1.44
321.8205 5.3916 6.78 0.34
321.8390 37.1168 5.30 -0.14
321.8468 -13.5876 7.11 -0.09
321.8554 59.7501 6.11 1.72
321.8732 47.8024 7.49 0.05
321.8768 27.8741 7.49 1.52
321.9105 -11.6669 7.03 0.46
321.9169 27.6086 5.39 0.05
321.9423 66.8091 5.42 -0.10
321.9506 21.7359 7.15 0.92
321.9601 64.0138 7.40 0.50
321.9736 35.4092 7.12 0.21
321.9764 46.5615 6.86 -0.08
321.9991 53.2893 7.18 -0.00
322.0207 62.0965 6.70 1.00
322.0343 32.2253 5.75 0.33
322.0439 -52.3024 6.79 1.23
322.0581 -11.5683 6.61 0.49
322.0902 -2.8854 6.88 1.14
322.1035 8.1956 6.39 1.64
322.1319 50.4454 7.37 0.01
322.1649 70.5607 3.23 -0.20
322.1761 25.9213 6.56 1.29
322.1764 24.6701 7.48 0.24
322.1808 -21.8072 4.50 0.89
322.1868 -69.5054 5.47 1.55
322.1965 77.9352 7.26 1.50
322.2021 49.7951 6.79 0.29
322.2105 -79.9257 7.36 1.10
322.2197 55.4187 6.14 0.10
322.2201 11.0848 6.65 0.38
322.2206 -8.9908 7.16 1.11
322.2491 22.1794 5.84 1.37
322.2496 17.9059 6.42 1.39
322.2505 -53.7059 6.39 1.14
322.2625 61.4331 7.09 0.52
322.2656 -31.2386 6.52 0.04
322.2764 44.9231 6.94 0.25
322.2996 11.9529 7.31 1.28
322.3102 -50.3168 7.33 0.66
322.3141 28.5830 6.75 1.09
322.3357 67.0510 6.91 0.01
322.3622 46.5406 5.22 0.96
322.3792 -38.0859 7.44 0.59
322.3937 6.5814 6.41 1.18
322.4030 46.4265 6.72 0.15
322.4060 6.8796 7.50 1.28
322.4173 -14.0269 6.86 1.50
322.4434 60.3787 7.45 0.17
322.4570 -37.6926 7.26 0.44
322.4644 -43.5074 6.96 1.04
322.4706 52.9338 7.25 0.12
322.4871 23.6388 4.52 1.62
322.4982 -19.1478 6.57 0.41
322.4992 41.5105 7.34 0.22
322.5037 45.4942 6.95 -0.04
322.5252 35.4724 7.29 0.01
322.5285 18.5785 7.42 0.28
322.5500 -44.0746 7.34 1.00
322.5789 48.3908 7.36 -0.03
322.5847 52.9580 6.02 0.08
322.6077 44.8750 6.77 0.33
322.6084 -25.1933 7.31 1.54
322.6497 68.2933 7.04 -0.03
322.6682 -14.2912 6.63 1.20
322.6767 -38.6382 7.49 0.51
322.6843 -25.7097 7.17 1.29
322.6993 -62.1676 7.14 0.60
322.7024 31.9578 6.96 0.30
322.7464 70.8232 6.97 0.08
322.7471 60.4594 5.53 0.10
322.7553 59.4182 6.86 0.68
322.7901 12.1375 6.10 -0.05
322.8258 52.1955 6.69 0.96
322.8290 3.8183 7.01 0.21
322.8409 -83.0336 6.95 0.12
322.8471 40.0651 7.44 0.49
322.8562 -19.2375 7.15 -0.30
322.8644 52.6199 6.17 0.90
322.8897 -5.5712 2.90 0.83
322.8932 -9.7447 7.40 0.86
322.9038 42.7008 7.22 -0.04
322.9100 57.5026 7.41 0.55
322.9266 48.5846 6.84 -0.02
322.9590 23.8452 6.43 1.06
322.9639 -25.4127 7.24 0.22
322.9792 5.2932 7.30 1.29
323.0120 -84.8101 6.42 1.41
323.0192 34.2017 7.49 0.36
323.0245 -41.1793 5.29 1.11
323.0492 10.9108 7.24 -0.04
323.0607 -33.9446 5.97 0.05
323.0614 46.2573 7.38 -0.04
323.0711 48.4438 6.58 -0.00
323.0921 -12.2673 6.73 1.61
323.1126 23.3946 6.69 -0.07
323.1352 4.8733 7.30 0.23
323.1386 -24.5904 6.43 0.20
323.1665 42.2955 6.92 1.13
323.2115 32.7767 7.41 -0.06
323.2158 -64.1500 7.20 1.43
323.2230 40.4074 7.27 0.92
323.2358 49.9776 5.77 -0.04
323.2430 20.7115 7.02 0.53
323.2464 12.5396 7.34 1.44
323.2782 -78.5431 7.46 1.03
323.2921 48.3034 6.83 -0.01
323.2962 4.5632 7.22 1.02
323.3234 -52.7378 6.43 1.48
323.3245 45.8540 6.27 1.80
323.3378 -80.0394 6.47 0.04
323.3382 21.5903 7.21 1.38
323.3480 -44.8487 5.57 1.04
323.4177 -16.2010 7.18 0.46
323.4770 -82.6831 6.35 0.09
323.4952 45.5918 3.98 0.89
323.5057 -46.6107 6.91 1.09
323.5318 -4.3682 6.69 0.25
323.5443 63.7512 7.28 0.28
323.5629 -3.4106 6.85 1.17
323.5715 -42.9247 6.32 1.09
323.6076 66.7264 6.95 1.11
323.6144 51.6985 6.17 -0.01
323.6416 22.7545 6.45 0.51
323.6625 66.7723 7.03 1.30
323.6667 -36.6470 6.88 1.16
323.6782 1.8292 6.41 1.40
323.6913 18.3289 6.47 1.25
323.6939 38.5341 4.87 1.08
323.6958 19.9364 6.89 0.99
323.7127 -20.0843 5.70 0.42
323.7208 -29.6961 6.42 -0.10
323.7215 -51.8272 6.72 0.89
323.7291 -20.2527 6.74 0.50
323.7581 31.7839 7.44 0.05
323.7860 43.7033 6.81 -0.10
323.8000 21.4041 7.17 0.10
323.8034 78.6245 7.49 2.70
323.8070 -34.3297 6.86 0.49
323.8165 -23.4543 6.39 1.10
323.8234 -3.9833 5.79 1.11
323.8296 28.1976 6.25 0.36
323.8465 0.9755 7.27 0.57
323.8580 68.2193 6.47 -0.08
323.8626 24.4522 6.22 0.14
323.9687 23.9648 7.28 1.03
324.0103 45.3746 5.96 1.34
324.0210 15.0820 6.50 0.94
324.0406 50.5021 7.16 0.02
324.0457 -26.1715 5.73 0.23
324.0555 50.6791 7.27 -0.09
324.0583 30.0554 6.36 1.24
324.0970 -40.3302 7.16 1.64
324.1358 -5.0525 6.93 1.27
324.1377 33.2343 7.44 1.16
324.1713 -50.8454 7.14 0.88
324.2033 -33.0479 6.10 0.23
324.2295 -10.1745 7.32 0.37
324.2374 40.4135 5.04 0.20
324.2419 -35.8841 7.36 0.42
324.2440 -18.7438 6.90 1.44
324.2633 19.7827 7.25 0.95
324.2701 -19.4660 4.51 -0.18
324.2773 11.7195 7.24 0.11
324.2933 62.3042 7.16 0.97
324.3241 51.0642 7.22 1.84
324.3333 -11.4607 7.34 1.67
324.3380 -18.4412 7.19 0.40
324.3397 35.3276 7.08 1.05
324.3662 44.6966 6.19 0.22
324.3713 4.6825 6.54 0.33
324.3907 -0.3906 6.22 0.06
324.4070 -19.2310 7.45 -0.09
324.4117 54.0422 6.16 0.99
324.4236 15.2160 7.44 0.94
324.4299 -45.5859 7.20 0.47
324.4318 6.6184 6.19 0.05
324.4380 -7.8542 4.68 0.17
324.4393 19.3186 5.46 0.32
324.4528 39.3172 6.76 -0.04
324.4801 62.0819 4.76 0.25
324.4813 33.2005 7.37 1.06
324.4847 -17.2097 7.28 1.39
324.5051 41.0814 7.16 1.51
324.5118 -64.8242 6.22 0.02
324.5441 -25.4452 7.35 0.90
324.5582 -14.9100 7.20 1.04
324.5708 -69.6302 6.78 -0.10
324.6095 56.9737 7.43 0.07
324.6138 43.2908 7.46 0.50
324.6199 49.7953 7.03 0.82
324.6209 48.7136 7.48 1.54
324.6331 5.7717 5.66 0.27
324.6516 53.5803 7.10 0.29
324.6717 64.3856 7.23 1.65
324.6718 -4.1504 6.73 1.61
324.6882 25.4988 6.18 1.03
324.7106 -19.6254 7.25 0.53
324.7341 -79.4426 6.17 0.46
324.7401 57.4890 5.74 0.20
324.7549 20.2655 5.77 0.31
324.7755 -33.6789 6.28 0.95
324.7922 -27.3066 6.75 0.62
324.7915 71.3089 7.12 0.48
324.8133 -13.8949 7.25 1.07
324.8331 -30.3044 7.46 1.51
324.8436 24.4946 7.16 1.48
324.8671 -10.5769 6.07 1.03
324.8814 -0.0511 6.66 0.51
324.8886 2.2436 5.10 1.03
324.9270 -42.4456 6.64 0.27
324.9670 -43.1320 6.73 1.02
324.9740 39.5150 6.98 0.28
324.9749 44.4321 6.77 -0.05
324.9796 51.4769 6.74 1.32
324.9816 49.1328 7.14 1.22
324.9989 -52.3590 6.20 0.58
325.0078 9.1848 6.96 0.12
325.0227 -16.6623 3.69 0.32
325.0226 -57.4421 7.06 1.20
325.0462 43.2738 5.09 1.60
325.0481 49.6830 7.16 -0.06
325.0974 -71.5033 7.43 0.54
325.1077 -6.9751 7.01 1.05
325.1138 -34.5348 6.71 1.08
325.1223 -41.1840 7.03 1.02
325.1250 -74.0743 7.07 0.76
325.1336 70.7861 7.16 1.31
325.1351 59.7528 6.90 0.99
325.1395 10.6122 6.90 1.15
325.1404 -55.7380 6.33 1.06
325.1449 -18.8956 7.34 1.58
325.1793 28.7557 7.41 0.60
325.1804 54.8721 6.16 1.12
325.2010 3.8969 6.83 1.51
325.2514 30.2974 7.16 1.44
325.2593 5.0206 7.23 0.16
325.2631 22.1948 7.36 1.60
325.2658 34.6751 6.93 1.47
325.2757 26.7507 7.45 0.69
325.2924 47.5452 7.28 1.00
325.3277 -35.5850 6.92 1.28
325.3453 21.9440 6.99 0.12
325.3671 -14.8414 7.18 0.36
325.3688 -77.3900 3.73 1.01
325.3869 -14.0476 5.16 0.67
325.3927 40.8052 6.07 0.07
325.4101 21.6021 7.02 0.30
325.4141 -32.5310 6.87 1.04
325.4238 15.0422 7.21 1.49
325.4413 -19.8064 7.02 1.24
325.4426 -25.1015 6.51 1.19
325.4798 71.3114 4.55 1.11
325.4936 -17.2218 7.18 0.97
325.4997 18.9388 7.26 1.06
325.5029 -23.2629 5.24 0.99
325.5045 35.5102 5.98 2.50
325.5177 -25.8601 7.23 1.61
325.5235 52.2921 7.04 0.95
325.5236 51.1896 4.69 -0.12
325.5348 45.7657 6.11 1.42
325.5362 4.8345 7.36 1.10
325.5421 1.2853 5.66 1.45
325.5523 -32.5066 7.09 1.23
325.5616 39.5263 7.36 1.26
325.5644 5.6801 5.30 1.65
325.5879 50.8580 7.24 -0.05
325.5956 41.0770 5.73 0.06
325.6008 57.7361 6.90 0.14
325.6373 10.8243 6.06 -0.12
325.6423 42.4407 7.46 0.15
325.6542 10.2078 7.47 0.97
325.6617 49.6003 6.10 0.99
325.6646 -18.8663 4.72 0.87
325.6686 63.7214 6.88 0.53
325.6890 59.2708 6.10 1.35
325.7277 23.3217 6.98 1.10
325.7335 54.5619 6.96 1.29
325.7337 37.9049 7.44 0.25
325.7589 -43.4961 6.67 0.56
325.7671 72.3201 5.18 1.06
325.7683 -14.3997 5.88 0.26
325.7770 41.1550 5.51 1.61
325.8064 -19.6210 6.23 0.27
325.8364 -24.1413 7.17 0.95
325.8569 38.2836 5.69 -0.01
325.8744 19.6355 7.42 0.32
325.8769 58.7800 4.23 2.24
325.8826 -31.2488 7.48 1.06
325.8902 -68.0647 7.20 1.64
325.9027 38.3046 6.99 0.11
325.9146 0.5351 7.04 0.97
325.9157 7.5287 6.47 1.11
325.9424 -57.3684 7.35 1.22
325.9428 11.1014 7.13 1.61
325.9763 27.8469 7.46 0.45
325.9780 -54.4999 7.10 1.62
325.9921 22.8153 6.43 1.29
325.9962 -57.3252 6.49 0.48
326.0018 -57.2831 6.86 0.48
326.0040 -14.7494 5.96 0.22
326.0357 28.7426 4.49 0.51
326.0465 9.8750 2.38 1.52
326.0601 -62.1142 7.09 0.36
326.0722 60.9127 7.38 0.73
326.0751 -55.4731 6.88 1.61
326.0799 28.7816 6.89 0.41
326.0934 84.0385 7.11 0.27
326.0974 29.2656 7.13 1.09
326.0994 -4.7309 6.66 0.07
326.1059 46.8628 6.61 0.41
326.1186 29.1941 7.25 0.01
326.1227 -38.5525 6.28 1.13
326.1279 17.3500 4.34 1.16
326.1305 14.7719 5.96 0.59
326.1354 -24.9106 7.32 0.49
326.1614 25.6450 4.14 0.42
326.1622 58.2257 6.80 1.05
326.2009 2.9921 6.98 0.90
326.2220 62.4606 5.94 0.31
326.2305 -9.0363 7.04 1.41
326.2367 -33.0258 4.35 -0.05
326.2511 -9.0824 5.10 1.11
326.2710 -22.5641 7.35 0.40
326.3017 52.2676 6.40 1.90
326.3280 -49.4988 6.46 1.15
326.3383 26.9995 7.30 -0.04
326.3413 -12.7834 6.69 0.44
326.3622 61.1208 4.25 0.47
326.3663 72.1662 7.50 0.11
326.3701 -71.0088 6.02 -0.10
326.3708 -28.1269 7.38 1.51
326.4265 62.3083 7.48 0.25
326.4354 35.8573 6.44 1.00
326.4420 7.9876 7.23 0.94
326.4722 78.2329 7.17 -0.02
326.4853 25.5834 6.57 -0.08
326.5118 50.6742 7.03 -0.06
326.5182 22.9489 5.29 1.38
326.5678 -9.2759 6.00 1.63
326.5692 43.0608 6.52 0.28
326.5823 -62.5498 6.91 1.16
326.5997 25.5635 6.28 1.21
326.6005 -32.7147 6.76 1.34
326.6144 -17.9236 7.47 1.22
326.6200 22.1745 7.06 0.21
326.6327 -2.2128 6.52 1.47
326.6337 -11.3660 5.57 -0.00
326.6579 -67.5963 7.21 -0.07
326.6754 -11.6978 6.99 0.47
326.6927 13.7196 6.67 0.20
326.6932 37.6580 7.26 1.76
326.6984 49.3096 4.23 -0.12
326.7172 19.9236 7.13 1.43
326.7536 70.1509 6.45 -0.01
326.7602 -16.1273 2.85 0.18
326.7698 17.1940 6.18 0.35
326.8049 22.0245 7.49 0.31
326.8082 2.6861 5.63 0.01
326.8534 -4.6086 6.85 0.07
326.8554 60.6927 5.53 1.57
326.8941 -37.9520 6.78 0.98
326.9093 -5.9168 6.17 0.23
326.9158 59.7004 7.31 0.28
326.9205 -27.7509 7.33 1.22
326.9340 -30.8983 5.02 0.04
326.9368 -18.2130 7.40 0.23
327.0350 36.5804 6.25 1.54
327.0454 24.4642 7.14 1.47
327.0625 65.1707 6.74 1.27
327.0654 -47.3036 5.57 0.60
327.0768 38.9561 7.22 0.69
327.0980 32.7962 6.82 -0.01
327.1223 38.6486 6.10 -0.07
327.1447 -47.7756 6.79 0.34
327.1838 -65.5028 7.03 0.36
327.1958 22.4279 7.16 0.21
327.2268 -56.2740 6.55 -0.08
327.2579 -5.4037 6.66 1.03
327.2680 49.6771 7.03 1.17
327.2838 66.7920 6.49 0.39
327.3292 61.2728 6.18 1.69
327.3400 15.7612 6.84 0.91
327.3619 20.4624 6.27 -0.10
327.3968 33.3120 7.13 0.91
327.4013 -82.4340 7.16 0.48
327.4171 41.1488 6.48 0.38
327.4209 -12.7229 6.31 0.22
327.4393 -46.6110 6.98 1.22
327.4612 30.1742 5.07 0.01
327.4636 5.2130 7.33 1.05
327.4746 -27.4039 7.12 0.05
327.5005 -64.7125 5.62 1.02
327.5081 -47.7251 6.54 1.01
327.5103 52.6973 6.58 0.34
327.5207 -38.6147 7.45 0.57
327.5224 31.8479 7.30 0.90
327.5343 19.4240 7.21 0.24
327.5362 17.2859 5.34 0.39
327.5454 43.8882 7.14 1.21
327.5517 25.5961 7.26 0.48
327.5541 -16.8449 6.38 1.42
327.6283 32.6576 6.79 1.14
327.6354 21.9431 7.24 1.10
327.6477 -8.9826 6.54 1.28
327.6967 -69.6294 5.52 1.38
327.7116 -20.5409 7.47 0.51
327.7236 -59.6449 7.47 1.12
327.7262 -82.7189 5.27 0.76
327.7707 39.5367 6.20 -0.07
327.7735 -10.0380 7.49 0.80
327.7821 -72.1394 7.26 1.41
327.8524 -23.2706 6.85 0.49
327.8905 0.7705 6.60 0.91
327.8927 19.8267 5.78 -0.10
327.9052 65.7527 6.37 0.28
327.9173 19.3069 6.82 0.50
327.9239 -18.6229 6.19 0.37
327.9485 61.9429 7.44 0.09
327.9512 64.8999 6.84 1.00
327.9663 11.0913 6.66 0.29
327.9739 -54.6522 7.07 0.12
327.9808 48.4371 6.88 1.61
327.9943 -55.7791 6.98 0.98
328.0019 55.7920 6.56 0.01
328.0043 55.7967 5.70 -0.08
328.0404 -62.0524 7.22 0.51
328.0541 79.5518 6.51 1.58
328.0720 72.4899 7.14 0.06
328.0758 21.2732 6.27 1.60
328.0873 63.1013 7.38 0.12
328.0885 -3.1747 6.62 -0.06
328.0895 -41.4127 6.84 1.30
328.0896 34.3805 7.42 1.00
328.1039 60.3299 7.47 0.98
328.1129 54.6830 6.83 1.03
328.1237 -9.4179 7.20 0.45
328.1247 28.7935 5.52 0.43
328.1279 55.0398 7.33 0.12
328.1464 62.7122 6.70 0.24
328.1873 -3.9920 6.66 0.91
328.1953 73.7023 6.64 0.11
328.2002 38.8355 7.08 0.92
328.2084 13.4888 7.34 1.07
328.2433 15.9321 6.89 1.22
328.2540 -10.5626 6.89 0.99
328.2657 25.9251 5.09 -0.15
328.2677 41.6033 7.50 0.16
328.2725 68.4986 7.50 0.03
328.2798 56.2126 6.86 0.99
328.2841 68.1075 7.41 1.02
328.2846 69.6966 7.34 0.21
328.2997 71.9897 6.99 -0.01
328.3113 -36.8966 6.96 1.06
328.3240 -13.5518 5.08 0.38
328.3326 53.9972 6.61 0.39
328.3398 36.1266 7.24 1.54
328.4001 -10.3116 6.57 -0.12
328.4058 19.6684 5.69 0.01
328.4124 20.3986 7.13 1.27
328.4504 62.6144 7.01 0.26
328.4779 28.3419 6.78 0.27
328.4821 -37.3649 3.00 -0.08
328.4907 6.8648 6.14 0.79
328.5432 -4.2762 5.71 1.19
328.5501 -5.3530 7.44 0.45
328.5726 19.7181 6.36 0.94
328.5794 -36.0616 6.74 1.40
328.5918 12.7511 6.61 0.00
328.5936 -85.0336 6.59 1.16
328.6106 80.3086 6.43 1.45
328.6493 -2.9971 7.34 -0.04
328.6496 -3.3013 6.24 0.47
328.6530 47.1553 7.47 0.35
328.6752 48.1987 7.45 0.30
328.6789 67.7538 6.96 0.33
328.6895 -73.4385 7.43 0.70
328.7215 56.6112 5.74 0.66
328.7266 32.3387 7.09 1.57
328.7446 34.7732 7.22 0.13
328.7487 53.9356 6.92 0.49
328.7512 -15.2581 7.07 1.26
328.7572 62.0091 7.25 0.96
328.7973 -61.8866 5.92 0.39
328.8102 44.4186 7.49 1.07
328.8358 61.5418 6.17 1.60
328.8375 20.8490 6.68 1.04
328.8385 36.1462 6.72 1.16
328.8645 -70.1154 6.65 0.05
328.8791 65.3208 5.84 -0.04
328.8924 -70.0683 6.63 0.26
328.8963 53.2432 6.68 1.24
328.8965 34.9770 7.15 0.26
328.9099 -21.1400 7.09 1.48
328.9105 2.3608 7.06 0.24
328.9737 63.2611 7.23 0.58
328.9807 -46.9280 6.55 0.48
328.9818 -30.6059 6.41 0.93
328.9961 10.0970 7.05 0.99
329.0143 -52.4638 6.50 0.93
329.0224 -5.8292 7.46 0.98
329.0500 33.3658 6.99 1.35
329.0585 -57.8996 6.17 0.21
329.0949 -37.2537 5.45 0.08
329.0999 21.2399 6.39 1.70
329.1024 -55.6913 7.49 1.37
329.1082 -51.4128 7.09 1.10
329.1138 59.7951 6.89 0.09
329.1499 21.1612 6.87 1.05
329.1631 63.6256 5.11 1.55
329.1917 -17.8971 6.76 0.07
329.1984 -46.4800 7.46 0.39
329.2314 -35.3598 7.42 -0.01
329.2349 12.0765 5.54 0.05
329.2361 -61.8462 7.20 0.23
329.2590 -37.7468 6.18 0.32
329.2590 17.6820 7.15 1.52
329.2593 -37.6588 7.13 1.34
329.2593 48.6686 6.51 -0.07
329.2687 -19.1899 7.50 0.93
329.2704 46.5924 6.78 1.15
329.2709 -76.2113 6.68 0.98
329.2962 66.1562 6.41 -0.06
329.3236 61.2953 7.00 0.04
329.3246 50.4895 7.29 1.43
329.3326 -37.7636 7.47 0.57
329.3467 -79.7206 7.39 1.01
329.3508 66.1391 6.55 1.61
329.3716 29.3101 7.19 1.22
329.3791 4.1577 7.06 0.52
329.4060 11.9473 7.50 0.02
329.4139 20.3024 7.28 0.01
329.4140 -8.5643 6.80 -0.04
329.4241 10.4404 7.30 0.51
329.4477 -15.1233 7.38 0.10
329.4481 19.8781 7.47 0.30
329.4628 74.9967 6.32 1.56
329.4794 -54.9926 4.40 0.30
329.5061 5.9404 7.20 0.00
329.5263 -56.7057 7.40 1.62
329.5324 -3.4899 7.42 0.33
329.5465 43.2388 7.43 -0.05
329.5554 -5.4249 6.33 0.38
329.5561 82.8695 6.92 0.52
329.5846 82.8711 7.45 0.70
329.6014 -12.6647 7.16 0.64
329.6139 14.0222 6.53 1.38
329.6184 3.7769 6.95 0.58
329.6240 -13.2522 7.47 1.09
329.6253 -59.0121 6.13 0.47
329.6255 -41.7210 6.77 1.58
329.6457 -44.0626 6.54 0.90
329.6703 29.8126 6.95 0.50
329.6825 -21.1829 6.06 1.62
329.7230 62.6980 5.96 1.64
329.7291 -4.3731 6.24 0.97
329.7487 19.0203 6.50 1.01
329.8128 73.1799 5.04 0.44
329.8232 -22.8718 7.41 0.44
329.8239 -23.8334 7.03 0.03
329.8246 -38.3951 5.50 1.00
329.8452 57.6585 6.58 0.02
329.8778 -29.0566 7.07 1.04
329.8822 10.5765 6.99 1.60
329.8935 56.8879 7.41 0.26
329.8948 -27.6305 7.23 0.38
329.9492 -28.6189 7.40 0.48
329.9814 -31.5257 7.06 -0.11
330.0141 65.4328 6.93 1.89
330.0330 6.7174 6.00 -0.11
330.0712 34.6296 6.87 1.36
330.1010 -55.8835 6.02 -0.06
330.1113 33.0059 6.46 0.46
330.1336 -42.4518 7.25 0.69
330.1522 44.1051 7.38 1.37
330.1636 62.4878 6.67 0.01
330.1894 31.4500 7.26 0.35
330.2093 -28.4537 5.43 -0.10
330.2462 -36.5563 6.71 1.10
330.2709 0.6047 5.60 1.28
330.2711 -13.0275 7.35 0.44
330.2723 13.1198 5.61 0.34
330.2779 39.2459 7.11 -0.02
330.2885 8.2572 5.65 1.44
330.2977 26.8302 7.33 -0.04
330.3464 61.9739 7.07 1.14
330.3641 -33.8358 7.25 1.13
330.3869 -15.6120 7.02 0.89
330.4021 -53.0936 7.12 0.57
330.4291 41.5391 6.99 1.21
330.4308 26.3779 7.48 0.20
330.4608 52.8823 5.79 -0.11
330.4693 -77.6625 6.39 0.23
330.5057 10.9738 6.36 -0.10
330.5191 58.0004 5.55 0.02
330.5198 -35.5462 7.37 1.42
330.5288 -65.2395 7.36 1.09
330.5306 -75.6791 6.67 1.44
330.5494 -17.9035 6.28 1.00
330.5547 -23.6166 7.48 1.06
330.5667 36.9828 6.95 1.62
330.5956 55.9461 7.30 0.23
330.6089 34.3787 7.42 1.56
330.6094 -16.9648 6.39 0.45
330.6276 23.5784 7.47 0.07
330.6374 -32.1337 6.63 0.50
330.6553 33.3794 6.99 0.26
330.6604 15.9865 6.71 -0.05
330.6721 -27.3674 6.91 1.36
330.6848 42.8145 7.22 -0.05
330.7013 73.8249 7.36 1.17
330.7065 66.0643 6.76 0.10
330.7294 15.7825 7.26 0.40
330.7361 44.6499 5.57 -0.03
330.7539 -8.5000 7.35 1.27
330.7657 -76.1184 5.94 0.40
330.7963 41.4060 7.41 1.19
330.8049 88.0731 7.45 0.11
330.8103 30.2032 7.02 -0.04
330.8186 -6.5224 5.55 0.96
330.8198 -31.4452 7.09 1.40
330.8212 -29.9046 7.14 0.33
330.8323 -56.7860 4.69 1.06
330.8285 -2.1554 4.74 -0.10
330.8293 11.3866 5.83 -0.05
330.8370 54.8801 7.08 -0.05
330.8517 30.0374 7.48 -0.06
330.8533 5.4407 7.31 1.63
330.8921 -46.1276 7.50 1.37
330.8973 -55.9770 6.88 0.56
330.9129 -29.3466 7.39 -0.08
330.9302 49.7717 7.32 1.13
330.9470 64.6280 4.26 0.38
330.9706 63.1199 5.26 1.56
330.9744 59.8146 6.69 0.17
330.9980 28.3484 7.31 1.34
331.0249 -13.0196 7.49 0.14
331.0280 44.3451 6.56 0.08
331.0536 59.8672 6.96 0.03
331.0936 13.6482 7.04 0.47
331.0942 -38.8763 7.23 0.72
331.0993 -29.9165 6.45 1.60
331.1162 -14.4469 7.36 1.52
331.1249 -25.8832 6.73 0.96
331.1295 10.2403 6.93 0.94
331.1312 -8.7173 7.26 0.34
331.1366 25.6585 7.22 0.06
331.1438 32.9417 6.36 1.12
331.1532 -26.8224 5.97 -0.17
331.1600 -64.7283 7.33 0.26
331.1631 -28.4350 6.99 0.95
331.1976 -0.9063 5.29 0.23
331.2358 47.2346 6.92 1.05
331.2448 22.6369 7.50 0.27
331.2520 62.7857 5.27 1.41
331.2644 14.8159 6.38 1.52
331.2809 51.7003 7.28 0.14
331.2866 62.2798 5.07 0.24
331.2972 26.6737 5.75 1.25
331.3078 63.5784 6.93 0.83
331.3081 14.4859 7.45 1.26
331.3188 46.7448 6.16 1.61
331.3839 0.6276 6.99 1.00
331.3945 28.9640 5.69 -0.05
331.4198 5.0585 4.86 1.44
331.4460 -0.3199 2.95 0.97
331.4602 45.1125 6.50 -0.03
331.4624 -59.6361 5.62 1.47
331.4634 48.2315 6.26 -0.09
331.4940 53.6233 6.98 0.98
331.5081 45.0143 5.09 1.57
331.5174 -43.9662 6.94 1.02
331.5287 -39.5434 4.47 1.35
331.5398 50.2858 7.36 1.62
331.5441 10.0935 7.12 0.20
331.5511 45.2487 6.19 0.08
331.5549 -14.8960 7.12 0.45
331.5565 56.3434 6.38 -0.09
331.5605 -28.7044 7.44 1.29
331.6025 25.1514 7.29 -0.07
331.6093 -13.8697 4.29 -0.07
331.6382 1.8571 7.24 0.54
331.6398 5.1947 7.33 0.15
331.6413 12.4453 7.22 0.28
331.6620 2.4395 6.51 -0.06
331.6661 51.8059 7.08 -0.09
331.6805 72.2282 7.37 1.13
331.7447 26.6228 7.24 1.08
331.7527 25.3451 3.77 0.43
331.7606 11.7677 6.83 1.64
331.7639 34.5215 7.22 0.46
331.7777 0.5703 7.44 0.56
331.7803 30.3178 7.34 1.14
331.7902 58.8407 6.34 0.88
331.7949 72.3728 6.84 0.14
331.8099 70.6942 7.10 0.14
331.8130 -22.2407 6.83 0.88
331.8255 -10.4469 6.87 1.62
331.8554 -19.5703 7.47 1.03
331.8566 53.3074 6.17 0.39
331.8691 19.4755 5.74 0.33
331.8748 18.0007 6.31 1.60
331.8758 -68.0235 6.99 0.58
331.8806 9.6710 7.06 -0.08
331.8971 -14.4908 6.70 0.14
331.9096 -20.7593 7.41 1.17
331.9143 10.7536 7.10 0.89
331.9157 -59.3201 7.15 0.95
331.9346 -28.1476 7.16 0.35
331.9434 -10.0786 7.47 1.09
331.9596 21.7029 5.79 -0.08
331.9718 -70.2857 6.67 0.54
331.9725 44.2062 7.39 1.53
332.0377 17.5586 7.13 0.06
332.0581 -46.9610 1.73 -0.07
332.0679 49.7970 6.41 1.58
332.0686 72.7685 7.09 1.90
332.0718 25.5435 6.08 0.31
332.0782 24.1568 6.57 0.84
332.0807 -34.5560 6.98 1.49
332.0958 -32.9885 4.50 0.05
332.1081 -34.0438 4.99 1.50
332.1090 -16.5430 7.30 0.87
332.1423 -11.6135 7.33 1.12
332.1639 -43.0413 7.03 1.19
332.1701 45.7423 6.11 0.76
332.1743 47.9335 6.86 -0.03
332.1777 -33.1257 6.37 0.20
332.1900 61.0224 7.32 0.08
332.1910 -25.7703 7.11 0.17
332.1976 -13.3005 6.91 0.47
332.2100 22.1388 7.20 0.86
332.2181 4.2359 7.39 0.55
332.2458 -18.5196 5.80 -0.15
332.2489 -36.0561 7.44 1.12
332.2559 48.5188 7.15 0.80
332.2718 44.8548 6.74 -0.03
332.2884 2.7340 6.64 0.08
332.3068 33.1723 5.58 0.98
332.3133 44.8465 6.73 -0.04
332.3437 35.1293 7.45 0.56
332.3524 -70.9041 6.83 0.97
332.3620 -8.1857 6.99 0.97
332.3707 -23.6591 6.36 0.92
332.3744 -7.5487 6.54 0.77
332.4145 22.2422 7.47 1.00
332.4354 64.1224 6.93 0.35
332.4403 43.1865 7.14 1.46
332.4516 72.3412 4.79 0.92
332.4821 -34.0150 5.37 0.24
332.4911 -48.1077 6.43 1.38
332.4969 33.1782 4.28 0.47
332.5006 -28.2924 6.44 0.15
332.5093 23.1259 7.31 0.39
332.5145 -83.3582 7.36 1.22
332.5273 35.2139 6.98 0.17
332.5364 -32.5484 4.94 0.49
332.5428 56.0839 6.94 0.06
332.5499 6.1979 3.52 0.09
332.5638 72.1113 6.36 -0.05
332.5707 32.2882 7.21 1.55
332.5792 19.6163 6.18 0.69
332.5879 -3.8941 6.28 -0.01
332.5918 14.6299 6.36 1.08
332.6258 20.9780 6.45 0.10
332.6324 -10.8204 6.64 1.11
332.6406 -4.2669 5.98 0.98
332.6435 47.9138 7.47 0.53
332.6546 -37.7498 7.08 0.45
332.6560 11.6245 5.78 1.62
332.6562 -11.5649 5.43 -0.12
332.6619 70.1326 5.52 0.39
332.6641 -68.3290 7.04 1.14
332.6765 -75.8814 6.54 1.18
332.6825 71.1282 7.49 0.63
332.7066 -55.4571 7.22 0.66
332.7136 58.2013 3.39 1.56
332.7154 30.5530 6.30 0.23
332.7288 57.9414 7.44 0.21
332.7477 49.0477 7.31 1.69
332.7482 63.3996 7.32 0.19
332.7599 -21.2328 6.10 0.50
332.7655 43.0307 6.76 1.11
332.7701 48.6774 6.64 -0.05
332.7902 43.5275 7.38 1.18
332.7910 50.8234 5.38 0.15
332.7996 36.2563 7.23 0.81
332.8112 27.7366 7.26 0.14
332.8402 39.7116 7.26 1.60
332.8632 -43.8425 6.62 0.99
332.8631 -27.1524 6.87 1.11
332.8681 32.0861 7.36 0.34
332.8774 59.4145 5.05 0.19
332.9084 -34.4651 6.68 0.57
332.9372 38.4158 7.22 1.67
332.9527 56.8394 5.24 0.53
332.9639 16.0406 5.93 0.95
332.9779 6.8963 7.17 0.18
332.9796 -76.1160 6.13 1.00
332.9867 59.0846 6.29 1.12
332.9897 50.1962 7.22 0.43
333.0075 47.0956 6.70 -0.02
333.0084 60.7591 5.37 1.18
333.0094 -38.3028 6.90 0.39
333.0337 24.9506 5.97 1.50
333.0704 -11.0656 7.25 1.60
333.0734 2.7337 7.15 0.36
333.0883 55.0977 7.18 1.37
333.0935 63.2910 5.76 1.65
333.1073 -14.1940 6.04 0.39
333.1109 23.7589 7.46 1.35
333.1207 76.4619 6.93 1.50
333.1245 -40.2032 6.59 0.95
333.1491 -8.0140 7.12 0.40
333.1539 -27.0850 7.41 0.99
333.1814 -6.4689 7.44 0.54
333.1828 -4.7207 6.39 0.50
333.1993 34.6046 5.34 1.13
333.2197 73.3072 6.11 1.01
333.2246 68.9833 7.41 0.00
333.2341 -55.9450 7.20 1.51
333.2395 -26.3278 6.19 0.17
333.2635 33.6034 7.39 0.56
333.2913 59.2994 7.21 0.20
333.2917 18.2798 6.50 1.37
333.2925 86.1080 5.27 -0.03
333.2946 86.2214 6.59 1.19
333.2979 25.9406 6.59 1.02
333.3063 27.3187 7.24 0.48
333.3272 49.3745 7.35 1.27
333.3495 53.1541 7.26 0.22
333.3556 -1.6539 7.07 1.41
333.3599 -11.9261 6.93 0.76
333.4078 49.4713 7.09 0.52
333.4112 28.6080 5.87 1.17
333.4297 -68.1264 6.84 1.38
333.4351 -25.1809 5.58 0.50
333.4551 45.4406 5.53 0.02
333.4571 63.1623 6.13 -0.09
333.4645 -4.4513 7.09 1.51
333.4697 39.7149 4.50 1.39
333.5277 -21.4113 7.41 0.03
333.5751 -21.0746 5.33 0.81
333.5767 17.1893 6.50 1.29
333.5781 -27.7669 5.45 -0.12
333.5854 -19.2489 7.10 0.47
333.6216 7.9761 6.65 -0.04
333.6443 29.5724 7.10 0.57
333.6550 -15.1017 7.23 0.44
333.6606 -41.3817 6.23 0.65
333.6593 -15.8185 6.55 0.89
333.6848 42.9539 5.72 0.01
333.6955 4.2825 6.97 0.99
333.6965 -24.0047 6.89 0.38
333.7001 24.3150 7.00 0.48
333.7024 22.5234 6.62 0.92
333.7582 57.0436 4.18 0.28
333.7646 43.7733 6.82 1.08
333.7709 59.1144 7.16 0.08
333.8209 -70.6530 6.88 1.05
333.8725 55.8186 7.46 -0.05
333.8770 -43.6347 7.01 1.04
333.8960 -44.4515 6.10 0.99
333.9038 -41.3467 4.79 0.79
333.9110 4.2714 7.36 0.34
333.9525 43.9008 7.48 0.06
333.9752 54.6729 7.50 0.81
333.9924 37.7487 4.14 1.45
333.9993 8.5496 6.21 0.02
334.0027 11.7599 7.30 -0.05
334.0039 45.0891 7.13 0.23
334.0301 -23.0094 7.43 0.24
334.0341 -57.5681 7.18 1.47
334.0725 33.7322 7.38 0.54
334.0780 62.3160 7.08 0.17
334.1106 57.2202 5.88 0.95
334.1107 -41.6272 5.11 0.93
334.1207 -63.3383 7.33 0.49
334.1235 27.8040 6.38 0.98
334.1346 63.7124 7.24 1.09
334.1402 -1.5964 6.16 0.19
334.1561 -25.8982 6.14 1.11
334.1673 12.9203 7.47 0.99
334.1678 22.8961 6.92 0.16
334.1708 29.1732 6.67 0.95
334.1892 -11.6491 7.25 1.01
334.2002 -12.8314 5.34 1.13
334.2085 -7.7833 4.17 0.98
334.2190 -9.0401 5.80 1.16
334.2293 -20.0255 7.35 0.16
334.2345 -14.6570 7.16 0.48
334.2493 -23.1402 6.17 1.05
334.2543 56.1766 7.15 0.11
334.2771 -5.3872 5.75 0.88
334.2918 -34.7608 6.83 1.24
334.3007 66.1289 7.07 0.12
334.3131 12.8985 7.04 0.61
334.3115 -54.3213 7.36 0.31
334.3187 15.0467 7.07 0.99
334.3229 -27.3899 7.05 1.16
334.3540 26.3869 7.13 1.10
334.3633 -15.9798 7.07 1.00
334.3680 49.1270 6.46 1.05
334.3740 5.1442 7.34 1.73
334.3842 70.0589 7.37 1.06
334.4470 26.9365 6.63 1.60
334.4580 39.0260 7.40 1.22
334.4611 -77.5116 5.49 0.31
334.5087 -62.8113 6.98 0.46
334.5170 13.9503 6.83 0.99
334.5178 -0.2377 6.39 0.44
334.5526 62.8044 5.75 1.26
334.5643 -53.6271 5.36 0.61
334.5850 76.4880 6.62 0.01
334.6203 -23.3311 7.30 0.48
334.6234 -1.1230 7.41 1.03
334.6256 -60.2596 2.87 1.39
334.6423 -20.7400 7.16 1.49
334.6569 52.6560 7.29 1.14
334.6960 19.9621 6.86 1.26
334.7068 -68.3131 7.26 0.65
334.7187 16.2580 6.89 0.13
334.7342 37.7693 6.19 0.27
334.7531 -13.3050 5.96 1.07
334.7593 68.4324 7.45 1.08
334.7593 46.0051 7.39 1.12
334.7800 28.8476 7.17 0.56
334.7807 27.6819 7.49 0.28
334.8057 33.5067 7.11 0.98
334.8264 34.5378 7.05 1.14
334.8327 -28.2086 6.85 1.54
334.8488 15.5458 6.91 1.66
334.8573 60.1478 6.87 0.87
334.8816 64.7885 7.38 0.33
334.8934 -16.7044 7.28 0.53
334.9749 25.7240 7.29 1.59
335.0063 -80.4397 5.09 1.28
335.0260 56.9180 6.55 -0.06
335.0496 -7.8211 5.35 -0.05
335.0884 11.0391 7.49 1.30
335.0946 51.8610 7.24 0.05
335.1149 5.7895 5.37 -0.04
335.1174 37.2980 6.90 1.27
335.1300 35.1147 7.48 0.36
335.1448 54.8418 7.41 0.50
335.1511 -57.5098 6.41 1.40
335.1615 58.4099 6.46 0.99
335.1647 50.9808 6.40 1.20
335.1764 14.0323 6.55 0.93
335.1855 -34.5166 6.92 1.16
335.2140 -8.7655 7.20 1.24
335.2144 46.0622 7.43 0.47
335.2325 8.1867 6.18 0.45
335.2402 66.9652 7.28 0.29
335.2502 26.9352 6.46 1.53
335.2564 46.5366 4.55 -0.10
335.2660 -62.5483 6.61 0.53
335.2964 17.9696 7.36 0.37
335.3007 -74.9676 7.30 1.65
335.3306 28.3305 4.78 -0.01
335.3483 7.1853 7.08 1.10
335.3496 -6.2431 7.49 0.20
335.3699 14.3702 6.94 0.24
335.3795 12.2052 4.82 -0.13
335.3982 -21.5982 5.12 1.06
335.4141 -1.3873 3.86 -0.06
335.4383 66.7063 6.62 0.67
335.4620 42.0782 6.38 -0.09
335.4657 63.1400 6.95 0.08
335.4701 40.6664 6.54 1.30
335.4900 -34.5202 7.43 0.44
335.5168 -53.8641 7.23 0.93
335.5191 -34.4889 7.45 0.34
335.5217 15.6515 6.68 -0.02
335.6429 6.4733 7.28 0.23
335.6518 -56.1524 7.50 0.32
335.6570 81.9391 7.09 0.43
335.6842 -45.9479 6.42 2.23
335.7001 85.0617 7.15 0.97
335.7095 36.6590 6.45 1.05
335.7507 57.2846 6.18 -0.11
335.7521 62.4194 6.04 0.04
335.7792 55.9632 6.44 2.21
335.7830 -45.9285 5.62 0.37
335.8351 -14.9513 7.02 0.46
335.8527 -46.6686 6.93 0.06
335.8650 0.6086 6.94 0.18
335.8665 17.6560 7.33 1.29
335.8785 -24.7627 5.53 0.98
335.8840 -7.1944 5.92 1.00
335.8874 -2.3016 7.36 0.46
335.8901 52.2290 4.42 1.01
335.8918 45.3500 7.07 0.88
335.9050 51.1957 7.40 0.17
335.9148 20.8482 6.20 0.52
335.9237 78.2433 6.77 -0.04
335.9591 58.5345 7.08 0.33
335.9759 38.5736 6.18 0.48
335.9850 31.2618 6.96 1.52
336.0021 15.2815 6.79 -0.07
336.0287 -4.8370 5.79 -0.03
336.0315 -10.1977 7.15 1.38
336.0434 -2.0619 7.35 0.21
336.0679 -21.5971 7.00 1.62
336.0925 -48.8598 7.34 1.06
336.1039 16.2629 6.94 0.40
336.1128 -13.5294 5.76 0.97
336.1142 35.4331 7.30 1.57
336.1291 49.4764 4.55 0.09
336.1370 71.0468 7.43 0.14
336.1465 -72.2554 5.28 0.66
336.1494 -1.1867 6.74 1.00
336.1566 -39.1271 6.85 0.14
336.1633 -41.4403 6.64 0.47
336.1658 -65.6214 7.35 -0.04
336.1809 9.8102 7.03 1.62
336.1937 -26.8599 7.04 1.52
336.2138 8.7366 7.28 0.95
336.2346 -57.7974 5.31 0.67
336.2613 32.7912 7.06 0.20
336.2614 26.6111 7.39 0.23
336.2640 51.2559 6.52 1.68
336.2863 77.4323 7.30 0.23
336.2936 -70.4316 5.78 0.40
336.3193 1.3774 4.80 -0.17
336.3505 50.4015 7.34 0.02
336.4196 18.4443 6.26 1.20
336.4428 53.8166 7.14 1.10
336.4454 63.3283 6.86 1.52
336.4502 -20.2370 6.73 0.66
336.4627 -75.0157 6.12 0.60
336.4695 53.9446 7.29 0.43
336.4860 -45.1133 7.38 0.82
336.5007 80.7016 6.68 1.10
336.5033 70.7709 5.47 1.22
336.5178 25.9276 7.05 0.06
336.5284 -5.1779 7.29 0.29
336.5289 28.5180 7.12 1.04
336.5442 -28.0125 7.35 1.37
336.5446 -23.6824 6.29 -0.02
336.5547 69.0436 7.11 0.28
336.5602 -2.7890 6.94 0.46
336.5816 7.9035 7.48 0.42
336.6428 -16.7421 5.55 0.62
336.6446 -7.3775 6.85 0.32
336.6558 4.3938 5.76 0.52
336.6736 -11.2282 6.98 0.27
336.6768 78.7859 5.83 0.17
336.6898 37.4437 6.46 -0.13
336.7465 56.4336 6.59 -0.09
336.7538 30.9569 7.39 1.36
336.7554 45.7895 7.43 0.16
336.7721 65.1323 5.52 0.30
336.7781 -1.3092 6.77 0.65
336.7954 61.9122 6.61 1.03
336.8330 -64.9664 4.51 -0.03
336.8357 63.9563 7.31 0.16
336.8383 -58.0006 6.87 0.20
336.8524 -49.3659 7.48 0.73
336.8604 39.8100 6.16 -0.14
336.9137 -26.4188 7.20 0.22
336.9316 51.4928 7.36 0.13
336.9427 31.8400 6.00 1.44
336.9647 4.6957 4.78 1.04
337.0146 44.1206 6.56 1.65
337.0307 12.2487 7.10 0.89
337.0464 27.0188 6.48 0.99
337.0481 17.2633 7.45 0.89
337.0553 -39.0892 7.47 1.50
337.0580 24.7926 6.78 -0.03
337.0812 64.0852 6.30 1.11
337.1253 -51.7880 7.20 1.62
337.1564 -67.4891 5.56 0.21
337.1634 -39.1318 5.47 0.96
337.1717 61.4555 7.43 0.92
337.2047 -22.0704 7.36 0.41
337.2080 -0.0200 3.65 0.41
337.2322 -60.0540 6.88 0.95
337.2825 29.0292 7.16 1.16
337.2833 9.1290 5.60 1.58
337.2885 58.4041 6.31 -0.03
337.2926 26.7632 5.79 1.25
337.2927 58.4152 4.07 0.78
337.3174 -43.4956 3.97 1.02
337.3431 54.2459 6.78 -0.05
337.3577 -28.6596 7.19 1.16
337.3766 70.4358 7.28 0.21
337.3826 47.7069 4.34 1.68
337.4059 32.8289 7.49 1.54
337.4335 35.7256 6.56 0.06
337.4393 -43.7492 4.12 1.57
337.4417 -27.1073 5.95 0.36
337.4621 -78.2132 6.80 1.50
337.4658 -46.0748 7.47 0.92
337.4707 78.8243 5.45 0.09
337.4728 52.4166 6.51 1.00
337.4914 4.4317 5.51 0.39
337.5014 70.1715 7.15 -0.05
337.5062 -12.9151 6.41 0.36
337.5075 32.5726 5.64 -0.03
337.5271 49.3564 6.41 1.17
337.5349 31.2158 6.59 0.06
337.5413 0.1383 7.32 -0.01
337.5536 40.9655 7.41 0.45
337.5656 -42.2911 6.94 -0.05
337.5723 -14.5857 6.36 -0.05
337.5779 57.2254 6.62 0.71
337.6114 -16.3467 7.24 1.11
337.6219 43.1234 4.52 -0.09
337.6360 61.6238 6.98 0.02
337.6367 -8.1146 7.37 0.35
337.6617 -10.6779 4.82 -0.05
337.6686 4.3317 7.29 1.00
337.6788 -44.0937 6.95 0.07
337.7240 -26.0738 6.43 1.08
337.7517 -49.4333 6.81 0.60
337.8227 50.2825 3.76 0.03
337.8263 -6.5552 6.15 0.56
337.8267 -2.9113 6.15 1.08
337.8293 63.8176 7.18 1.17
337.8693 -50.9377 7.03 0.86
337.8764 -32.3461 4.29 0.01
337.8931 29.5428 6.33 0.21
337.9075 -85.9673 5.76 1.02
337.9222 -10.9056 6.39 0.29
337.9385 -35.2904 6.60 0.95
337.9492 -46.5797 7.24 0.47
337.9934 -43.5479 7.40 1.54
338.0372 -69.1079 7.04 0.46
338.0479 -43.2631 6.91 0.96
338.0678 76.2264 5.70 0.02
338.0779 54.0370 6.41 1.04
338.0909 2.5861 7.07 1.50
338.1099 39.7797 5.88 0.17
338.1144 19.6236 7.10 1.50
338.1419 -6.4672 6.94 0.67
338.1478 20.2300 6.43 0.35
338.1643 13.0445 6.56 0.34
338.1722 1.1039 7.37 1.11
338.1924 3.0051 7.30 1.36
338.1954 15.8633 6.35 1.19
338.2140 74.0733 6.96 1.42
338.2410 35.4378 7.49 0.29
338.2502 -61.9821 4.91 1.61
338.2615 69.9135 6.01 0.33
338.2968 -60.4329 7.00 1.06
338.3199 70.3737 6.26 0.02
338.3214 -35.1387 7.08 1.49
338.3600 55.9284 7.41 1.35
338.3767 -63.4719 7.42 1.01
338.3897 -29.6649 7.50 0.36
338.3942 40.8190 6.54 1.24
338.4066 46.5653 7.38 -0.03
338.4192 56.6247 5.72 0.97
338.4714 61.7781 6.55 0.17
338.4780 -44.6904 6.78 0.92
338.5121 -1.5743 5.88 0.98
338.5218 -32.1421 6.68 -0.07
338.5276 -9.6085 6.54 1.20
338.5777 -54.2979 7.40 0.23
338.6128 -34.6753 6.84 1.05
338.6258 40.7749 7.02 -0.12
338.6354 58.1629 7.25 1.65
338.6498 0.5952 6.72 1.53
338.6523 26.5982 6.88 1.48
338.6735 -20.7082 5.21 0.45
338.6976 29.9574 7.15 1.29
338.7515 60.8263 7.08 0.40
338.7598 30.8030 7.38 1.34
338.8004 14.6105 7.48 1.22
338.8153 45.1534 6.99 1.38
338.8391 -0.1175 4.04 -0.08
338.8600 -78.7716 6.15 1.37
338.8647 39.5858 7.22 0.29
338.8880 -51.6040 6.77 1.07
338.9016 -23.9911 5.97 0.98
338.9177 70.2429 7.27 1.02
338.9267 32.7891 7.45 0.09
338.9412 73.6432 5.08 0.40
338.9470 19.7166 7.07 0.95
338.9534 -17.4604 6.39 1.42
338.9571 20.2743 6.61 1.11
338.9666 56.0706 6.37 0.11
338.9671 39.6281 6.60 -0.15
338.9679 39.6343 5.73 -0.16
338.9704 -57.8838 6.22 0.21
338.9724 50.0708 6.29 -0.07
339.0268 -16.3880 6.84 -0.14
339.0278 -70.9638 7.14 1.31
339.0329 35.5775 6.11 1.00
339.0711 -7.6644 7.03 0.41
339.0901 27.1218 7.41 0.34
339.0907 -72.7129 6.72 1.15
339.0930 37.8422 6.84 -0.13
339.1175 6.5122 7.13 1.18
339.1221 -40.5827 6.28 0.12
339.1477 -31.6638 5.82 1.07
339.1514 11.6966 6.42 0.03
339.1593 27.7842 7.17 1.01
339.1624 -48.3060 6.65 1.55
339.1635 -31.6417 7.46 1.25
339.1743 13.1558 7.06 1.57
339.1774 -43.4710 6.75 0.53
339.1949 -21.0896 7.43 0.11
339.1983 54.4234 7.44 -0.06
339.2028 35.6524 6.28 1.39
339.2452 -40.5910 5.85 0.06
339.2478 -87.3204 7.47 1.25
339.2539 -7.5665 7.48 0.29
339.2702 12.5768 6.30 1.43
339.2765 -11.7311 7.25 1.28
339.3025 23.4734 7.15 0.33
339.3037 75.3718 5.80 1.59
339.3123 42.8103 6.87 1.45
339.3297 69.2086 7.30 0.36
339.3435 51.5451 4.64 0.25
339.3820 -65.5659 7.34 1.17
339.3890 24.0013 7.02 0.18
339.4122 63.7693 6.66 1.15
339.4391 -4.2281 5.04 1.14
339.4489 -39.8571 6.54 0.54
339.4823 29.9238 7.29 1.23
339.5374 41.1208 7.47 -0.05
339.5452 66.1441 7.38 0.08
339.5486 45.8278 7.06 0.58
339.5725 45.1829 6.38 0.77
339.5923 -7.8976 6.23 0.78
339.6123 9.2584 7.47 1.43
339.6406 44.6690 7.18 0.04
339.6445 -14.0670 7.49 0.30
339.6579 56.7956 5.11 1.54
339.6627 63.5845 5.19 0.08
339.6861 -28.7482 6.46 1.03
339.6976 44.3139 6.82 0.58
339.7086 4.5302 6.82 0.20
339.7144 -33.0813 5.66 0.04
339.7191 19.5223 5.84 0.92
339.7317 -38.4773 6.58 1.42
339.7355 -39.1549 6.95 1.04
339.7691 37.3754 6.83 -0.12
339.7723 58.9275 7.02 0.36
339.7850 -52.6920 6.67 0.36
339.8153 39.0503 4.89 -0.21
339.8168 -10.0278 6.93 0.62
339.8535 81.3921 6.82 0.76
339.8768 -68.0604 6.90 1.09
339.8805 37.3536 6.65 0.95
339.8875 38.7485 6.96 0.28
339.8923 51.1556 6.79 0.44
339.8930 37.5928 6.03 0.85
339.9341 -28.3257 6.30 1.01
339.9436 -28.3481 7.11 0.46
339.9459 19.6811 6.33 0.04
339.9822 22.8770 7.48 1.04
339.9923 -35.1748 7.07 1.33
339.9975 -83.2517 6.68 0.32
340.0113 -19.1979 7.28 0.49
340.0196 41.3143 7.49 0.98
340.0240 40.6701 6.78 1.70
340.0298 -49.5983 7.37 1.04
340.0332 -9.3592 6.89 0.51
340.0519 -6.5345 7.17 0.72
340.0737 51.5478 7.38 0.27
340.0767 53.8459 5.94 0.95
340.0930 -30.6589 5.88 1.30
340.1134 4.5750 6.81 1.05
340.1278 20.0415 7.37 0.41
340.1285 44.2763 4.50 1.32
340.1639 -27.0436 4.18 -0.10
340.1998 -3.5542 6.32 0.52
340.2001 -67.6886 7.26 -0.01
340.2037 -57.4223 5.98 1.45
340.2195 14.5492 5.72 0.72
340.2272 66.5234 7.46 0.64
340.2297 -31.9901 7.41 0.79
340.2502 25.2102 7.23 0.27
340.2615 51.7585 6.77 1.52
340.2660 36.2635 6.64 1.65
340.2680 -23.5213 7.10 0.57
340.2903 45.0087 7.18 0.32
340.3144 -57.0282 7.24 1.66
340.3446 -25.3503 7.36 0.45
340.3569 -12.2299 6.78 1.37
340.3572 23.8466 7.39 -0.14
340.3655 10.8314 3.41 -0.09
340.3694 40.2254 5.25 -0.14
340.3804 30.9659 6.36 1.58
340.3886 77.6152 7.32 0.21
340.4001 41.5491 5.93 1.00
340.4392 29.3076 4.80 -0.01
340.4567 22.3894 7.45 0.05
340.4894 14.5164 5.92 1.11
340.5110 22.1001 7.13 1.06
340.5251 -5.1020 6.28 1.57
340.5275 -3.4734 7.18 0.04
340.5867 53.9087 6.14 1.63
340.5883 5.1737 7.37 0.22
340.5920 -29.3610 6.12 1.52
340.6343 -12.5597 7.44 -0.04
340.6537 -47.2108 5.99 0.58
340.6667 -46.8846 2.07 1.61
340.6774 0.0710 7.19 0.38
340.6795 -44.2480 6.06 0.96
340.7050 0.2318 6.97 0.31
340.7163 54.7574 7.37 1.44
340.7208 4.9688 6.78 1.58
340.7257 37.4473 7.27 0.17
340.7310 37.8027 6.43 -0.12
340.7415 27.9886 7.33 -0.06
340.7420 1.2173 6.93 0.25
340.7506 30.2212 2.93 0.85
340.7551 -10.1027 7.04 0.98
340.7570 -21.6575 7.14 0.91
340.7642 -8.3114 6.45 0.17
340.7680 47.1688 6.39 0.45
340.7682 65.3363 6.76 -0.03
340.8094 -6.9629 6.40 -0.04
340.8144 56.4083 6.91 0.31
340.8569 62.6714 6.74 0.92
340.8749 -41.4143 4.84 1.03
340.8968 -18.8304 4.68 1.36
340.8970 32.8221 7.27 1.63
340.9121 44.5305 7.22 1.18
340.9233 47.4118 6.78 1.32
340.9279 10.9394 6.51 0.50
340.9613 3.8868 7.41 0.52
340.9613 78.5183 7.32 -0.00
341.0217 39.4653 5.93 1.49
341.0228 41.8192 5.11 0.96
341.0241 64.5707 7.50 0.72
341.0265 80.4371 7.02 0.96
341.0330 61.5118 7.47 1.67
341.0686 -60.4996 6.29 0.57
341.0722 49.4121 7.05 1.70
341.0811 51.4496 7.50 0.59
341.0889 -14.6761 7.09 1.57
341.1224 14.2906 7.36 1.12
341.1249 53.7564 7.49 1.26
341.1413 -63.9539 6.93 0.11
341.1552 -62.5484 6.78 1.13
341.2047 52.5172 6.43 1.54
341.2050 -40.7681 7.05 1.06
341.2083 -56.8270 7.09 1.23
341.2103 24.3785 7.25 0.91
341.2207 39.2010 6.47 1.50
341.2653 58.1471 6.45 0.43
341.3367 -9.6445 7.43 0.20
341.3451 1.7526 7.45 0.92
341.3520 44.7524 7.00 -0.03
341.3667 -15.5834 7.01 1.51
341.3674 19.3666 6.27 1.06
341.3734 -88.8183 6.55 0.29
341.3850 -25.2369 6.52 0.18
341.3937 30.4426 6.37 0.93
341.4003 52.8903 6.99 1.10
341.4066 74.5541 7.46 1.67
341.4078 -53.5001 4.84 1.18
341.4200 -46.5473 5.52 1.30
341.4749 11.2003 7.20 0.84
341.5154 -81.3816 4.13 0.21
341.5197 -55.0636 6.62 1.19
341.5270 52.1048 7.45 0.27
341.5332 -48.9788 6.63 0.64
341.5425 44.5461 5.84 0.36
341.5593 -11.1663 6.67 1.66
341.5878 46.2151 6.55 1.51
341.5970 -75.4222 7.31 0.10
341.6178 -49.6858 6.49 1.16
341.6193 7.5829 6.91 0.46
341.6233 54.8721 6.85 0.07
341.6328 23.5657 3.97 1.07
341.6732 12.1729 4.20 0.50
341.6732 -51.0502 7.50 1.54
341.6819 -46.9394 6.56 0.31
341.7267 -33.1825 6.81 0.97
341.7604 17.2331 7.34 -0.13
341.7880 -41.6918 6.84 1.27
341.8287 53.3818 6.85 0.17
341.8299 -34.1617 6.28 1.15
341.8364 -16.1464 7.35 0.68
341.8403 14.1231 6.95 1.26
341.8468 58.4830 6.33 0.02
341.8549 -17.5508 6.80 0.50
341.8614 -44.9652 7.22 0.60
341.8677 -34.8260 7.26 1.07
341.8705 7.7087 7.40 0.30
341.8707 83.1538 4.77 1.26
341.8740 -1.7888 7.44 1.15
341.8847 -69.4745 6.86 0.31
341.8880 -19.6134 5.24 0.94
341.8987 -65.5603 6.49 1.21
341.9282 -14.0564 5.68 -0.02
341.9334 30.1297 7.25 0.23
341.9465 -38.2221 6.72 0.48
341.9591 -4.2290 6.67 0.65
341.9706 65.0622 6.87 0.24
341.9779 51.9794 7.14 0.26
341.9841 -25.9120 6.31 0.91
341.9892 -58.6848 7.11 1.55
342.0168 -51.5127 7.03 0.98
342.0287 -37.7567 7.49 0.59
342.0335 49.5827 6.81 1.56
342.0460 37.4167 5.82 1.02
342.0542 84.7760 7.09 1.08
342.0889 -61.6844 6.36 1.06
342.0938 -8.1123 7.36 1.48
342.1141 31.1007 7.43 0.07
342.1174 -27.5644 6.83 0.92
342.1259 -10.5555 6.19 0.27
342.1260 -43.4464 7.06 0.96
342.1347 -70.9334 7.18 1.68
342.1386 -51.3169 3.49 0.08
342.1844 62.9384 6.07 1.19
342.1995 54.4149 6.14 -0.08
342.2303 -63.7184 6.51 -0.05
342.2339 4.2928 7.24 0.48
342.2531 68.5702 6.19 0.44
342.3215 -23.0925 6.93 1.32
342.3227 -70.3480 6.35 0.07
342.3232 50.9767 6.75 0.55
342.3839 10.4786 6.55 0.29
342.3979 -13.5926 4.05 1.57
342.4009 66.5539 7.00 0.04
342.4115 42.6310 7.34 0.15
342.4162 80.3677 7.00 1.03
342.4206 -77.0511 6.73 0.11
342.4203 66.2004 3.50 1.05
342.4207 -58.9293 7.41 1.55
342.4226 40.5152 7.40 0.59
342.4428 55.9028 5.43 1.17
342.4834 -20.2851 7.46 0.16
342.4968 -32.8055 6.34 0.32
342.5008 24.6016 3.51 0.93
342.5040 -55.2341 7.06 1.53
342.5421 50.6769 6.23 1.13
342.5907 41.9534 5.91 0.06
342.5948 -80.1238 5.32 -0.13
342.6178 -59.5255 7.47 0.32
342.6598 4.0682 7.12 1.10
342.6631 19.1412 6.52 1.10
342.6769 -0.5778 7.47 0.21
342.6929 52.0614 7.22 0.59
342.6929 -7.3119 7.01 1.19
342.6999 66.7379 7.09 1.40
342.7173 18.0021 7.46 0.65
342.7590 -39.1568 5.43 1.44
342.7623 85.3737 5.89 1.34
342.7662 52.2683 7.43 0.26
342.7736 34.3837 7.36 0.43
342.7755 43.2380 7.45 0.95
342.7986 -59.0974 7.32 0.31
342.8055 48.7332 6.88 -0.08
342.8349 -41.5820 7.45 1.60
342.8373 -29.5363 5.99 0.91
342.8440 61.6967 5.61 0.78
342.8611 26.3910 6.94 0.23
342.8727 62.9722 6.65 0.76
342.8904 85.0464 7.32 1.36
342.8907 59.0085 7.20 0.58
342.8920 32.8156 7.16 0.18
342.9234 4.7860 7.09 0.37
342.9374 -59.8814 6.47 1.13
342.9377 53.0285 7.27 0.21
342.9404 -35.8886 7.43 0.23
342.9422 15.0858 7.02 0.09
342.9559 41.3130 7.07 0.01
342.9618 46.7355 7.16 0.91
343.0084 43.3124 4.95 1.56
343.0416 -63.1887 6.14 1.02
343.0771 -47.5752 7.36 0.43
343.0862 10.4144 6.86 0.40
343.0908 15.8823 7.01 1.38
343.1003 9.8357 5.16 0.49
343.1102 -45.9915 7.26 1.44
343.1130 -47.9929 7.49 1.06
343.1314 -32.8755 4.46 -0.04
343.1370 3.5522 6.64 0.17
343.1413 35.3376 7.13 0.16
343.1476 56.7098 7.39 0.55
343.1486 -19.0380 6.99 0.49
343.1507 10.2203 7.26 0.50
343.1536 -7.5796 3.73 1.63
343.1587 50.7049 7.07 1.68
343.1758 67.9902 6.98 0.42
343.1908 60.9163 7.42 0.59
343.1938 -10.0589 6.74 0.52
343.2057 46.5484 6.82 -0.03
343.2177 50.4123 6.46 -0.05
343.2260 38.6160 6.93 1.72
343.2594 16.8412 5.86 1.13
343.2657 60.1010 6.01 1.75
343.2882 26.9774 7.42 1.15
343.2974 40.1674 6.33 -0.07
343.3146 -45.1477 6.85 1.10
343.3648 -5.9880 6.94 0.34
343.3696 -11.6165 5.80 -0.08
343.3775 -39.4199 7.30 1.33
343.4078 -48.5983 6.03 0.62
343.4103 78.9019 7.30 1.34
343.4173 44.7492 5.79 0.28
343.4532 28.6258 7.39 1.16
343.4673 1.8431 6.81 1.64
343.5235 -19.1751 6.37 1.51
343.5290 40.3769 5.82 1.14
343.5297 -12.1904 6.86 1.39
343.5309 19.8920 7.02 0.53
343.5621 76.3381 7.44 0.25
343.5715 56.3330 6.85 0.92
343.5754 17.7950 6.60 1.00
343.5804 -24.9802 7.42 0.93
343.6018 84.3462 4.70 1.42
343.6169 -74.8649 7.40 0.43
343.6422 -7.2046 6.20 1.28
343.6484 16.9418 6.39 1.73
343.6626 -15.8208 3.27 0.07
343.6647 -70.0737 6.04 0.66
343.6660 -67.6121 7.47 0.39
343.6682 24.3871 7.42 1.53
343.6818 35.9836 7.47 1.01
343.6843 7.2575 7.31 1.34
343.6867 31.4788 7.40 -0.01
343.6895 -16.2720 5.53 1.11
343.7282 -22.3690 6.76 0.47
343.7479 1.0649 6.11 0.19
343.7541 19.5597 7.41 1.66
343.7610 37.0768 5.91 0.40
343.7796 9.4598 7.50 1.37
343.7957 -4.9879 5.72 0.88
343.8070 8.8162 4.91 -0.00
343.8121 -36.3886 6.40 1.31
343.8169 -48.4918 6.67 0.46
343.8176 -48.4658 7.04 0.56
343.8384 -5.6897 7.18 1.61
343.8537 70.2973 7.48 0.30
343.8612 36.1610 7.50 1.41
343.8775 -20.1394 6.36 1.43
343.9172 68.6172 7.49 0.92
343.9354 36.3514 5.73 -0.05
343.9459 44.3082 6.81 0.85
343.9647 -31.6332 6.09 1.36
343.9765 -41.0968 6.72 1.01
343.9865 41.3350 7.32 0.48
343.9871 -32.5396 4.20 0.95
343.9932 62.4323 6.53 1.82
344.0140 58.1958 7.06 -0.05
344.0448 56.4504 7.26 0.06
344.0547 72.8373 7.38 0.22
344.0985 41.6039 5.60 -0.15
344.0988 22.9559 7.38 0.39
344.1001 -31.5656 6.48 1.09
344.1083 49.7335 4.99 1.78
344.1992 -47.9692 5.72 0.23
344.2144 11.8483 6.53 0.17
344.2339 59.9617 7.21 -0.05
344.2612 56.4906 7.45 0.37
344.2688 48.6841 5.34 -0.10
344.2743 -57.4012 7.43 1.22
344.2786 -3.2452 6.60 0.22
344.3217 -4.8101 6.31 0.95
344.3417 -56.8752 7.06 0.24
344.3571 43.0128 6.64 1.57
344.3666 20.7688 5.45 0.67
344.3867 3.8102 6.28 1.12
344.4040 39.3887 7.43 1.10
344.4045 -20.2745 7.45 1.20
344.4126 -29.6222 1.17 0.14
344.4197 39.3088 6.17 -0.15
344.4504 73.1335 6.54 1.07
344.4719 -37.9350 7.30 0.99
344.4846 13.6116 7.47 0.44
344.4974 -59.0895 6.70 0.34
344.5267 21.5132 7.31 1.50
344.5648 -2.3954 6.17 0.74
344.5986 -1.4102 6.38 0.37
344.6122 35.2824 7.02 1.24
344.6385 63.7067 7.41 0.26
344.6462 9.3569 6.43 0.64
344.6459 -35.5232 6.15 0.58
344.6473 50.6980 7.43 1.46
344.6658 63.0771 7.43 0.33
344.6776 7.3401 6.35 0.05
344.6906 43.8388 7.18 -0.07
344.7205 -0.3159 7.42 1.03
344.7875 59.8147 6.46 0.01
344.7890 80.3440 7.11 1.22
344.7931 52.6545 6.31 1.41
344.7992 11.7288 5.76 0.29
344.8035 52.3030 6.98 -0.04
344.8205 -71.8366 7.42 1.53
344.8217 -60.1566 7.38 1.41
344.8286 4.3585 7.20 0.54
344.8644 0.9629 5.43 0.98
344.8986 -13.0709 6.12 1.46
344.8990 -29.4623 5.51 0.27
344.9343 -62.7721 7.19 0.46
344.9975 5.1596 7.15 1.15
345.0041 57.7728 7.45 0.36
345.0213 56.9454 5.10 1.01
345.0241 -25.1642 5.66 1.25
345.0362 -51.7013 7.29 0.27
345.0400 13.9247 7.49 1.16
345.0803 -26.1537 7.47 0.66
345.0831 -8.8805 6.81 0.43
345.1007 -41.1512 7.08 0.98
345.1026 -25.6268 6.30 1.12
345.1349 13.4686 6.70 1.20
345.1433 45.3748 6.51 0.30
345.1579 0.1859 6.22 0.89
345.1767 31.0830 6.60 -0.04
345.1788 3.0118 5.85 1.34
345.1977 -49.4516 7.33 0.32
345.2050 21.3815 7.43 1.12
345.2202 -52.7541 4.11 0.96
345.2281 38.7078 6.57 -0.12
345.2310 -19.3469 7.49 0.98
345.2539 -58.4375 7.01 0.20
345.2542 76.1226 7.50 0.86
345.2814 -50.9500 5.68 1.41
345.2833 -45.2052 7.35 1.41
345.3116 80.7818 6.68 0.24
345.3142 44.1986 7.35 0.38
345.3308 -28.8540 5.55 1.35
345.3383 14.8708 7.10 0.98
345.3460 -22.7909 6.27 0.13
345.3485 -7.0612 6.23 1.42
345.3536 -14.2719 7.28 1.16
345.3780 57.1055 6.24 1.50
345.3821 -4.7115 5.94 0.99
345.3933 -22.4194 7.41 0.54
345.4142 4.4612 7.06 0.59
345.4234 60.1973 7.40 1.31
345.4316 3.5309 6.44 0.97
345.4533 50.8501 7.29 1.37
345.4648 -3.8487 7.48 0.94
345.4644 34.6125 6.74 0.40
345.4768 19.8377 7.18 1.42
345.4794 -63.0855 6.88 1.35
345.4803 42.3260 3.62 -0.10
345.5472 44.5729 6.43 0.96
345.5877 23.3405 6.84 0.06
345.6011 0.4394 7.38 0.51
345.6049 59.8527 7.00 -0.01
345.6141 -45.3040 7.21 0.44
345.6357 -6.5740 6.18 1.59
345.6390 31.7816 6.56 0.34
345.6421 -36.4209 6.46 0.94
345.6466 16.2324 6.56 1.21
345.6515 42.7578 5.09 0.09
345.6558 59.6051 7.30 0.32
345.6575 -18.5417 6.78 1.00
345.6627 63.3408 6.85 1.31
345.6829 55.2364 6.51 -0.08
345.6843 -52.9653 7.25 0.95
345.6844 23.1304 7.21 0.46
345.6844 -20.8707 5.97 0.95
345.6881 44.0588 6.37 -0.02
345.7366 -47.8483 6.64 -0.05
345.7708 20.9186 6.65 0.62
345.8289 38.2986 7.24 1.03
345.8390 58.5639 6.43 0.90
345.8488 60.4454 6.74 -0.04
345.8742 -34.7494 5.12 0.30
345.8741 -38.4334 7.26 1.54
345.8819 -56.4987 7.47 0.42
345.8869 67.2092 5.25 1.25
345.9089 -26.8133 6.82 1.64
345.9271 -40.8170 6.85 1.62
345.9343 -30.4448 6.78 0.94
345.9435 28.0828 2.44 1.66
345.9608 21.5983 7.22 0.63
345.9692 3.8200 4.48 -0.12
345.9886 -4.7949 6.68 0.58
345.9985 -41.4789 5.79 1.07
346.0032 6.6163 6.42 0.42
346.0219 3.2933 7.40 0.47
346.0455 50.0521 4.64 1.06
346.0477 -22.2347 7.46 1.05
346.0951 -6.6897 7.48 1.21
346.1361 63.2407 6.63 1.02
346.1517 31.3075 6.77 0.40
346.1650 -53.9649 5.37 1.45
346.1664 8.8532 7.38 1.24
346.1902 15.2053 2.49 -0.00
346.2091 -27.1361 6.97 0.22
346.2174 -68.8202 5.53 0.40
346.2305 56.6906 6.81 0.05
346.2383 4.5999 7.35 1.47
346.2507 4.2254 7.07 0.47
346.2528 18.6312 7.24 0.38
346.2546 33.3858 7.46 0.12
346.2642 24.5218 7.10 0.43
346.2729 68.4171 7.49 0.65
346.2749 28.2020 7.48 1.74
346.2764 58.7324 6.91 1.12
346.2762 16.5628 6.43 0.89
346.2908 -7.6938 5.44 0.31
346.3036 -17.0792 6.15 1.37
346.3143 -24.3498 7.05 0.96
346.3235 1.3071 6.39 0.93
346.3272 -7.7547 7.09 1.22
346.3422 -16.8984 6.86 0.93
346.3564 -22.4868 7.48 1.53
346.3576 10.4477 7.41 0.24
346.3709 24.6530 7.10 0.10
346.3741 28.9886 7.18 1.61
346.3798 14.4517 7.10 0.60
346.3877 14.9591 6.80 0.01
346.3972 20.2409 7.26 0.57
346.4630 -35.8531 7.35 1.48
346.4689 -7.9367 6.71 -0.01
346.4729 -10.4379 7.30 0.33
346.5374 63.2128 7.44 0.34
346.5405 41.7898 7.09 0.80
346.5511 36.8203 6.76 1.15
346.5553 18.9904 7.44 1.10
346.5694 75.5814 6.81 0.03
346.5717 -9.6061 7.14 1.05
346.5756 18.5178 6.16 0.48
346.6190 61.4401 6.75 0.48
346.6328 19.9109 6.44 0.54
346.6341 51.0772 7.42 -0.11
346.6534 59.4198 4.84 -0.06
346.6702 -23.7431 4.48 0.89
346.7198 -43.5204 4.28 0.42
346.7234 -38.8923 5.62 0.01
346.7415 -30.0481 6.57 0.43
346.7511 9.4095 4.54 1.56
346.7611 3.0522 6.98 1.08
346.7709 35.6365 6.38 1.16
346.7759 50.1924 7.02 0.28
346.7781 25.4683 4.76 1.28
346.7893 -49.6061 6.33 1.45
346.7919 52.8166 6.12 1.06
346.7935 59.7274 6.41 -0.03
346.7988 -7.6946 7.39 0.10
346.8116 -50.6867 5.81 0.49
346.8250 46.0681 6.66 -0.06
346.8429 70.6609 7.40 1.08
346.8563 20.5816 6.73 1.01
346.8584 58.9897 7.26 1.30
346.8655 32.8253 6.13 0.14
346.8696 21.1343 5.97 0.26
346.8966 80.5694 7.28 0.12
346.9136 46.3872 5.30 1.41
346.9255 65.6169 7.01 0.15
346.9389 49.2958 5.68 0.45
346.9403 -0.2961 7.05 1.15
346.9489 63.6335 6.25 -0.03
346.9493 30.4396 7.18 1.45
346.9743 75.3875 4.41 0.80
346.9801 31.4588 7.44 0.16
346.9883 64.2225 6.21 1.08
347.0517 44.5618 6.51 0.17
347.0878 -28.8237 5.60 0.88
347.0983 -79.4807 6.11 0.14
347.1088 -0.4996 7.42 0.49
347.1188 29.1610 7.47 0.16
347.1482 -73.5861 6.18 1.42
347.1520 -63.8716 7.22 0.63
347.1565 -59.7366 7.43 0.45
347.1705 2.1279 5.42 0.91
347.1920 39.1678 7.40 1.58
347.2148 -25.8306 6.74 0.48
347.2378 38.9152 7.35 0.04
347.2447 62.8156 7.43 1.11
347.2666 -45.5117 7.42 1.19
347.3181 65.2114 6.67 -0.04
347.3198 49.6506 6.75 -0.04
347.3439 2.1444 7.11 1.27
347.3445 18.7359 6.75 -0.06
347.3616 -21.1724 3.68 1.20
347.3811 8.6772 5.05 1.48
347.3853 29.6696 6.59 1.16
347.4339 59.3327 5.68 0.32
347.4360 -28.0886 5.88 1.31
347.4364 -67.8763 6.47 0.39
347.4565 -14.5106 6.43 0.01
347.4685 39.4692 6.66 0.23
347.4787 -22.4576 4.71 0.67
347.4822 67.2421 6.66 0.02
347.4879 14.4266 6.54 0.61
347.4893 -42.8613 5.83 0.47
347.4951 47.9594 7.11 0.66
347.5061 9.8221 5.39 -0.07
347.5239 49.9906 7.27 1.11
347.5281 7.3625 7.39 0.02
347.5370 33.7678 6.69 1.31
347.5396 57.4483 6.94 1.15
347.5405 -40.5915 5.90 1.56
347.5505 -66.8576 6.47 0.96
347.5714 32.4870 7.05 -0.04
347.5865 -13.6445 7.18 1.23
347.5884 49.0183 7.29 0.67
347.5896 -45.2467 3.88 1.00
347.6030 -7.8120 7.33 0.60
347.6128 -60.5644 6.72 0.21
347.6135 43.5442 5.91 0.45
347.6651 -5.9603 6.96 -0.10
347.6768 26.5230 7.11 0.20
347.6776 17.5944 5.68 1.33
347.6941 -29.5251 6.53 0.28
347.7087 45.5123 6.98 0.75
347.7431 31.1508 7.29 1.18
347.7790 53.0582 7.23 -0.03
347.7938 -63.1900 7.00 1.33
347.7949 30.0431 6.90 1.12
347.8086 5.0043 6.66 1.43
347.8481 50.7714 6.81 0.46
347.9117 47.0987 7.21 0.69
347.9341 8.7201 5.15 0.14
347.9550 26.8473 6.19 0.94
347.9806 32.6660 7.40 0.97
347.9982 -11.9336 7.00 1.03
348.0066 64.7192 7.33 -0.04
348.0126 -43.9878 7.18 1.11
348.0519 -80.9127 6.43 1.50
348.0856 52.2296 7.40 0.33
348.1042 36.9678 6.92 1.01
348.1374 49.4062 4.53 0.30
348.2442 -9.5705 7.00 1.15
348.2564 42.0622 6.91 0.23
348.2666 29.4415 6.34 0.92
348.2709 8.9634 6.69 1.62
348.3165 57.1684 5.57 1.00
348.3137 -49.6186 6.80 0.92
348.3491 2.6754 7.40 0.79
348.3604 11.0650 5.85 1.00
348.4210 2.2036 7.18 0.39
348.4510 15.3676 7.37 0.56
348.4510 -13.3946 7.02 1.20
348.4973 19.6339 6.47 1.15
348.5022 4.9971 7.06 -0.14
348.5261 -62.7000 6.12 0.79
348.5266 -2.6350 7.14 0.31
348.5337 -70.0582 6.90 0.73
348.5599 50.6179 6.32 -0.01
348.5807 -6.0490 4.22 1.54
348.5905 29.7718 6.41 0.45
348.6083 43.6981 7.49 0.54
348.6272 20.4423 7.03 1.07
348.6520 24.1029 6.36 1.17
348.6543 74.2313 5.89 -0.01
348.6674 -10.6887 6.13 1.50
348.7070 -7.7029 7.37 1.63
348.7281 65.4241 7.23 0.43
348.7413 28.0708 7.10 0.03
348.7442 -41.1054 5.77 1.16
348.7458 41.1424 7.32 1.39
348.7551 46.5243 7.21 0.05
348.8040 -6.1219 7.48 0.94
348.8305 -24.8518 7.28 0.18
348.8460 25.6722 6.81 0.85
348.8478 -56.6919 6.57 0.29
348.8688 64.2667 7.17 -0.01
348.8762 -59.6943 7.35 1.31
348.8927 -3.4964 5.56 0.06
348.9072 70.8881 5.55 0.26
348.9178 1.3083 6.76 0.54
348.9176 76.7873 7.26 0.92
348.9363 -29.8476 6.52 1.06
348.9429 28.2479 6.51 0.83
348.9692 -13.1839 7.28 0.43
348.9729 -9.0877 4.24 1.11
348.9912 24.7709 6.57 0.41
348.9930 -1.4239 6.93 1.30
349.0030 35.3997 6.87 0.29
349.0185 -51.8721 7.07 1.65
349.0582 78.1505 7.39 0.31
349.0980 64.1162 7.38 0.47
349.1061 -55.5269 6.93 0.45
349.1071 50.6713 7.41 1.59
349.1127 61.9629 6.53 0.16
349.1227 -23.2255 7.11 0.31
349.1267 -27.0806 7.36 1.63
349.1651 -28.6841 7.13 1.21
349.1658 -44.4892 5.92 1.05
349.1761 53.2135 5.58 0.56
349.2071 -21.2031 7.25 1.03
349.2077 -41.1944 6.49 1.07
349.2123 -7.7265 4.93 1.61
349.2399 -62.0012 5.64 0.52
349.2441 -18.8732 6.93 1.29
349.2464 -7.1608 6.71 0.41
349.2865 -28.4383 6.24 1.56
349.2879 -18.1658 7.33 1.00
349.2914 3.2823 3.70 0.92
349.3194 45.1642 6.44 1.08
349.3286 75.2990 6.35 0.05
349.3298 29.8734 7.17 1.67
349.3363 -62.7813 7.50 1.36
349.3575 -58.2357 3.99 0.41
349.3682 -16.1722 6.72 -0.14
349.4054 18.3048 6.73 0.39
349.4170 -11.7129 6.33 0.06
349.4244 34.0465 7.02 0.48
349.4260 31.0300 7.03 0.33
349.4360 49.0153 4.82 1.67
349.4738 30.4585 6.99 1.21
349.4759 -9.1825 4.41 -0.14
349.4833 45.4889 6.48 -0.04
349.4858 -13.7952 6.59 1.26
349.4873 73.6885 7.16 1.11
349.5018 -48.1130 7.33 0.40
349.5032 -61.0037 6.74 1.10
349.5058 79.8743 6.98 0.12
349.5411 -40.8244 5.54 0.45
349.5637 27.6003 7.28 0.43
349.5834 -67.4712 6.15 1.36
349.5972 41.7737 5.98 0.21
349.6204 27.6038 6.91 1.01
349.6236 -18.8416 6.75 1.66
349.6523 -58.3064 7.50 0.63
349.6560 68.1114 4.75 0.84
349.6626 33.7273 7.17 1.36
349.6761 36.0902 7.37 0.34
349.6918 -47.4354 6.59 -0.04
349.7008 3.2466 7.50 1.42
349.7060 -32.5320 4.41 1.11
349.7285 -30.5528 6.94 1.09
349.7403 -9.6107 4.99 -0.02
349.7589 -12.1704 7.23 0.00
349.7600 45.1368 6.51 0.17
349.7637 -28.3878 6.49 1.53
349.7778 -13.4586 5.20 0.79
349.7821 48.9194 7.24 0.28
349.7857 -79.4724 6.34 0.91
349.8347 7.2149 7.38 1.04
349.8491 62.7398 6.66 2.29
349.8499 -5.1244 5.56 0.39
349.8504 -18.0754 5.96 1.53
349.8520 35.8251 6.74 -0.03
349.8574 -39.1585 7.05 0.13
349.8642 34.7932 6.32 -0.05
349.8742 48.6253 5.44 1.01
349.9194 -15.7823 7.31 1.08
349.9229 48.3809 6.29 1.12
349.9226 23.8253 7.28 -0.07
349.9251 -41.0832 7.21 0.22
349.9298 -33.7081 6.35 1.31
349.9503 7.9821 6.91 1.16
349.9578 57.2436 6.89 1.79
349.9684 42.0780 5.81 1.51
349.9989 -47.5401 6.82 1.25
350.0027 61.1498 6.94 0.03
350.0051 41.7549 7.35 0.22
350.0111 64.8485 7.26 0.27
350.0484 23.0912 6.63 1.41
350.0599 61.9701 6.39 1.68
350.0660 -3.9191 6.64 0.52
350.0858 5.3813 5.05 1.20
350.0868 60.2748 6.62 0.60
350.1439 62.2133 6.41 1.60
350.1563 -75.6328 7.30 0.46
350.1588 21.1893 6.92 1.19
350.1593 23.7403 4.58 0.18
350.1671 19.8408 7.34 0.17
350.1704 -5.9080 6.17 1.09
350.1837 44.1162 6.25 0.15
350.2065 30.4149 5.58 1.50
350.2090 -50.3066 6.04 0.42
350.2218 38.1823 5.77 0.47
350.2331 -18.5434 6.99 0.92
350.2401 17.2526 6.67 0.33
350.2806 60.4710 7.17 1.16
350.2969 2.1973 7.42 0.94
350.2999 64.7407 7.40 -0.01
350.3001 -8.6742 7.50 0.26
350.3132 -13.2694 7.17 1.48
350.3140 -6.1925 7.31 1.06
350.3146 -26.9868 5.65 0.82
350.3225 38.5823 7.35 1.07
350.3398 -4.6728 6.79 0.14
350.3465 36.5011 7.11 1.44
350.4015 44.0979 7.36 0.80
350.4553 20.6378 7.18 1.73
350.4789 31.8125 5.35 -0.10
350.4927 26.6089 6.59 0.40
350.5126 48.7951 7.39 1.07
350.5208 28.6948 6.74 0.39
350.5584 23.5517 7.28 1.04
350.5589 -43.1869 7.27 1.16
350.6191 25.9185 6.38 1.54
350.6355 60.1335 5.56 1.68
350.6632 -15.0393 5.19 0.20
350.6688 20.8287 6.28 -0.03
350.6975 51.0476 7.33 1.42
350.7027 20.5589 6.62 0.60
350.7125 -23.4519 7.43 0.39
350.7218 2.8183 7.04 0.03
350.7364 -60.0558 6.08 1.60
350.7426 -20.1006 3.96 1.08
350.7690 12.3139 5.09 1.31
350.8271 -41.6012 7.13 0.28
350.8420 -55.5534 6.57 1.27
350.8831 0.2913 6.33 1.58
350.9101 54.0310 6.84 0.08
350.9355 -31.1107 7.39 1.59
350.9388 -8.4601 6.69 0.93
350.9393 -43.1244 6.12 1.46
350.9480 32.5313 6.70 0.45
350.9649 65.3434 6.97 0.40
350.9704 -53.8150 7.16 0.26
350.9771 -53.8087 6.13 0.26
350.9847 77.5117 7.50 0.70
351.0138 29.6727 7.36 -0.04
351.0166 -21.7744 6.46 0.43
351.0327 -18.6880 6.18 1.02
351.0330 57.5355 6.79 0.25
351.0370 41.6129 6.37 1.70
351.0552 -51.8912 5.75 1.61
351.0686 3.7155 6.62 1.15
351.0785 -72.1652 6.88 0.54
351.0786 21.4130 7.44 0.47
351.0794 23.7599 6.97 1.00
351.0871 86.4178 6.61 0.55
351.0908 6.1863 7.18 -0.10
351.1109 -37.2009 7.35 0.10
351.1288 30.7122 7.20 0.38
351.1455 41.1129 6.72 0.01
351.1498 63.8534 6.75 1.08
351.1808 36.3622 7.01 -0.14
351.1891 25.4964 7.38 -0.07
351.2094 62.2828 4.96 1.68
351.2118 32.3849 5.56 -0.07
351.2319 56.1066 7.40 1.30
351.2746 -73.2736 7.45 1.22
351.3309 -56.8490 5.60 1.06
351.3449 23.4041 4.42 0.62
351.4004 52.9795 6.76 1.59
351.4117 68.9560 6.81 1.21
351.4144 24.9537 6.97 0.23
351.5042 39.3395 7.02 -0.01
351.5116 -20.6420 4.38 1.46
351.5492 70.6855 6.66 0.30
351.5513 -27.4246 6.58 1.00
351.5857 53.1670 7.16 1.52
351.5873 61.0868 6.60 0.34
351.6139 40.3865 6.81 0.95
351.6144 8.6438 7.10 0.60
351.6430 -6.6077 7.30 1.10
351.6478 -21.7408 6.43 1.04
351.6524 -52.7216 5.53 0.41
351.6677 45.3381 7.36 0.64
351.6819 2.4784 6.72 1.11
351.7278 -73.8365 7.46 1.08
351.7331 1.2556 4.95 0.04
351.7377 -15.2477 6.91 0.20
351.7450 -58.4238 7.13 1.25
351.7498 87.3075 5.56 0.25
351.7553 -22.7234 7.30 1.05
351.7808 42.9120 5.75 -0.01
351.7810 -66.5809 6.47 1.46
351.7879 -50.1572 6.22 -0.08
351.7899 -62.7371 6.84 1.63
351.8116 1.1226 6.26 1.01
351.8124 -58.4761 5.63 0.98
351.8187 70.3598 5.60 0.16
351.8217 65.6209 6.84 1.03
351.8272 8.0670 7.01 1.22
351.8563 63.9294 7.32 1.33
351.8587 -12.9302 7.25 1.70
351.8887 -27.2781 7.45 0.29
351.9183 25.1673 5.99 -0.07
351.9234 44.7853 7.43 1.01
351.9289 74.1193 7.23 0.34
351.9333 86.5589 7.20 0.48
351.9607 -50.3437 7.21 0.91
351.9853 -15.2992 6.73 1.51
351.9921 6.3790 4.27 1.06
352.0029 -35.5445 6.34 1.20
352.0149 -87.4822 5.50 1.28
352.0216 -11.4498 6.37 0.90
352.0303 -12.2123 7.33 1.39
352.0535 18.5383 7.42 0.33
352.0554 -56.4366 7.28 0.39
352.0685 6.0745 7.38 0.41
352.0981 19.8856 6.67 0.25
352.1043 -38.6456 7.36 0.94
352.1051 -25.4205 6.90 0.16
352.1321 9.4271 7.40 0.49
352.1946 -5.3894 6.99 1.50
352.2049 -59.4366 7.15 1.35
352.2073 31.7962 7.48 0.54
352.2167 53.6668 6.94 1.07
352.2402 75.2254 6.65 0.01
352.2528 -9.2661 6.20 1.44
352.2534 -44.4981 6.43 1.18
352.2540 -63.1107 5.66 -0.14
352.2593 16.0125 7.11 0.08
352.2737 23.0481 6.45 1.09
352.2887 12.7606 4.54 0.94
352.3180 -85.7094 7.42 0.95
352.3205 -54.5014 6.53 1.07
352.3576 -52.6786 6.80 0.95
352.3623 46.4649 6.88 0.13
352.3624 -1.7912 6.35 1.12
352.3763 -1.0359 6.88 0.62
352.3837 -4.5327 6.26 1.12
352.4001 38.6434 7.35 1.76
352.4763 24.7723 7.22 1.02
352.5078 21.5495 7.14 -0.10
352.5080 58.5489 4.89 -0.12
352.5309 49.1331 6.19 1.46
352.5562 5.0128 7.26 1.14
352.6097 30.8318 7.36 0.50
352.6320 16.5632 7.45 0.96
352.6336 64.3923 7.25 0.22
352.6419 77.8941 7.12 0.05
352.6423 -41.9888 6.78 1.15
352.6648 38.6623 6.07 0.99
352.6687 0.8776 7.16 1.53
352.6962 33.8357 7.10 1.25
352.7548 -6.2881 6.39 1.26
352.7611 -69.0767 7.10 0.59
352.7776 2.3634 7.17 0.45
352.8224 39.2362 5.22 1.03
352.8400 59.1655 6.76 0.84
352.8491 59.4625 7.31 1.65
352.8564 49.5079 7.30 1.23
352.8623 -44.8436 6.02 1.01
352.8692 -56.1425 7.24 1.04
352.8755 28.6662 6.53 0.98
352.8813 -4.0874 6.50 0.53
352.8848 33.6984 7.42 0.25
352.8913 86.1781 7.09 0.17
352.9150 77.8197 7.05 0.04
352.9252 -21.3695 6.24 0.32
352.9293 28.4035 6.41 0.04
352.9516 -21.2501 7.16 0.44
352.9595 44.0729 6.78 1.47
352.9652 -41.7524 6.57 1.22
352.9833 -25.7441 6.57 1.00
352.9894 38.3066 7.40 1.34
352.9899 -1.0859 6.39 1.18
352.9901 -80.8278 7.34 1.12
353.0009 45.8889 7.22 1.59
353.0480 65.7392 6.65 0.23
353.0528 -11.5446 6.64 1.60
353.0529 7.0849 6.80 0.51
353.1029 17.4042 7.05 0.39
353.1033 34.9523 6.66 -0.04
353.1079 -10.9988 6.78 0.91
353.1175 -63.6550 7.34 1.47
353.1210 23.8436 6.41 1.49
353.1220 72.0009 6.73 0.12
353.1458 53.6864 6.83 1.07
353.1692 -45.1214 6.90 0.12
353.2239 63.1555 7.47 0.77
353.2310 -3.0167 7.09 0.12
353.2353 46.1237 6.61 1.67
353.2427 -37.8183 4.38 -0.10
353.3011 57.4079 7.32 0.81
353.3080 -12.6092 7.09 0.15
353.3193 -20.9145 4.70 0.02
353.3315 -77.3853 5.82 0.68
353.3362 60.4109 7.20 0.92
353.3462 4.6393 7.27 1.56
353.3500 42.8466 7.14 0.58
353.3573 -31.2895 7.14 1.12
353.3671 24.3424 6.91 0.20
353.3671 22.4988 5.33 1.48
353.3694 -4.4013 6.92 0.47
353.3714 41.6380 7.05 1.08
353.3950 17.8188 6.81 0.67
353.3986 60.4686 7.36 0.98
353.4169 29.8747 7.22 0.44
353.4291 45.0581 6.25 0.99
353.4424 -36.2640 7.24 0.39
353.4551 46.6810 6.81 1.14
353.4812 20.8409 6.10 1.65
353.4883 31.3253 4.97 1.38
353.4925 43.9042 6.93 -0.00
353.5011 -24.8596 7.48 0.55
353.5328 72.9146 7.38 0.21
353.5376 -1.2476 5.91 0.30
353.6049 5.4705 6.90 0.43
353.6433 34.3561 7.29 1.10
353.6564 40.2364 5.55 0.10
353.6592 33.4973 5.63 1.04
353.6717 37.7999 7.22 0.58
353.6843 36.2041 7.45 1.01
353.6947 38.0240 6.18 1.59
353.7057 -15.2460 5.95 1.35
353.7099 -42.6843 6.65 0.22
353.7264 -35.0850 7.07 1.07
353.7460 71.6420 5.86 1.68
353.7460 31.8355 7.28 0.13
353.7483 24.4258 6.67 1.08
353.7589 -56.8253 6.73 0.38
353.7676 -7.6774 7.37 1.30
353.7690 -42.6151 4.69 0.08
353.7893 67.4919 7.19 1.09
353.7954 12.6620 6.95 0.11
353.8041 -64.6891 7.12 0.37
353.8111 -3.8538 7.23 0.41
353.8166 10.9585 7.16 1.20
353.8300 50.3118 7.23 -0.00
353.8617 8.5197 6.68 1.65
353.8631 52.2910 6.90 1.04
353.8655 -10.5551 7.14 1.48
353.8702 31.0172 6.86 0.60
353.8691 1.3131 6.47 1.15
353.8802 32.1979 6.53 0.93
353.8836 -7.4644 6.40 0.87
353.9006 8.3826 7.35 0.41
353.9064 14.5937 7.46 0.29
353.9169 -27.4905 6.66 0.56
353.9244 -15.2991 7.29 1.05
353.9275 51.2640 6.87 1.64
353.9814 27.8649 7.37 -0.07
353.9831 24.5610 6.44 1.70
353.9894 -10.6877 7.50 0.93
354.0010 -8.7662 7.18 0.48
354.0402 -26.8763 6.57 0.27
354.0970 2.1022 5.68 0.45
354.0994 83.2041 7.50 1.12
354.1186 67.8489 7.25 0.13
354.1271 32.9042 6.35 0.46
354.1417 -44.8928 6.92 0.20
354.2724 -31.8711 6.51 1.25
354.2775 30.6780 7.21 0.62
354.3011 55.8766 7.09 1.66
354.3671 35.8148 7.18 0.97
354.3835 44.4290 5.81 -0.06
354.3908 46.4582 3.81 0.98
354.4148 -13.0602 5.66 1.02
354.4156 16.8255 6.26 0.03
354.4547 3.3702 7.30 0.46
354.4624 -45.4924 4.74 0.08
354.4867 18.4007 5.49 0.01
354.4933 46.1994 6.58 0.67
354.5010 48.9965 7.11 0.67
354.5126 -15.0951 6.38 1.08
354.5150 43.0779 6.96 1.12
354.5335 -70.9034 7.47 1.03
354.5342 43.2681 4.29 -0.08
354.5419 20.5692 7.46 0.37
354.5517 -8.6275 6.89 0.89
354.5522 -56.4511 7.41 1.62
354.5923 58.6540 6.99 1.01
354.5989 -76.8696 5.99 0.91
354.6102 42.5115 6.91 0.03
354.6423 35.0332 7.06 0.12
354.6820 -62.8855 6.63 0.93
354.7046 62.1350 6.59 0.52
354.7062 23.3083 7.14 0.49
354.7320 -45.6119 7.03 0.30
354.7847 50.4717 5.35 -0.06
354.7923 75.2929 5.95 0.12
354.8373 77.6323 3.21 1.03
354.8382 74.0026 5.98 0.89
354.8664 -46.6378 6.07 0.24
354.8790 28.2465 7.04 0.66
354.9050 -72.7222 7.09 0.99
354.9212 -66.2537 6.92 1.41
354.9232 -22.5334 7.29 0.12
354.9461 -14.2222 4.97 0.26
354.9533 75.7515 7.31 0.38
354.9602 34.9554 7.11 0.15
354.9637 -32.7434 7.18 0.80
354.9704 63.7254 6.85 0.10
354.9793 9.6773 5.99 0.21
354.9877 5.6263 4.13 0.51
354.9995 -47.3265 6.94 1.03
355.0045 27.5150 6.66 1.03
355.0118 37.6526 6.49 0.35
355.0684 18.2143 7.13 0.99
355.0755 4.8065 7.44 1.60
355.1020 44.3339 4.15 -0.07
355.1590 -32.0731 5.30 0.96
355.1677 0.4160 7.40 1.17
355.1692 36.7208 6.24 0.42
355.1926 52.5605 7.46 0.97
355.2030 -7.9142 7.15 0.48
355.2118 -56.4207 7.50 0.08
355.2534 57.8387 7.22 0.19
355.2691 41.8506 6.85 1.42
355.2728 46.2183 6.97 0.48
355.2791 -24.1605 6.61 1.59
355.2847 -32.0713 7.11 0.67
355.2871 -11.6807 5.89 0.98
355.3063 75.5825 7.33 1.04
355.3232 32.5611 7.44 0.08
355.3258 2.4676 7.45 1.33
355.3343 46.8601 7.42 -0.05
355.3616 49.5124 6.26 0.18
355.3734 40.5545 6.92 0.55
355.3937 -18.0271 5.36 1.58
355.4409 -17.8165 4.82 0.82
355.4773 57.2600 6.24 1.02
355.4862 7.2505 5.89 0.10
355.4884 -42.2688 7.11 1.02
355.5117 1.7800 4.49 0.20
355.5595 44.7554 6.99 0.28
355.5611 44.9917 6.43 1.50
355.5873 64.5154 6.52 1.88
355.6071 -61.0618 7.16 1.09
355.6159 -15.4480 5.27 1.34
355.6305 18.6665 7.23 1.05
355.6309 61.6794 6.40 1.25
355.6806 -14.5449 4.49 -0.03
355.6827 16.3357 6.30 0.97
355.6992 -11.3285 7.21 1.00
355.7593 -29.0440 7.23 1.47
355.7710 51.9393 6.44 1.03
355.7736 53.1526 6.63 -0.02
355.7747 -46.3121 6.63 0.90
355.7799 -36.7850 7.45 0.30
355.7818 34.7465 7.03 1.17
355.8205 -70.8181 7.35 0.83
355.8432 10.3315 5.09 1.69
355.8440 -33.0827 7.16 1.08
355.8618 58.0803 7.14 0.65
355.9568 -61.7298 7.47 1.61
355.9657 -33.4278 6.95 0.49
355.9750 -45.4626 6.84 1.22
355.9978 29.3615 4.93 0.94
356.0052 -45.0831 6.08 0.98
356.0469 -40.6859 7.48 1.44
356.0501 -64.4045 5.73 1.39
356.0503 -18.2769 5.24 -0.08
356.0692 36.3389 7.47 0.55
356.0729 -64.3397 7.09 1.15
356.0799 -54.4361 7.42 1.42
356.0952 55.2064 7.17 1.41
356.1048 -70.4902 6.06 0.91
356.1211 -26.2466 6.23 0.49
356.1354 -3.1754 7.26 0.56
356.1696 -78.7914 5.74 1.11
356.1893 43.7463 6.93 0.08
356.2016 55.7997 6.46 0.99
356.2039 7.1918 6.88 1.07
356.2361 69.7549 7.15 0.04
356.2502 -0.6603 7.07 1.55
356.2666 21.3898 6.76 1.46
356.3408 10.1798 6.54 0.17
356.3722 20.4154 6.56 0.50
356.4050 13.1527 7.12 0.39
356.4683 -14.7548 7.36 1.52
356.5038 -18.6783 5.28 0.30
356.5052 -40.1826 6.32 0.21
356.5085 46.4203 4.97 1.09
356.5171 50.6632 7.34 0.96
356.5335 60.4732 7.02 1.04
356.5765 9.7851 7.48 0.58
356.5980 3.4868 4.95 2.51
356.6063 28.7036 6.97 1.63
356.6368 -41.5819 7.33 0.23
356.6363 -44.8286 7.49 1.15
356.6404 64.3013 7.28 1.07
356.6421 -8.9969 7.23 0.55
356.6443 0.5300 7.18 0.95
356.6530 66.7822 5.95 -0.05
356.7117 -8.8969 7.31 1.01
356.7133 -55.8095 7.30 1.62
356.7184 28.4197 7.45 1.59
356.7195 54.8612 7.44 0.14
356.7346 51.2290 7.49 -0.03
356.7580 57.4514 5.55 1.63
356.7643 58.6520 4.88 1.12
356.8163 -11.9111 5.74 1.07
356.8166 -50.2265 5.18 -0.16
356.8372 -48.2756 6.89 0.66
356.8469 -71.3069 7.08 1.06
356.8471 -68.3940 6.89 0.46
356.8724 25.5795 6.78 1.23
356.8877 46.8326 6.08 -0.14
356.9163 -65.2406 7.38 0.31
356.9249 -0.7622 7.11 1.14
356.9282 71.4962 7.46 0.99
356.9367 4.2300 7.44 1.44
356.9490 -52.2044 7.36 0.98
356.9781 67.8068 5.05 0.01
356.9843 -13.9169 7.48 1.13
356.9846 -66.5674 6.73 0.45
356.9856 -2.7616 5.49 0.94
357.0262 63.8174 7.39 0.10
357.0289 -50.8910 6.88 0.92
357.0505 8.2456 6.66 0.32
357.0602 7.1632 6.89 0.99
357.1276 -18.8847 7.37 1.05
357.1311 25.6538 7.08 0.44
357.1353 -6.3804 6.09 1.45
357.1460 28.3710 7.03 1.58
357.1474 36.2745 6.95 0.80
357.1627 64.8765 6.41 0.06
357.2005 -47.6500 6.65 0.99
357.2057 2.2144 6.47 0.46
357.2091 62.2145 5.43 0.67
357.2247 59.9790 6.33 -0.01
357.2314 -28.1303 4.59 0.00
357.2326 -46.8421 6.97 1.58
357.2996 58.9632 6.36 0.41
357.3263 22.8545 7.07 0.09
357.3314 -27.8543 6.95 0.51
357.3582 -21.6140 7.01 1.23
357.3645 1.0761 5.77 0.17
357.3817 -15.8613 6.21 1.21
357.3825 -66.2576 7.21 0.53
357.4141 28.8424 5.95 0.19
357.4207 36.4253 5.86 0.81
357.4363 -62.8395 6.59 1.47
357.4566 -25.3313 6.44 0.10
357.4605 27.6807 7.01 0.35
357.4777 -42.3007 7.43 0.28
357.4792 -65.6412 7.02 0.40
357.4925 -61.1353 7.47 1.50
357.5250 -11.1032 6.78 0.41
357.5614 -9.9741 5.93 1.13
357.5925 51.6217 6.47 0.40
357.6018 63.7436 6.95 1.56
357.6120 -14.5791 6.68 1.37
357.6153 -14.9837 7.49 0.20
357.6260 17.6113 7.46 -0.03
357.6281 -13.1106 7.09 0.91
357.6387 -14.4015 5.70 1.49
357.6389 -69.0928 7.35 1.21
357.6426 -20.2332 7.20 0.22
357.6485 -47.3769 6.49 1.02
357.6582 54.1982 7.15 0.47
357.6940 -18.2924 7.07 1.15
357.7469 63.9849 6.81 0.07
357.7542 -48.6594 6.85 1.21
357.7783 2.2379 6.96 1.16
357.8277 40.1985 6.78 0.42
357.8385 9.3134 5.77 1.66
357.8389 -18.9092 5.17 -0.12
357.8876 42.0827 7.34 0.22
357.9140 -34.6916 6.70 0.97
357.9174 4.6979 6.82 1.48
357.9294 -40.8277 6.65 1.10
357.9439 -42.6729 7.20 1.18
357.9619 42.9098 6.82 1.01
357.9684 37.8912 6.95 0.43
357.9732 4.7454 6.79 0.13
357.9796 -33.1220 7.06 0.97
357.9878 77.5994 6.56 0.43
357.9910 2.9304 5.59 1.53
358.0114 -59.2016 7.47 1.09
358.0278 -82.0188 5.10 0.93
358.0703 61.8776 7.24 0.59
358.0975 21.6711 6.13 1.62
358.1030 75.5446 6.36 0.98
358.1185 -58.5502 7.20 0.31
358.1220 19.1203 5.06 1.59
358.1250 -14.2512 5.85 1.25
358.1546 10.9473 5.30 0.19
358.1591 -68.0237 7.45 0.95
358.1662 -18.5619 6.83 0.09
358.1675 21.7425 6.68 0.95
358.1703 -24.9852 6.77 1.30
358.1982 -12.0169 7.37 1.46
358.2084 48.4818 7.42 0.15
358.2105 -8.9968 5.76 1.17
358.2233 -58.8383 7.40 0.34
358.2315 -3.1555 5.93 1.07
358.2343 36.9543 6.52 0.57
358.2498 11.9243 7.28 0.31
358.2503 41.3457 6.94 1.67
358.2538 17.8998 6.57 1.41
358.2698 2.0906 6.29 -0.00
358.2702 60.7045 6.71 1.56
358.2957 31.9101 7.36 0.44
358.3368 -24.2293 6.23 0.19
358.3929 51.5226 6.78 0.98
358.4103 -20.5176 7.35 1.22
358.4163 -65.9471 6.64 0.59
358.4342 -29.3966 7.42 1.55
358.4415 -18.3648 7.36 0.86
358.4528 -83.0069 6.79 1.50
358.4583 60.8534 6.92 0.63
358.4689 44.5558 7.42 1.45
358.4760 17.9918 7.18 1.17
358.5084 56.4894 7.19 1.61
358.5124 -9.2899 7.21 1.58
358.5168 39.2825 6.62 0.68
358.5532 -59.5420 7.05 -0.05
358.5811 3.6779 7.30 1.14
358.5892 -27.0429 6.34 0.20
358.5960 57.4994 4.51 1.19
358.6607 -40.3001 6.03 0.57
358.6755 61.8389 7.22 0.63
358.6943 0.1093 5.78 1.47
358.6982 18.7468 6.92 1.43
358.7053 74.4101 6.59 0.02
358.7189 6.1070 7.35 1.14
358.7350 29.4756 6.77 -0.04
358.7358 -78.5052 7.49 1.22
358.7663 -9.4606 6.73 0.34
358.7806 47.7285 6.97 1.33
358.7825 7.0710 6.22 -0.07
358.8123 58.0891 7.38 1.11
358.8191 -31.9215 6.09 -0.09
358.8195 -31.8843 6.84 -0.08
358.8444 32.8920 7.38 1.31
358.8459 25.9550 6.52 1.49
358.8858 52.7356 6.61 1.20
358.8861 59.4155 7.28 1.13
358.8895 47.3558 6.01 1.17
358.8910 57.4122 6.03 0.15
358.9071 8.2233 6.84 -0.01
358.9081 46.3583 6.94 -0.07
358.9322 -53.8188 7.35 0.33
358.9352 -9.0620 7.27 0.82
358.9404 -13.1526 6.60 1.17
358.9485 48.2203 6.69 1.09
358.9534 -13.9666 7.30 0.50
358.9778 15.2303 6.45 1.56
358.9933 21.1659 6.75 0.32
359.0200 31.0779 7.47 0.41
359.0299 -21.9921 7.24 1.62
359.0303 -52.7881 7.03 0.99
359.0315 33.4875 7.08 -0.02
359.0362 -62.8724 7.07 0.28
359.0816 10.0122 7.36 0.22
359.1149 83.1911 6.57 0.06
359.1248 -24.7372 6.31 0.92
359.1729 22.6481 6.18 1.64
359.1822 -57.1484 7.41 0.97
359.1972 4.7251 6.87 0.33
359.2318 55.8403 6.56 1.15
359.2651 42.6582 6.01 0.71
359.2840 -26.6234 6.26 1.45
359.2853 55.7057 5.57 0.48
359.2921 -20.8336 6.45 0.98
359.3102 15.6099 7.44 1.36
359.3313 61.0262 6.63 1.64
359.3326 -62.9566 5.95 0.10
359.3701 -36.7056 7.39 1.25
359.3874 -82.1698 5.72 1.05
359.3897 60.0236 6.47 0.03
359.3959 -64.2982 5.00 0.06
359.4098 -33.1891 7.01 0.51
359.4397 25.1414 4.63 1.58
359.4425 11.4744 6.65 0.04
359.4468 57.1397 7.31 0.22
359.4699 -67.0061 7.42 0.47
359.4971 -38.9539 7.13 1.57
359.5285 50.4477 6.72 0.69
359.5794 19.6935 7.13 1.50
359.5881 35.0130 6.70 0.25
359.5884 -15.8475 6.28 1.08
359.5902 -63.0030 6.86 0.82
359.6295 -57.2808 6.69 0.79
359.6433 -14.1251 7.22 0.41
359.6682 -3.5560 4.88 0.93
359.6935 46.4132 6.55 -0.09
359.7051 32.3817 6.53 -0.13
359.7215 39.1111 7.26 0.35
359.7323 -52.7458 5.13 1.12
359.7522 55.7549 4.88 -0.07
359.7903 -42.2369 6.78 0.21
359.7997 53.5632 7.07 0.18
359.8114 50.5292 7.23 0.90
359.8279 6.8633 4.03 0.42
359.8662 57.6709 7.20 0.14
359.8662 -29.4852 5.59 1.60
359.8684 -20.0347 7.47 0.74
359.8721 33.7239 5.81 0.54
359.8766 86.7064 6.75 0.08
359.8805 -2.8438 7.12 0.32
359.8870 50.8326 7.19 -0.04
359.8960 -1.8499 7.49 0.34
359.9194 -5.8931 6.55 1.04
359.9421 -50.9993 7.28 1.04
359.9437 -0.2801 6.83 1.61
359.9492 11.2734 6.74 0.15
359.9637 11.6737 6.99 1.59
359.9789 -65.5771 4.49 -0.07
1.5592 58.4375 7.20 0.78
8.1847 -63.0312 6.00 0.55
8.8099 -3.5931 6.40 0.55
9.3357 -24.7666 6.40 0.55
18.9303 -68.8744 7.20 0.55
24.9450 -56.1946 5.80 0.86
39.8919 -11.8711 5.60 0.55
40.8228 3.2374 6.30 0.55
48.0177 -28.9864 6.70 0.55
53.0815 38.0630 7.28 0.55
66.0509 -57.0709 7.30 0.55
69.5432 -14.3022 7.30 0.55
70.0758 -58.9437 7.40 0.55
76.8634 18.6471 5.70 0.55
79.1689 46.0008 0.96 0.55
86.1089 -22.4202 6.13 0.94
104.3224 -35.5065 7.10 0.55
113.6524 31.8905 2.85 0.55
117.9412 -13.8961 6.17 0.65
129.7851 -22.6601 6.80 0.55
131.1741 -54.7081 5.00 0.55
135.1633 41.7836 6.18 0.65
138.0757 14.9967 7.30 0.55
139.3272 -68.6894 6.13 0.55
141.9442 -6.0701 6.60 0.55
142.2886 -2.7504 7.18 0.87
142.6765 -40.4656 4.65 0.55
146.0490 -27.7690 5.60 0.55
169.5468 31.5288 4.33 0.59
169.5468 31.5288 4.80 0.55
173.0911 61.0831 7.10 0.55
190.4126 -1.4492 3.52 0.55
195.9401 -20.5834 6.40 0.55
197.4958 17.5290 5.17 0.55
200.9849 54.9205 3.95 0.13
207.2298 -35.7050 6.57 0.55
221.5032 -25.4453 7.14 0.55
222.8473 19.0992 6.97 1.16
225.9487 47.6537 5.96 0.55
228.0368 -52.1087 6.69 0.50
228.4599 -1.3520 7.35 0.55
230.7995 30.2862 5.96 0.55
241.0916 -11.3746 4.84 0.45
241.0916 -11.3746 5.00 0.55
241.0915 -11.3727 7.30 0.75
243.3242 13.5268 7.50 0.55
243.6690 33.8567 6.72 0.55
250.3224 31.6012 5.40 0.55
256.3307 54.4691 5.63 0.47
257.5917 -15.7269 3.40 0.55
258.8360 -26.6032 5.07 0.85
259.7344 -34.9929 7.20 0.55
262.5976 -1.0647 6.20 0.55
270.7680 -8.1817 5.24 0.38
271.3649 2.4983 6.00 1.15
286.6027 -37.0647 5.00 0.55
288.0237 49.8549 6.57 0.65
316.1027 -19.8556 6.50 0.55
317.3391 -73.1759 6.40 0.55
318.6209 10.0061 5.40 0.55
318.6983 38.0452 6.42 0.60
319.9644 -53.4507 6.90 0.55
326.0326 28.7431 6.09 0.55
336.1218 -72.2570 6.10 0.55
336.6446 -16.7424 6.21 0.62
347.4796 -22.4574 5.90 0.55
78.3887 -8.1478 6.37 0.55
95.9071 -52.1811 5.98 0.55
96.2008 -52.8064 6.51 0.55
97.7921 17.4664 6.20 0.55
115.0292 16.9386 6.02 0.55
126.5758 -39.0603 7.25 0.55
161.2650 -59.6842 6.21 0.55
214.0175 18.9119 5.98 0.55
253.5492 -41.8503 6.45 0.55
268.4396 -34.7861 6.38 0.55
274.6804 -18.6194 6.84 0.55
0.5304 -14.6761 7.10 0.55
